Seq_ID,Protein_names,Protein_families,superkingdom,kingdom,phylum,class,order,family,genus,species,Uniprot_Entry,Gene_Names,Organism,Length,EC_number,RefSeq,AlphaFoldDB,PDB
C7N0Y4_SLAHD,Uncharacterized membrane protein,Peptidase S54 family,Bacteria,Bacillati,Actinomycetota,Coriobacteriia,Eggerthellales,Eggerthellaceae,Slackia,Slackiaheliotrinireducens,C7N0Y4,Shel_21960,Slackiaheliotrinireducens(strainATCC29202/DSM20476/NCTC11029/RHS1)(Peptococcusheliotrinreducens),267,,WP_012799306.1;,C7N0Y4;,
F8DCV9_HALXS,Rhomboid family protein,,Archaea,Methanobacteriati,Methanobacteriota,Halobacteria,Halobacteriales,Natrialbaceae,Halopiger,Halopigerxanaduensis,F8DCV9,Halxa_3822,Halopigerxanaduensis(strainDSM18323/JCM14033/SH-6),233,,WP_013881314.1;,F8DCV9;,
C7P1C2_HALMD,Rhomboid family protein,,Archaea,Methanobacteriati,Methanobacteriota,Halobacteria,Halobacteriales,Haloarculaceae,Halomicrobium,Halomicrobiummukohataei,C7P1C2,Hmuk_1002,Halomicrobiummukohataei(strainATCC700874/DSM12286/JCM9738/NCIMB13541)(Haloarculamukohataei),200,,,C7P1C2;,
A0A087SLN7_AUXPR,Rhomboid protease GluP,Peptidase S54 family,Eukaryota,Viridiplantae,Chlorophyta,Trebouxiophyceae,Chlorellales,Chlorellaceae,Auxenochlorella,,A0A087SLN7,F751_2228,Auxenochlorellaprotothecoides(Greenmicroalga)(Chlorellaprotothecoides),216,,XP_011399579.1;,A0A087SLN7;,
A0A0G0YMT9_9BACT,,,,,,,,,,,A0A0G0YMT9,,,,,,,
A9BNP8_DELAS,Rhomboid family protein,Peptidase S54 family,Bacteria,Bacteria,Pseudomonadota,Betaproteobacteria,Burkholderiales,Comamonadaceae,Delftia,Delftiaacidovorans,A9BNP8,Daci_5314,Delftiaacidovorans(strainDSM14801/SPH-1),496,,WP_012207112.1;,A9BNP8;,
D5BYL1_NITHN,Rhomboid family protein,Peptidase S54 family,Bacteria,Bacteria,Pseudomonadota,Gammaproteobacteria,Chromatiales,Chromatiaceae,Nitrosococcus,Nitrosococcushalophilus,D5BYL1,Nhal_2937,Nitrosococcushalophilus(strainNc4),227,,WP_013033850.1;,D5BYL1;,
D2REN6_ARCPA,Rhomboid family protein,Peptidase S54 family,Archaea,Methanobacteriati,Methanobacteriota,Archaeoglobi,Archaeoglobales,Archaeoglobaceae,Archaeoglobus,Archaeoglobusprofundus,D2REN6,Arcpr_1534,Archaeoglobusprofundus(strainDSM5631/JCM9629/NBRC100127/Av18),225,,WP_012940916.1;,D2REN6;,
H7F4I5_9LIST,,,Bacteria,Bacillati,Bacillota,Bacilli,Bacillales,Listeriaceae,Listeria,Listeria fleischmanii subsp. Coloradonensis,H7F4I5,,,,,,,
D2Q6Y1_BIFDB,Rhomboid family protein (EC 3.4.21.105),Peptidase S54 family,Bacteria,Bacillati,Actinomycetota,Actinomycetes,Bifidobacteriales,Bifidobacteriaceae,Bifidobacterium,Bifidobacteriumdentium,D2Q6Y1,BDP_0032,Bifidobacteriumdentium(strainATCC27534/DSM20436/JCM1195/Bd1),260,3.4.21.105,WP_003838065.1;,D2Q6Y1;,
F4KJF7_PORAD,Rhomboid family protein,Peptidase S54 family,Bacteria,Bacteria,Bacteroidota,Bacteroidia,Bacteroidales,Porphyromonadaceae,Porphyromonas,Porphyromonasasaccharolytica,F4KJF7,Poras_0650,Porphyromonasasaccharolytica(strainATCC25260/DSM20707/BCRC10618/CCUG7834/JCM6326/LMG13178/VPI4198/B440)(Bacteroidesasaccharolyticus),239,,WP_004330745.1;,F4KJF7;,
D6X1D9_TRICA,Protein rhomboid-like Protein,Peptidase S54 family,Eukaryota,Metazoa,Hexapoda,Neoptera,Cucujiformia,Tenebrionidae,Tribolium,,D6X1D9,AUGUSTUS-3.0.2_11604TcasGA2_TC011604,Triboliumcastaneum(Redflourbeetle),276,,XP_008198534.1;,D6X1D9;,
J2LHG9_9BURK,Putative membrane protein,Peptidase S54 family,Bacteria,Bacteria,Pseudomonadota,unclassifiedPolaromonas,Burkholderiales,Comamonadaceae,Polaromonas,,J2LHG9,PMI15_02072,Polaromonassp.CF318,488,,WP_007867739.1;,J2LHG9;,
B9LRE0_HALLT,Rhomboid family protein,,Archaea,Methanobacteriati,Methanobacteriota,Halobacteria,Halobacteriales,Haloferacaceae,Halorubrum,Halorubrumlacusprofundi,B9LRE0,Hlac_0158,Halorubrumlacusprofundi(strainATCC49239/DSM5036/JCM8891/ACAM34),186,,WP_012659405.1;,B9LRE0;,
V3ZX17_LOTGI,Peptidase S54 rhomboid domain-containing protein,Peptidase S54 family,Eukaryota,Metazoa,Mollusca,Patellogastropoda,,Lottiidae,Lottia,,V3ZX17,LOTGIDRAFT_107360,Lottiagigantea(Giantowllimpet),358,,XP_009062119.1;,V3ZX17;,
Q5L7Q6_BACFN,Transmembrane rhomboid family protein,Peptidase S54 family,Bacteria,Bacteria,Bacteroidota,Bacteroidia,Bacteroidales,Bacteroidaceae,Bacteroides,Bacteroidesfragilis,Q5L7Q6,BF9343_4113,Bacteroidesfragilis(strainATCC25285/DSM2151/CCUG4856/JCM11019/LMG10263/NCTC9343/Onslow/VPI2553/EN-2),224,,WP_005791187.1;,Q5L7Q6;,
A0A024QFA4_9BACI,Rhomboid protease GluP,Peptidase S54 family,Bacteria,Bacillati,Bacillota,Bacilli,Bacillales,Bacillaceae,Virgibacillus,,A0A024QFA4,gluP_2BN990_03260,Virgibacillusmassiliensis,257,,WP_021288594.1;,A0A024QFA4;,
W9EFW7_9LACO,GlpG protein (Membrane protein of glp regulon),Peptidase S54 family,Bacteria,Bacillati,Bacillota,Bacilli,Lactobacillales,Lactobacillaceae,Fructilactobacillus,Fructilactobacillusflorum,W9EFW7,B808_938,Fructilactobacillusflorum8D,222,,WP_035422222.1;,W9EFW7;,
A0A086YMY9_9FIRM,Protease,,Bacteria,Bacillati,Bacillota,unclassifiedPeptococcaceae,Eubacteriales,Peptococcaceae,,,A0A086YMY9,DK28_0204580,PeptococcaceaebacteriumSCADC1_2_3,221,,,A0A086YMY9;,
R7DEX5_9BACT,,,,,,,,,,,R7DEX5,,,,,,,
A0A0F3K5A7_9GAMM,Membrane protein,Peptidase S54 family,Bacteria,Bacteria,Pseudomonadota,Gammaproteobacteria,Lysobacterales,Rhodanobacteraceae,Luteibacter,,A0A0F3K5A7,VI08_18835,Luteibacteryeojuensis,217,,WP_045831177.1;,A0A0F3K5A7;,
A0A0G3GST8_9CORY,Putative membrane protein,Peptidase S54 family,Bacteria,Bacillati,Actinomycetota,Actinomycetes,Mycobacteriales,Corynebacteriaceae,Corynebacterium,,A0A0G3GST8,CEPID_00130,Corynebacteriumepidermidicanis,232,,WP_047239250.1;,A0A0G3GST8;,
E6J6J4_9ACTN,,,,,,,,,,,E6J6J4,,,,,,,
R5W0X9_9FIRM,,,Bacteria,,Bacillota,Clostridia,Eubacteriales,Lachnospiraceae,Coprococcus,Coprococcus eutactus,R5W0X9,,,,,,,
Q3IPJ8_NATPD,,,,,,,,,,,Q3IPJ8,,,,,,,
R5CBR3_9BACE,,,,,,,,,,,R5CBR3,,,,,,,
J7LJ61_NOCAA,Rhomboid family protein,Peptidase S54 family,Bacteria,Bacillati,Actinomycetota,Actinomycetes,Streptosporangiales,Nocardiopsidaceae,Nocardiopsis,Nocardiopsisalba,J7LJ61,B005_1909,Nocardiopsisalba(strainATCCBAA-2165/BE74),256,,,J7LJ61;,
Q9XA09_STRCO,Membrane protein,Peptidase S54 family,Bacteria,Bacillati,Actinomycetota,Actinomycetes,Kitasatosporales,Streptomycetaceae,Streptomyces,Streptomycescoelicolor,Q9XA09,SCO3855SCH69.25c,Streptomycescoelicolor(strainATCCBAA-471/A3(2)/M145),297,,NP_628043.1;WP_003975079.1;,Q9XA09;,
B9M642_GEODF,Rhomboid-related membrane protein,Peptidase S54 family,Bacteria,Bacteria,Thermodesulfobacteriota,Desulfuromonadia,Geobacterales,Geobacteraceae,Geotalea,Geotaleadaltonii,B9M642,Geob_1665,Geotaleadaltonii(strainDSM22248/JCM15807/FRC-32)(Geobacterdaltonii),313,,WP_012646752.1;,B9M642;,
A0A0A2N0Q5_9FLAO,Protease,Peptidase S54 family,Bacteria,Bacteria,Bacteroidota,Flavobacteriia,Flavobacteriales,Flavobacteriaceae,Flavobacterium,Flavobacteriumenshiense,A0A0A2N0Q5,Q767_01320,FlavobacteriumenshienseDK69,249,,,A0A0A2N0Q5;,
K9R753_9CYAN,Putative membrane protein,Peptidase S54 family,Bacteria,Bacillati,Cyanobacteriota,unclassifiedRivularia,Nostocales,Rivulariaceae,Rivularia,,K9R753,Riv7116_0756,Rivulariasp.PCC7116,248,,,K9R753;,
R5AW83_9BACT,Peptidase S54 rhomboid domain-containing protein,Peptidase S54 family,Bacteria,Bacteria,Bacteroidota,unclassifiedPrevotella,Bacteroidales,Prevotellaceae,Prevotella,,R5AW83,BN456_01779,Prevotellasp.CAG:1031,250,,,R5AW83;,
R2SXX9_9ENTE,Small hydrophobic molecule transporter,Peptidase S54 family,Bacteria,Bacillati,Bacillota,Bacilli,Lactobacillales,Enterococcaceae,Enterococcus,Enterococcushaemoperoxidus,R2SXX9,UAW_00287,EnterococcushaemoperoxidusATCCBAA-382,236,,WP_010760499.1;,R2SXX9;,
A0A099T491_9RHOB,Peptidase S54 rhomboid domain-containing protein,,Bacteria,Bacteria,Pseudomonadota,unclassifiedThalassobacter,Rhodobacterales,Roseobacteraceae,Thalassobacter,,A0A099T491,PM04_17025,Thalassobactersp.16PALIMAR09,249,,,A0A099T491;,
Q2IPS7_ANADE,Rhomboid-like protein,,Bacteria,Bacteria,Myxococcota,Myxococcia,Cystobacterineae,Anaeromyxobacteraceae,Anaeromyxobacter,Anaeromyxobacterdehalogenans,Q2IPS7,Adeh_1033,Anaeromyxobacterdehalogenans(strain2CP-C),198,,WP_011420091.1;,Q2IPS7;,
D7CJX5_SYNLT,Rhomboid family protein,Peptidase S54 family,Bacteria,Bacillati,Bacillota,Clostridia,Eubacteriales,Syntrophomonadaceae,Syntrophothermus,Syntrophothermuslipocalidus,D7CJX5,Slip_0303,Syntrophothermuslipocalidus(strainDSM12680/TGB-C1),213,,WP_013174491.1;,D7CJX5;,
F6AK84_PSEF1,"Peptidase S54, rhomboid domain protein",,Bacteria,Bacteria,Pseudomonadota,Gammaproteobacteria,Pseudomonadales,Pseudomonadaceae,Pseudomonas,Pseudomonasfulva,F6AK84,Psefu_1825,Pseudomonasfulva(strain12-X),289,,WP_013790929.1;,F6AK84;,
R5W908_9FIRM,,,Bacteria,,Bacillota,Erysipelotrichia,Erysipelotrichales,Coprobacillaceae,Coprobacillus,Coprobacillus,R5W908,,,,,,,
A0A0A7FZ81_9CLOT,Rhomboid family protein,Peptidase S54 family,Bacteria,Bacillati,Bacillota,Clostridia,Eubacteriales,Clostridiaceae,Clostridium,Clostridiumbaratii,A0A0A7FZ81,U729_109,Clostridiumbaratiistr.Sullivan,323,,WP_039310715.1;,A0A0A7FZ81;,
Q0RNE5_FRAAA,Putative integral membrane protein (Partial),Peptidase S54 family,Bacteria,Bacillati,Actinomycetota,Actinomycetes,Frankiales,Frankiaceae,Frankia,Frankiaalni,Q0RNE5,FRAAL2295,Frankiaalni(strainDSM45986/CECT9034/ACN14a),289,,WP_011603459.1;,Q0RNE5;,
E0TFK9_PARBH,Peptidase S54 rhomboid domain-containing protein,Peptidase S54 family,Bacteria,Bacteria,Pseudomonadota,Alphaproteobacteria,Parvularculales,Parvularculaceae,Parvularcula,Parvularculabermudensis,E0TFK9,PB2503_12659,Parvularculabermudensis(strainATCCBAA-594/HTCC2503/KCTC12087),240,,WP_013301543.1;,E0TFK9;,
F0Z2G1_9CLOT,Putative small hydrophobic molecule transporter protein,Peptidase S54 family,Bacteria,Bacillati,Bacillota,unclassifiedClostridium,Eubacteriales,Clostridiaceae,Clostridium,,F0Z2G1,HMPREF0240_03287,Clostridiumsp.D5,223,,,F0Z2G1;,
A4F5R4_SACEN,Rhomboid-like protein,Peptidase S54 family,Bacteria,Bacillati,Actinomycetota,Actinomycetes,Pseudonocardiales,Pseudonocardiaceae,Saccharopolyspora,Saccharopolysporaerythraea,A4F5R4,SACE_0035,Saccharopolysporaerythraea(strainATCC11635/DSM40517/JCM4748/NBRC13426/NCIMB8594/NRRL2338),259,,,A4F5R4;,
D8UHN4_VOLCA,Peptidase S54 rhomboid domain-containing protein,Peptidase S54 family,Eukaryota,Viridiplantae,Chlorophyta,Chlorophyceae,Chlamydomonadales,Volvocaceae,Volvox,Volvoxcarteri,D8UHN4,VOLCADRAFT_99376,Volvoxcarterif.nagariensis,373,,XP_002958174.1;,D8UHN4;,
R7M5Y3_9CLOT,,,,,,,,,,,R7M5Y3,,,,,,,
F6DTZ5_DESRL,Rhomboid family protein,Peptidase S54 family,Bacteria,Bacillati,Bacillota,Clostridia,Eubacteriales,Peptococcaceae,Desulforamulus,Desulforamulusruminis,F6DTZ5,Desru_0730,Desulforamulusruminis(strainATCC23193/DSM2154/NCIMB8452/DL)(Desulfotomaculumruminis),212,,,F6DTZ5;,
D1CHH6_THET1,Rhomboid family protein,,Bacteria,Bacillati,Chloroflexota,,,,Thermobaculum,Thermobaculumterrenum,D1CHH6,Tter_2298,Thermobaculumterrenum(strainATCCBAA-798/CCMEE7001/YNP1),230,,,D1CHH6;,
D8U0P0_VOLCA,Peptidase S54 rhomboid domain-containing protein,Peptidase S54 family,Eukaryota,Viridiplantae,Chlorophyta,Chlorophyceae,Chlamydomonadales,Volvocaceae,Volvox,Volvoxcarteri,D8U0P0,VOLCADRAFT_105418,Volvoxcarterif.nagariensis,399,,XP_002952281.1;,D8U0P0;,
G4H967_9BACL,Rhomboid family protein,Peptidase S54 family,Bacteria,Bacillati,Bacillota,Bacilli,Bacillales,Paenibacillaceae,Paenibacillus,Paenibacilluslactis,G4H967,PaelaDRAFT_0528,Paenibacilluslactis154,204,,WP_007127704.1;,G4H967;,
S0K662_9ENTE,,,,,,,,,,,S0K662,,,,,,,
L7WDX0_NONDD,Putative transmembrane rhomboid family protein,Peptidase S54 family,Bacteria,Bacteria,Bacteroidota,Flavobacteriia,Flavobacteriales,Flavobacteriaceae,Nonlabens,Nonlabensdokdonensis,L7WDX0,DDD_3009,Nonlabensdokdonensis(strainDSM17205/KCTC12402/DSW-6)(Donghaeanadokdonensis),211,,WP_015363632.1;,L7WDX0;,
E7NSM1_TREPH,,,,,,,,,,,E7NSM1,,,,,,,
Q6LHW3_PHOPR,Hypothetical rhomboid family protein,,Bacteria,Bacteria,Pseudomonadota,Gammaproteobacteria,Vibrionales,Vibrionaceae,Photobacterium,Photobacteriumprofundum,Q6LHW3,SEN0012PBPRB1245,Photobacteriumprofundum(strainSS9),185,,,Q6LHW3;,
Q2ILN8_ANADE,Rhomboid-like protein,Peptidase S54 family,Bacteria,Bacteria,Myxococcota,Myxococcia,Cystobacterineae,Anaeromyxobacteraceae,Anaeromyxobacter,Anaeromyxobacterdehalogenans,Q2ILN8,Adeh_2794,Anaeromyxobacterdehalogenans(strain2CP-C),360,,WP_011421846.1;,Q2ILN8;,
D7B8W6_NOCDD,Rhomboid family protein,Peptidase S54 family,Bacteria,Bacillati,Actinomycetota,Actinomycetes,Streptosporangiales,Nocardiopsidaceae,Nocardiopsis,Nocardiopsisdassonvilleisubsp.dassonvillei,D7B8W6,Ndas_5244,Nocardiopsisdassonvillei(strainATCC23218/DSM43111/CIP107115/JCM7437/KCTC9190/NBRC14626/NCTC10488/NRRLB-5397/IMRU509)(Actinomaduradassonvillei),306,,,D7B8W6;,
K0PWP6_9HYPH,Putative rhombiod family transmembrane protein,,Bacteria,Bacteria,Pseudomonadota,Alphaproteobacteria,Hyphomicrobiales,Rhizobiaceae,Rhizobium,Rhizobiummesoamericanum,K0PWP6,BN77_2899,RhizobiummesoamericanumSTM3625,255,,WP_007532752.1;,K0PWP6;,
I7L651_9LACO,Peptidase S54 rhomboid domain-containing protein,Peptidase S54 family,Bacteria,Bacillati,Bacillota,Bacilli,Lactobacillales,Lactobacillaceae,Lactobacillus,Lactobacillushominis,I7L651,BN55_00470,LactobacillushominisDSM23910=CRBIP24.179,227,,WP_008470712.1;,I7L651;,
I4VQQ3_9GAMM,Peptidase S54 rhomboid domain-containing protein,,Bacteria,Bacteria,Pseudomonadota,Gammaproteobacteria,Lysobacterales,Rhodanobacteraceae,Rhodanobacter,Rhodanobacterfulvus,I4VQQ3,UU9_08972,RhodanobacterfulvusJip2,202,,,I4VQQ3;,
A0A0D6JJ20_9HYPH,Rhomboid family protein,,Bacteria,Bacteria,Pseudomonadota,Alphaproteobacteria,Hyphomicrobiales,Hyphomicrobiaceae,Filomicrobium,,A0A0D6JJ20,YBN1229_v1_3083,CandidatusFilomicrobiummarinum,242,,WP_046478615.1;,A0A0D6JJ20;,
A0A0A7LLQ2_9BACT,Rhomboid family protein,Peptidase S54 family,Bacteria,Bacteria,Bacteroidota,unclassifiedHymenobacter,Cytophagales,Hymenobacteraceae,Hymenobacter,,A0A0A7LLQ2,PK28_05910,Hymenobactersp.DG25B,299,,WP_044512374.1;,A0A0A7LLQ2;,
A0A0G2DUY9_9PEZI,Putative phosphatidylinositol phospholipase c,Peptidase S54 family,Eukaryota,Dikarya,Pezizomycotina,Dothideomycetes,Botryosphaeriales,Botryosphaeriaceae,Diplodia,,A0A0G2DUY9,UCDDS831_g07943,Diplodiaseriata,260,,,A0A0G2DUY9;,
A8YWA8_LACH4,Membrane protein,,Bacteria,Bacillati,Bacillota,Bacilli,Lactobacillales,Lactobacillaceae,Lactobacillus,Lactobacillushelveticus,A8YWA8,lhv_1567,Lactobacillushelveticus(strainDPC4571),226,,WP_012212104.1;,A8YWA8;,
D2PQI3_KRIFD,Rhomboid family protein,Peptidase S54 family,Bacteria,Bacillati,Actinomycetota,Actinomycetes,Propionibacteriales,Kribbellaceae,Kribbella,Kribbellaflavida,D2PQI3,Kfla_0040,Kribbellaflavida(strainDSM17836/JCM10339/NBRC14399),246,,WP_012917727.1;,D2PQI3;,
B1XZU4_LEPCP,Rhomboid family protein,,Bacteria,Bacteria,Pseudomonadota,Betaproteobacteria,Burkholderiales,Sphaerotilaceae,Leptothrix,Leptothrixcholodnii,B1XZU4,Lcho_0665,Leptothrixcholodnii(strainATCC51168/LMG8142/SP-6)(Leptothrixdiscophora(strainSP-6)),200,,WP_012345702.1;,B1XZU4;,
A0A0G4EB91_VITBC,Peptidase S54 rhomboid domain-containing protein,Peptidase S54 family,Eukaryota,Eukaryota,,,,Vitrellaceae,Vitrella,Vitrellabrassicaformis,A0A0G4EB91,Vbra_4699,Vitrellabrassicaformis(strainCCMP3155),324,,,A0A0G4EB91;,
G0MEK4_CAEBE,CBN-ROM-1 protein,Peptidase S54 family,Eukaryota,Metazoa,Nematoda,Chromadorea,Rhabditomorpha,Peloderinae,Caenorhabditis,,G0MEK4,Cbn-rom-1CAEBREN_19420,Caenorhabditisbrenneri(Nematodeworm),356,,,G0MEK4;,
L0AKH0_NATGS,Membrane protein (Rhomboid family intramembrane serine protease) (Rhomboid family protein),,Archaea,Methanobacteriati,Methanobacteriota,Halobacteria,Halobacteriales,Natrialbaceae,Natronobacterium,Natronobacteriumgregoryi,L0AKH0,Natgr_3165C490_15939CYV19_00530,Natronobacteriumgregoryi(strainATCC43098/DSM3393/CCM3738/CIP104747/IAM13177/JCM8860/NBRC102187/NCIMB2189/SP2),213,,WP_005580985.1;,L0AKH0;,
K6YBA9_9ALTE,GlpG protein,Peptidase S54 family,Bacteria,Bacteria,Pseudomonadota,Gammaproteobacteria,Alteromonadales,Alteromonadaceae,Aliiglaciecola,Aliiglaciecolalipolytica,K6YBA9,glpGGLIP_2851,AliiglaciecolalipolyticaE3,299,,WP_008845277.1;,K6YBA9;,
F0YMN8_AURAN,Peptidase S54 rhomboid domain-containing protein,Peptidase S54 family,Eukaryota,Eukaryota,,Pelagophyceae,Pelagomonadales,Pelagomonadaceae,Aureococcus,,F0YMN8,AURANDRAFT_16103,Aureococcusanophagefferens(Harmfulbloomalga),141,,XP_009041676.1;,F0YMN8;,
D8RPT3_SELML,RHOMBOID-like protein (EC 3.4.21.105),Peptidase S54 family,Eukaryota,Viridiplantae,Streptophytina,Lycopodiopsida,Selaginellales,Selaginellaceae,Selaginella,,D8RPT3,SELMODRAFT_98870,Selaginellamoellendorffii(Spikemoss),286,3.4.21.105,XP_002973164.1;,D8RPT3;,
R5A1G2_9CLOT,,,,,,,,,,,R5A1G2,,,,,,,
E5SG22_TRISP,,,,,,,,,,,E5SG22,,,,,,,
F9ED49_9ACTO,Rhomboid family protein,Peptidase S54 family,Bacteria,Bacillati,Actinomycetota,unclassifiedActinomyces,Actinomycetales,Actinomycetaceae,Actinomyces,Actinomycessp.oraltaxon448,F9ED49,HMPREF9062_0371,Actinomycessp.oraltaxon448str.F0400,280,,WP_009748274.1;,F9ED49;,
D4IXD7_BUTFI,,,,,,,,,,,D4IXD7,,,,,,,
A0A075JTP6_9BACI,Peptidase S54 rhomboid domain-containing protein,Peptidase S54 family,Bacteria,Bacillati,Bacillota,unclassifiedVirgibacillus,Bacillales,Bacillaceae,Virgibacillus,,A0A075JTP6,X953_09860,Virgibacillussp.SK37,514,,WP_040955314.1;,A0A075JTP6;,
R6C542_9CLOT,Peptidase S54 rhomboid domain-containing protein,Peptidase S54 family,Bacteria,Bacillati,Bacillota,unclassifiedClostridium,Eubacteriales,Clostridiaceae,Clostridium,,R6C542,BN687_00259,Clostridiumsp.CAG:510,201,,,R6C542;,
L1J379_GUITC,Peptidase S54 rhomboid domain-containing protein,Peptidase S54 family,Eukaryota,Eukaryota,,Cryptophyceae,Pyrenomonadales,Geminigeraceae,Guillardia,Guillardiatheta,L1J379,GUITHDRAFT_88083,Guillardiatheta(strainCCMP2712)(Cryptophyte),241,,XP_005829530.1;,L1J379;,
D1C4P5_SPHTD,Rhomboid family protein,Peptidase S54 family,Bacteria,Bacteria,Thermomicrobiota,Thermomicrobia,Sphaerobacterineae,Sphaerobacteraceae,Sphaerobacter,Sphaerobacterthermophilus,D1C4P5,Sthe_1778,Sphaerobacterthermophilus(strainATCC49802/DSM20745/KCCM41009/NCIMB13125/S6022),245,,WP_012872258.1;,D1C4P5;,
B9D570_CAMRE,"Peptidase, S54 family (EC 3.4.21.-)",,Bacteria,Bacteria,Campylobacterota,Epsilonproteobacteria,Campylobacterales,Campylobacteraceae,Campylobacter,Campylobacterrectus,B9D570,CAMRE0001_1073,CampylobacterrectusRM3267,177,3.4.21.-,WP_004320688.1;,B9D570;,
A4J8K1_DESRM,Rhomboid family protein,,Bacteria,Bacillati,Bacillota,Clostridia,Eubacteriales,Peptococcaceae,Desulforamulus,Desulforamulusreducens,A4J8K1,Dred_2900,Desulforamulusreducens(strainATCCBAA-1160/DSM100696/MI-1)(Desulfotomaculumreducens),215,,WP_011879197.1;,A4J8K1;,
E2CFZ2_9HYPH,Rhomboid family protein,Peptidase S54 family,Bacteria,Bacteria,Pseudomonadota,unclassifiedRoseibium,Hyphomicrobiales,Stappiaceae,Roseibium,,E2CFZ2,TRICHSKD4_2129,Roseibiumsp.TrichSKD4,226,,WP_009467269.1;,E2CFZ2;,
U5L4T8_9BACI,Membrane protein,Peptidase S54 family,Bacteria,Bacillati,Bacillota,Bacilli,Bacillales,Bacillaceae,Bacillus,Bacillusinfantis,U5L4T8,N288_01495,BacillusinfantisNRRLB-14911,196,,WP_009795780.1;,U5L4T8;,
U1NP07_ASCSU,,,,,,,,,,,U1NP07,,,,,,,
R6Y7K7_9CLOT,,,,,,,,,,,R6Y7K7,,,,,,,
A4C7C4_9GAMM,Putative GlpG protein,Peptidase S54 family,Bacteria,Bacteria,Pseudomonadota,Gammaproteobacteria,Alteromonadales,Pseudoalteromonadaceae,Pseudoalteromonas,Pseudoalteromonastunicata,A4C7C4,PTD2_13699,PseudoalteromonastunicataD2,271,,WP_009837751.1;,A4C7C4;,
E0VJ88_PEDHC,Rhomboid-like protein,Peptidase S54 family,Eukaryota,Metazoa,Hexapoda,Neoptera,Anoplura,Pediculidae,Pediculus,Pediculushumanus,E0VJ88,8230716Phum_PHUM240580,Pediculushumanussubsp.corporis(Bodylouse),367,,XP_002426182.1;,E0VJ88;,
R2PXD7_9ENTE,Peptidase S54 rhomboid domain-containing protein,Peptidase S54 family,Bacteria,Bacillati,Bacillota,Bacilli,Lactobacillales,Enterococcaceae,Enterococcus,Enterococcusasini,R2PXD7,UAS_00671,EnterococcusasiniATCC700915,232,,WP_010753322.1;,R2PXD7;,
I0DTP6_PROSM,,,,,,,,,,,I0DTP6,,,,,,,
Q04FD6_OENOB,Membrane-associated serine protease,Peptidase S54 family,Bacteria,Bacillati,Bacillota,Bacilli,Lactobacillales,Lactobacillaceae,Oenococcus,Oenococcusoeni,Q04FD6,OEOE_0919,Oenococcusoeni(strainATCCBAA-331/PSU-1),236,,,Q04FD6;,
F9Q9F3_9PAST,"Peptidase, S54 family (EC 3.4.21.-)",Peptidase S54 family,Bacteria,Bacteria,Pseudomonadota,Gammaproteobacteria,Pasteurellales,Pasteurellaceae,Haemophilus,Haemophiluspittmaniae,F9Q9F3,HMPREF9952_0656,HaemophiluspittmaniaeHK85,280,3.4.21.-,,F9Q9F3;,
E1STE3_FERBD,Rhomboid family protein,,Bacteria,Bacteria,Pseudomonadota,Gammaproteobacteria,Alteromonadales,Ferrimonadaceae,Ferrimonas,Ferrimonasbalearica,E1STE3,Fbal_2975,Ferrimonasbalearica(strainDSM9799/CCM4581/KCTC23876/PAT),348,,,E1STE3;,
D4YSE3_9LACO,"Peptidase, S54 family (EC 3.4.21.-)",Peptidase S54 family,Bacteria,Bacillati,Bacillota,Bacilli,Lactobacillales,Lactobacillaceae,Lactobacillus,Lactobacillusamylolyticus,D4YSE3,HMPREF0493_0421,LactobacillusamylolyticusDSM11664,226,3.4.21.-,WP_006351575.1;,D4YSE3;,
A3QJD0_SHELP,Rhomboid family protein,,Bacteria,Bacteria,Pseudomonadota,Gammaproteobacteria,Alteromonadales,Shewanellaceae,Shewanella,Shewanellaloihica,A3QJD0,Shew_3712,Shewanellaloihica(strainATCCBAA-1088/PV-4),278,,WP_011867506.1;,A3QJD0;,
D3SYA7_NATMM,Rhomboid family protein,,Archaea,Methanobacteriati,Methanobacteriota,Halobacteria,Halobacteriales,Natrialbaceae,Natrialba,Natrialbamagadii,D3SYA7,Nmag_2518C500_07803,Natrialbamagadii(strainATCC43099/DSM3394/CCM3739/CIP104546/IAM13178/JCM8861/NBRC102185/NCIMB2190/MS3)(Natronobacteriummagadii),225,,WP_004215302.1;,D3SYA7;,
A1R0T5_PAEAT,Putative rhomboid family membrane protein,Peptidase S54 family,Bacteria,Bacillati,Actinomycetota,Actinomycetes,Micrococcales,Micrococcaceae,Paenarthrobacter,Paenarthrobacteraurescens,A1R0T5,AAur_0017,Paenarthrobacteraurescens(strainTC1),284,,,A1R0T5;,
I3BWD9_THINJ,,,,,,,,,,,I3BWD9,,,,,,,
A0A0B2X439_METAS,Rhomboid family protein,Peptidase S54 family,Eukaryota,Dikarya,Pezizomycotina,Hypocreomycetidae,Hypocreales,Clavicipitaceae,Metarhizium,Metarhiziumalbum,A0A0B2X439,MAM_01999,Metarhiziumalbum(strainARSEF1941),533,,,A0A0B2X439;,
R5QV23_9FIRM,,,Bacteria,,Bacillota,Erysipelotrichia,Erysipelotrichales,Coprobacillaceae,,,R5QV23,,,,,,,
A3DEA1_ACET2,Rhomboid family protein,Peptidase S54 family,Bacteria,Bacillati,Bacillota,Clostridia,Eubacteriales,Oscillospiraceae,Acetivibrio,Acetivibriothermocellus,A3DEA1,Cthe_1048,Acetivibriothermocellus(strainATCC27405/DSM1237/JCM9322/NBRC103400/NCIMB10682/NRRLB-4536/VPI7372)(Clostridiumthermocellum),511,,WP_003515650.1;,A3DEA1;,
B7FT28_PHATC,Peptidase S54 rhomboid domain-containing protein,Peptidase S54 family,Eukaryota,Eukaryota,Bacillariophyta,Bacillariophyceae,Naviculales,Phaeodactylaceae,Phaeodactylum,Phaeodactylumtricornutum,B7FT28,PHATRDRAFT_43673,Phaeodactylumtricornutum(strainCCAP1055/1),304,,XP_002177764.1;,B7FT28;,
R7Y2N3_9ACTN,Rhomboid family protein,Peptidase S54 family,Bacteria,Bacillati,Actinomycetota,unclassifiedNocardioides,Propionibacteriales,Nocardioidaceae,Nocardioides,,R7Y2N3,CF8_0011,Nocardioidessp.CF8,276,,,R7Y2N3;,
R5NJL2_9BACT,,,,,,,,,,,R5NJL2,,,,,,,
Q1GFY7_RUEST,Rhomboid-like protein,Peptidase S54 family,Bacteria,Bacteria,Pseudomonadota,unclassifiedRuegeria,Rhodobacterales,Roseobacteraceae,Ruegeria,,Q1GFY7,TM1040_1696,Ruegeriasp.(strainTM1040)(Silicibactersp.),256,,WP_011539024.1;,Q1GFY7;,
H5USU8_9MICO,Rhomboid family protein,Peptidase S54 family,Bacteria,Bacillati,Actinomycetota,Actinomycetes,Micrococcales,Dermatophilaceae,Mobilicoccus,Mobilicoccuspelagius,H5USU8,MOPEL_083_00110,MobilicoccuspelagiusNBRC104925,354,,,H5USU8;,
H4GI42_9LACO,Rhomboid family protein,Peptidase S54 family,Bacteria,Bacillati,Bacillota,Bacilli,Lactobacillales,Lactobacillaceae,Limosilactobacillus,Limosilactobacillusgastricus,H4GI42,PS3_9741,LimosilactobacillusgastricusPS3,221,,WP_007121726.1;,H4GI42;,
B9LTR7_HALLT,AN1-type Zinc finger protein,,Archaea,Methanobacteriati,Methanobacteriota,Halobacteria,Halobacteriales,Haloferacaceae,Halorubrum,Halorubrumlacusprofundi,B9LTR7,Hlac_0599,Halorubrumlacusprofundi(strainATCC49239/DSM5036/JCM8891/ACAM34),321,,WP_012659834.1;,B9LTR7;,
A9F7H2_SORC5,Peptidase S54 rhomboid domain-containing protein,Peptidase S54 family,Bacteria,Bacteria,Myxococcota,Polyangia,Polyangiales,Polyangiaceae,Sorangium,Sorangiumcellulosum,A9F7H2,sce1379,Sorangiumcellulosum(strainSoce56)(Polyangiumcellulosum(strainSoce56)),565,,WP_012234014.1;,A9F7H2;,
K9ZNT8_ANACC,"Peptidase S54, rhomboid domain protein",Peptidase S54 family,Bacteria,Bacillati,Cyanobacteriota,Cyanophyceae,Nostocales,Nostocaceae,Anabaena,Anabaenacylindrica,K9ZNT8,Anacy_4644,Anabaenacylindrica(strainATCC27899/PCC7122),247,,,K9ZNT8;,
I0KWU8_9ACTN,Peptidase S54 rhomboid domain-containing protein,Peptidase S54 family,Bacteria,Bacillati,Actinomycetota,Actinomycetes,Micromonosporales,Micromonosporaceae,Micromonospora,Micromonosporalupini,I0KWU8,MILUP08_40956,Micromonosporalupinistr.Lupac08,217,,WP_007455636.1;,I0KWU8;,
A3SLQ8_ROSNI,Rhomboid family protein,,Bacteria,Bacteria,Pseudomonadota,Alphaproteobacteria,Rhodobacterales,Roseobacteraceae,Roseovarius,Roseovariusnubinhibens,A3SLQ8,ISM_08330,Roseovariusnubinhibens(strainATCCBAA-591/DSM15170/ISM),257,,WP_009813689.1;,A3SLQ8;,
A6CSA4_9BACI,,,,,,,,,,,A6CSA4,,,,,,,
C0CUP2_9FIRM,"Peptidase, S54 family (EC 3.4.21.-)",Peptidase S54 family,Bacteria,Bacillati,Bacillota,Clostridia,Lachnospirales,Lachnospiraceae,Enterocloster,Enteroclosterasparagiformis,C0CUP2,CLOSTASPAR_00734,[Clostridium]asparagiformeDSM15981,193,3.4.21.-,,C0CUP2;,
A0A067QSR2_ZOONE,Rhomboid-related protein 3,Peptidase S54 family,Eukaryota,Metazoa,Hexapoda,Neoptera,Blattodea,Termopsinae,Zootermopsis,,A0A067QSR2,L798_14139,Zootermopsisnevadensis(Dampwoodtermite),376,,,A0A067QSR2;,
F8L598_SIMNZ,Peptidase S54 rhomboid domain-containing protein,Peptidase S54 family,Bacteria,Bacteria,Chlamydiota,Chlamydiia,Parachlamydiales,Simkaniaceae,Simkania,Simkanianegevensis,F8L598,SNE_A01030,Simkanianegevensis(strainATCCVR-1471/DSM27360/Z),336,,WP_013942448.1;,F8L598;,
B1XNG7_PICP2,"Conserved, probable membrane protein, rhomboid family",Peptidase S54 family,Bacteria,Bacillati,Cyanobacteriota,unclassifiedPicosynechococcus,Chroococcales,Geminocystaceae,Picosynechococcus,,B1XNG7,SYNPCC7002_A0335,Picosynechococcussp.(strainATCC27264/PCC7002/PR-6)(Agmenellumquadruplicatum),550,,,B1XNG7;,
W1QCK7_OGAPD,Peptidase S54 rhomboid domain-containing protein,Peptidase S54 family,Eukaryota,Dikarya,Saccharomycotina,Pichiomycetes,Pichiales,Pichiaceae,Ogataea,Ogataeaparapolymorpha,W1QCK7,HPODL_05297,Ogataeaparapolymorpha(strainATCC26012/BCRC20466/JCM22074/NRRLY-7560/DL-1)(Yeast)(Hansenulapolymorpha),301,,XP_013933537.1;,W1QCK7;,
G8LXJ6_ACECE,Putative membrane protein,,Bacteria,Bacillati,Bacillota,Clostridia,Eubacteriales,Oscillospiraceae,Acetivibrio,Acetivibrioclariflavus,G8LXJ6,Clocl_1030,Acetivibrioclariflavus(strainDSM19732/NBRC101661/EBR45)(Clostridiumclariflavum),188,,WP_014254325.1;,G8LXJ6;,
H1Y0L7_9SPHI,Rhomboid family protein,Peptidase S54 family,Bacteria,Bacteria,Bacteroidota,Sphingobacteriia,Sphingobacteriales,Sphingobacteriaceae,Mucilaginibacter,Mucilaginibacterpaludis,H1Y0L7,Mucpa_4394,MucilaginibacterpaludisDSM18603,288,,WP_008509332.1;,H1Y0L7;,
F0ZMQ5_DICPU,Peptidase S54 rhomboid domain-containing protein,Peptidase S54 family,Eukaryota,Eukaryota,Evosea,Eumycetozoa,Dictyosteliales,Dictyosteliaceae,Dictyostelium,,F0ZMQ5,DICPUDRAFT_98105,Dictyosteliumpurpureum(Slimemold),382,,XP_003288701.1;,F0ZMQ5;,
A0A0A2ELT1_PORCN,Membrane protein,Peptidase S54 family,Bacteria,Bacteria,Bacteroidota,Bacteroidia,Bacteroidales,Porphyromonadaceae,Porphyromonas,,A0A0A2ELT1,HQ35_09280,Porphyromonascangingivalis,216,,WP_036852710.1;,A0A0A2ELT1;,
F8KVW2_PARAV,Uncharacterized protein,Peptidase S54 family,Bacteria,Bacteria,Chlamydiota,Chlamydiia,Parachlamydiales,Parachlamydiaceae,Parachlamydia,Parachlamydiaacanthamoebae,F8KVW2,PUV_03060,Parachlamydiaacanthamoebae(strainUV7),393,,WP_006340501.1;,F8KVW2;,
A0A072NZJ4_9EURO,Rhomboid-type serine protease (EC 3.4.21.105),Peptidase S54 family,Eukaryota,Dikarya,Pezizomycotina,Chaetothyriomycetidae,Chaetothyriales,Herpotrichiellaceae,Exophiala,Exophialaaquamarina,A0A072NZJ4,A1O9_10954,ExophialaaquamarinaCBS119918,519,3.4.21.105,XP_013255636.1;,A0A072NZJ4;,
A0A0F2TG56_STRR3,Peptidase S54 rhomboid domain-containing protein,Peptidase S54 family,Bacteria,Bacillati,Actinomycetota,Actinomycetes,Kitasatosporales,Streptomycetaceae,Streptomyces,,A0A0F2TG56,VM95_19650,Streptomycesrubellomurinus(strainATCC31215),280,,,A0A0F2TG56;,
M5A0C6_9ACTN,,,,,,,,,,,M5A0C6,,,,,,,
M5XMJ2_PRUPE,,,,,,,,,,,M5XMJ2,,,,,,,
G5JWC6_9STRE,"Peptidase, S54 family (EC 3.4.21.-)",Peptidase S54 family,Bacteria,Bacillati,Bacillota,Bacilli,Lactobacillales,Streptococcaceae,Streptococcus,Streptococcusmacacae,G5JWC6,STRMA_1872,StreptococcusmacacaeNCTC11558,221,3.4.21.-,WP_003081543.1;,G5JWC6;,
A8FF69_BACP2,Peptidase S54,Peptidase S54 family,Bacteria,Bacillati,Bacillota,Bacilli,Bacillales,Bacillaceae,Bacillus,Bacilluspumilus,A8FF69,BPUM_2217,Bacilluspumilus(strainSAFR-032),512,,WP_012010577.1;,A8FF69;,
A0A0A2USC4_9BACL,,,,,,,,,,,A0A0A2USC4,,,,,,,
D2QSC8_SPILD,Rhomboid family protein,Peptidase S54 family,Bacteria,Bacteria,Bacteroidota,Cytophagia,Cytophagales,Cytophagaceae,Spirosoma,Spirosomalinguale,D2QSC8,Slin_5745,Spirosomalinguale(strainATCC33905/DSM74/LMG10896/Claus1),207,,,D2QSC8;,
Q47KC1_THEFY,Rhomboid family protein,Peptidase S54 family,Bacteria,Bacillati,Actinomycetota,Actinomycetes,Streptosporangiales,Nocardiopsidaceae,Thermobifida,Thermobifidafusca,Q47KC1,Tfu_3068,Thermobifidafusca(strainYX),298,,,Q47KC1;,
L0A4K5_DEIPD,Putative membrane protein,Peptidase S54 family,Bacteria,Bacteria,Deinococcota,Deinococci,Deinococcales,Deinococcaceae,Deinococcus,Deinococcusperaridilitoris,L0A4K5,Deipe_2489,Deinococcusperaridilitoris(strainDSM19664/LMG22246/CIP109416/KR-200),215,,WP_015236262.1;,L0A4K5;,
B8HEW3_PSECP,Rhomboid family protein,,Bacteria,Bacillati,Actinomycetota,Actinomycetes,Micrococcales,Micrococcaceae,Pseudarthrobacter,Pseudarthrobacterchlorophenolicus,B8HEW3,Achl_1238,Pseudarthrobacterchlorophenolicus(strainATCC700700/DSM12829/CIP107037/JCM12360/KCTC9906/NCIMB13794/A6)(Arthrobacterchlorophenolicus),211,,WP_015936452.1;,B8HEW3;,
D3SLU3_THEAH,Rhomboid family protein,Peptidase S54 family,Bacteria,Bacteria,Aquificota,Aquificia,Aquificales,Aquificaceae,Thermocrinis,Thermocrinisalbus,D3SLU3,Thal_1091,Thermocrinisalbus(strainDSM14484/JCM11386/HI11/12),218,,WP_012992129.1;,D3SLU3;,
A0A0F6QU57_9CORY,Putative membrane protein,Peptidase S54 family,Bacteria,Bacillati,Actinomycetota,Actinomycetes,Mycobacteriales,Corynebacteriaceae,Corynebacterium,,A0A0F6QU57,UL81_00165,Corynebacteriumcamporealensis,210,,WP_035106098.1;,A0A0F6QU57;,
W5X0S4_BDEBC,,,Bacteria,Bacteria,Bdellovibrionota,Bdellovibrionia,Bdellovibrionales,Bdellovibrionaceae,Bdellovibrio,Bdellovibrio bacteriovorus,W5X0S4,,,,,,,
Q1K039_DESA6,Rhomboid-like protein,Peptidase S54 family,Bacteria,Bacteria,Thermodesulfobacteriota,Desulfuromonadia,Desulfuromonadales,Desulfuromonadaceae,Desulfuromonas,Desulfuromonasacetoxidans,Q1K039,Dace_2403,Desulfuromonasacetoxidans(strainDSM684/11070),397,,WP_006000075.1;,Q1K039;,
A0A0B5E0K1_9RHOB,Rhomboid family protein,,Bacteria,Bacteria,Pseudomonadota,Alphaproteobacteria,Rhodobacterales,Roseobacteraceae,Celeribacter,,A0A0B5E0K1,P73_1282,Celeribacterindicus,248,,WP_043868964.1;,A0A0B5E0K1;,
A0A068RGD8_9FUNG,Rhomboid-type serine protease (EC 3.4.21.105),Peptidase S54 family,Eukaryota,Fungi,Mucoromycotina,Mucoromycetes,Mucorales,Lichtheimiaceae,Lichtheimia,Lichtheimiacorymbifera,A0A068RGD8,LCOR_00488.1,LichtheimiacorymbiferaJMRC:FSU:9682,521,3.4.21.105,,A0A068RGD8;,
M2XZN9_GALSU,Peptidase S54 rhomboid domain-containing protein,Peptidase S54 family,Eukaryota,Eukaryota,Rhodophyta,Bangiophyceae,Galdieriales,Galdieriaceae,Galdieria,,M2XZN9,Gasu_35020,Galdieriasulphuraria(Redalga),195,,XP_005705633.1;,M2XZN9;,
A0Z5Z9_9GAMM,GlpG protein,Peptidase S54 family,Bacteria,Bacteria,Pseudomonadota,unclassifiedHalieaceae,Cellvibrionales,Halieaceae,,,A0Z5Z9,MGP2080_13583,marinegammaproteobacteriumHTCC2080,208,,,A0Z5Z9;,
A0A0N0K2T5_9PROT,Peptidase S54 rhomboid domain-containing protein,,Bacteria,Bacteria,Pseudomonadota,unclassifiedAlphaproteobacteria,,,,,A0A0N0K2T5,IP88_05155,alphaproteobacteriumAAP81b,203,,,A0A0N0K2T5;,
C0GDH9_DETAL,Rhomboid family protein,,Bacteria,Bacillati,Bacillota,Dethiobacteria,Dethiobacterales,Dethiobacteraceae,Dethiobacter,Dethiobacteralkaliphilus,C0GDH9,DealDRAFT_0630,DethiobacteralkaliphilusAHT1,222,,WP_008514786.1;,C0GDH9;,
R6GQF3_9FIRM,,,,,,,,,,,R6GQF3,,,,,,,
A7I1T8_CAMHC,Rhomboid family protein,,Bacteria,Bacteria,Campylobacterota,Epsilonproteobacteria,Campylobacterales,Campylobacteraceae,Campylobacter,Campylobacterhominis,A7I1T8,CHAB381_0917,Campylobacterhominis(strainATCCBAA-381/DSM21671/CCUG45161/LMG19568/NCTC13146/CH001A),177,,WP_012108771.1;,A7I1T8;,
B4WH87_SYNS7,"Peptidase, S54 (Rhomboid) family, putative",Peptidase S54 family,Bacteria,Bacillati,Cyanobacteriota,unclassifiedSynechococcus,Synechococcales,Synechococcaceae,Synechococcus,,B4WH87,S7335_5097,Synechococcussp.(strainATCC29403/PCC7335),248,,WP_006457198.1;,B4WH87;,
M1A838_SOLTU,RHOMBOID-like protein (EC 3.4.21.105),Peptidase S54 family,Eukaryota,Viridiplantae,Streptophytina,Magnoliopsida,Solanales,Solanoideae,Solanum,,M1A838,,Solanumtuberosum(Potato),384,3.4.21.105,,M1A838;,
I0Z9D9_COCSC,Rhomboid-domain-containing protein,Peptidase S54 family,Eukaryota,Viridiplantae,Chlorophyta,Trebouxiophyceae,,,Coccomyxa,Coccomyxasubellipsoidea,I0Z9D9,COCSUDRAFT_31962,Coccomyxasubellipsoidea(strainC-169)(Greenmicroalga),199,,XP_005651802.1;,I0Z9D9;,
I3YY92_AEQSU,Putative membrane protein,Peptidase S54 family,Bacteria,Bacteria,Bacteroidota,Flavobacteriia,Flavobacteriales,Flavobacteriaceae,Aequorivita,Aequorivitasublithincola,I3YY92,Aeqsu_2503,Aequorivitasublithincola(strainDSM14238/LMG21431/ACAM643/9-3),246,,WP_014783209.1;,I3YY92;,
K4D6D6_SOLLC,,,,,,,,,,,K4D6D6,,,,,,,
Q87R75_VIBPA,Peptidase S54 rhomboid domain-containing protein,,Bacteria,Bacteria,Pseudomonadota,Gammaproteobacteria,Vibrionales,Vibrionaceae,Vibrio,Vibrioparahaemolyticus,Q87R75,VP0924,VibrioparahaemolyticusserotypeO3:K6(strainRIMD2210633),202,,NP_797302.1;,Q87R75;,
A0A085MXM0_9BILA,Peptidase S54 rhomboid domain-containing protein,Peptidase S54 family,Eukaryota,Metazoa,Nematoda,Dorylaimia,Trichinellida,Trichuridae,Trichuris,,A0A085MXM0,M513_05667M514_05667,Trichurissuis(pigwhipworm),335,,,,
F2K3F6_MARM1,"Peptidase S54, rhomboid domain",Peptidase S54 family,Bacteria,Bacteria,Pseudomonadota,Gammaproteobacteria,Oceanospirillales,Oceanospirillaceae,Marinomonas,Marinomonasmediterranea,F2K3F6,Marme_2050,Marinomonasmediterranea(strainATCC700492/JCM21426/NBRC103028/MMB-1),287,,WP_013661203.1;,F2K3F6;,
A0A0N4UYV7_ENTVE,Rhomboid domain-containing protein,Peptidase S54 family,Eukaryota,Metazoa,Nematoda,Chromadorea,Oxyuridomorpha,Oxyuridae,Enterobius,,A0A0N4UYV7,EVEC_LOCUS2488,Enterobiusvermicularis(Humanpinworm),355,,,,
G8RK62_MYCRN,Putative membrane protein,Peptidase S54 family,Bacteria,Bacillati,Actinomycetota,Actinomycetes,Mycobacteriales,Mycobacteriaceae,Mycolicibacterium,Mycolicibacteriumrhodesiae,G8RK62,MycrhN_1673,Mycolicibacteriumrhodesiae(strainNBB3)(Mycobacteriumrhodesiae),282,,WP_014210101.1;,G8RK62;,
Q01X49_SOLUE,Rhomboid family protein,Peptidase S54 family,Bacteria,Bacteria,Acidobacteriota,Terriglobia,Bryobacterales,Solibacteraceae,CandidatusSolibacter,Solibacterusitatus,Q01X49,Acid_4807,Solibacterusitatus(strainEllin6076),223,,,Q01X49;,
D1ADF6_THECD,Rhomboid family protein,Peptidase S54 family,Bacteria,Bacillati,Actinomycetota,Actinomycetes,Streptosporangiales,Thermomonosporaceae,Thermomonospora,Thermomonosporacurvata,D1ADF6,Tcur_0058,Thermomonosporacurvata(strainATCC19995/DSM43183/JCM3096/KCTC9072/NBRC15933/NCIMB10081/HenssenB9),302,,WP_012850450.1;,D1ADF6;,
A0A089YKY1_9PSED,Peptidase S54,Peptidase S54 family,Bacteria,Bacteria,Pseudomonadota,Gammaproteobacteria,Pseudomonadales,Pseudomonadaceae,Pseudomonas,,A0A089YKY1,LT40_06295,Pseudomonasrhizosphaerae,290,,WP_043187756.1;,A0A089YKY1;,
A0A0H4W716_9BACT,Rhomboid family protein,,Bacteria,Bacteria,Bacteroidota,Cytophagia,Cytophagales,Hymenobacteraceae,Rufibacter,,A0A0H4W716,TH63_12285,Rufibacterradiotolerans,305,,WP_048921184.1;,A0A0H4W716;,
R7F326_9BACT,Rhomboid family protein,Peptidase S54 family,Bacteria,Bacteria,Bacteroidota,unclassifiedPrevotella,Bacteroidales,Prevotellaceae,Prevotella,,R7F326,BN677_00453,Prevotellasp.CAG:485,256,,,R7F326;,
A8A8Q7_IGNH4,Rhomboid family protein,Peptidase S54 family,Archaea,Thermoproteati,Thermoproteota,Thermoprotei,Desulfurococcales,Desulfurococcaceae,Ignicoccus,Ignicoccushospitalis,A8A8Q7,Igni_0125,Ignicoccushospitalis(strainKIN4/I/DSM18386/JCM14125),258,,,A8A8Q7;,
Q482Z4_COLP3,"Membrane protein, Rhomboid family",,Bacteria,Bacteria,Pseudomonadota,Gammaproteobacteria,Alteromonadales,Colwelliaceae,Colwellia,Colwelliapsychrerythraea,Q482Z4,CPS_2148,Colwelliapsychrerythraea(strain34H/ATCCBAA-681)(Vibriopsychroerythus),206,,WP_011042967.1;,Q482Z4;,
A0A075U0B9_9LACO,Membrane-associated serine protease,Peptidase S54 family,Bacteria,Bacillati,Bacillota,Bacilli,Lactobacillales,Lactobacillaceae,Weissella,,A0A075U0B9,WS74_1063,Weissellaceti,236,,WP_009496178.1;,A0A075U0B9;,
E4NDE6_KITSK,Putative peptidase S54 family protein,,Bacteria,Bacillati,Actinomycetota,Actinomycetes,Kitasatosporales,Streptomycetaceae,Kitasatospora,Kitasatosporasetae,E4NDE6,KSE_34200,Kitasatosporasetae(strainATCC33774/DSM43861/JCM3304/KCCA-0304/NBRC14216/KM-6054)(Streptomycessetae),254,,WP_014136534.1;,E4NDE6;,
A0A0N0NAU2_9ACTN,"Peptidase S54, rhomboid domain containing protein",Peptidase S54 family,Bacteria,Bacillati,Actinomycetota,unclassifiedActinomycetes,,,,,A0A0N0NAU2,OV320_6587,ActinobacteriabacteriumOV320,296,,,A0A0N0NAU2;,
J0V4M0_9BACT,Rhomboid family protein,,Bacteria,Bacteria,Bacteroidota,unclassifiedPontibacter,Cytophagales,Hymenobacteraceae,Pontibacter,,J0V4M0,O71_17391,Pontibactersp.BAB1700,265,,WP_007658403.1;,J0V4M0;,
A0A0F4JVR3_9ACTN,,,,,,,,,,,A0A0F4JVR3,,,,,,,
C5VQA1_CLOBO,,,,,,,,,,,C5VQA1,,,,,,,
G4MSG3_PYRO7,Rhomboid protein 1,Peptidase S54 family,Eukaryota,Dikarya,Pezizomycotina,Sordariomycetidae,Magnaporthales,Pyriculariaceae,Pyricularia,Pyriculariaoryzae,G4MSG3,MGG_04531,Pyriculariaoryzae(strain70-15/ATCCMYA-4617/FGSC8958)(Riceblastfungus)(Magnaportheoryzae),621,,XP_003713582.1;,G4MSG3;,
I2JNE3_9GAMM,Rhomboid family protein,Peptidase S54 family,Bacteria,Bacteria,Pseudomonadota,unclassifiedSpongiibacteraceae,Cellvibrionales,Spongiibacteraceae,,,I2JNE3,DOK_03463,gammaproteobacteriumBDW918,286,,,I2JNE3;,
Q2Y670_NITMU,Rhomboid protease GluP (Rhomboid-like protein),Peptidase S54 family,Bacteria,Bacteria,Pseudomonadota,Betaproteobacteria,Nitrosomonadales,Nitrosomonadaceae,Nitrosospira,Nitrosospiramultiformis,Q2Y670,Nmul_A2462SAMN05216403_105151,Nitrosospiramultiformis(strainATCC25196/NCIMB11849/C71),371,,WP_011381750.1;,Q2Y670;,
G0AJ58_COLFT,"Family S54 peptidase, transmembrane (EC 3.4.21.105)",Peptidase S54 family,Bacteria,Bacteria,Pseudomonadota,Betaproteobacteria,Burkholderiales,Oxalobacteraceae,Collimonas,Collimonasfungivorans,G0AJ58,CFU_1160,Collimonasfungivorans(strainTer331),529,3.4.21.105,WP_014005146.1;,G0AJ58;,
A0A0C7NVT0_DEFTU,Rhomboid family protein,Peptidase S54 family,Bacteria,Bacteria,Thermotogota,Thermotogae,Petrotogales,Petrotogaceae,Defluviitoga,,A0A0C7NVT0,DTL3_0262,Defluviitogatunisiensis,228,,WP_045087191.1;,A0A0C7NVT0;,
U6P376_HAECO,,,,,,,,,,,U6P376,,,,,,,
G0EHP1_PYRF1,Rhomboid family protein,,Archaea,Thermoproteati,Thermoproteota,Thermoprotei,Desulfurococcales,Pyrodictiaceae,Pyrolobus,Pyrolobusfumarii,G0EHP1,Pyrfu_1537,Pyrolobusfumarii(strainDSM11204/1A),254,,WP_014027071.1;,G0EHP1;,
R4K695_CLOPA,Putative membrane protein,Peptidase S54 family,Bacteria,Bacillati,Bacillota,Clostridia,Eubacteriales,Clostridiaceae,Clostridium,Clostridiumpasteurianum,R4K695,Clopa_3971,ClostridiumpasteurianumBC1,326,,WP_015616992.1;,R4K695;,
A0A0M8YNQ6_9PSEU,Protease,Peptidase S54 family,Bacteria,Bacillati,Actinomycetota,unclassifiedSaccharothrix,Pseudonocardiales,Pseudonocardiaceae,Saccharothrix,,A0A0M8YNQ6,ADK67_01885,Saccharothrixsp.NRRLB-16348,261,,,A0A0M8YNQ6;,
C7QFR0_CATAD,Rhomboid family protein,Peptidase S54 family,Bacteria,Bacillati,Actinomycetota,Actinomycetes,Catenulisporales,Catenulisporaceae,Catenulispora,Catenulisporaacidiphila,C7QFR0,Caci_0044,Catenulisporaacidiphila(strainDSM44928/JCM14897/NBRC102108/NRRLB-24433/ID139908),356,,,C7QFR0;,
D7G3N4_ECTSI,Peptidase S54 rhomboid domain-containing protein,Peptidase S54 family,Eukaryota,Eukaryota,,Phaeophyceae,Ectocarpales,Ectocarpaceae,Ectocarpus,,D7G3N4,Esi_0514_0010,Ectocarpussiliculosus(Brownalga)(Confervasiliculosa),677,,,D7G3N4;,
E7GBJ8_9FIRM,Peptidase S54 rhomboid domain-containing protein,Peptidase S54 family,Bacteria,Bacillati,Bacillota,Erysipelotrichia,Erysipelotrichales,Coprobacillaceae,Coprobacillus,,E7GBJ8,HMPREF9488_02139,Coprobacilluscateniformis,190,,,E7GBJ8;,
D5SVE9_PLAL2,Rhomboid family protein,Peptidase S54 family,Bacteria,Bacteria,Planctomycetota,Planctomycetia,Planctomycetales,Planctomycetaceae,Planctopirus,Planctopiruslimnophila,D5SVE9,Plim_1385,Planctopiruslimnophila(strainATCC43296/DSM3776/IFAM1008/Mu290)(Planctomyceslimnophilus),293,,WP_013109650.1;,D5SVE9;,
A0A0G4GER0_VITBC,Rhomboid-like protease (EC 3.4.21.105),Peptidase S54 family,Eukaryota,Eukaryota,,,,Vitrellaceae,Vitrella,Vitrellabrassicaformis,A0A0G4GER0,Vbra_9917,Vitrellabrassicaformis(strainCCMP3155),296,3.4.21.105,,A0A0G4GER0;,
A0A072NZY6_9EURO,Peptidase S54 rhomboid domain-containing protein,Peptidase S54 family,Eukaryota,Dikarya,Pezizomycotina,Chaetothyriomycetidae,Chaetothyriales,Herpotrichiellaceae,Exophiala,Exophialaaquamarina,A0A072NZY6,A1O9_10895,ExophialaaquamarinaCBS119918,571,,XP_013255577.1;,A0A072NZY6;,
A5HYU2_CLOBH,Membrane associated peptidase,Peptidase S54 family,Bacteria,Bacillati,Bacillota,Clostridia,Eubacteriales,Clostridiaceae,Clostridium,Clostridiumbotulinum,A5HYU2,CBO0398,Clostridiumbotulinum(strainHall/ATCC3502/NCTC13319/TypeA),337,,YP_001252942.1;,A5HYU2;,
Q5GXP8_XANOR,Integral membrane protein,Peptidase S54 family,Bacteria,Bacteria,Pseudomonadota,Gammaproteobacteria,Lysobacterales,Lysobacteraceae,Xanthomonas,Xanthomonasoryzae,Q5GXP8,GlpGXOO3269,Xanthomonasoryzaepv.oryzae(strainKACC10331/KXO85),514,,,Q5GXP8;,
K0KEN1_WICCF,Rhomboid-type serine protease (EC 3.4.21.105),Peptidase S54 family,Eukaryota,Dikarya,Saccharomycotina,Saccharomycetes,Phaffomycetales,Wickerhamomycetaceae,Wickerhamomyces,Wickerhamomycesciferrii,K0KEN1,BN7_922,Wickerhamomycesciferrii(strainATCC14091/BCRC22168/CBS111/JCM3599/NBRC0793/NRRLY-1031F-60-10)(Yeast)(Pichiaciferrii),476,3.4.21.105,,K0KEN1;,
J7IRE5_DESMD,Putative membrane protein,Peptidase S54 family,Bacteria,Bacillati,Bacillota,Clostridia,Eubacteriales,Desulfitobacteriaceae,Desulfosporosinus,Desulfosporosinusmeridiei,J7IRE5,Desmer_2505,Desulfosporosinusmeridiei(strainATCCBAA-275/DSM13257/KCTC12902/NCIMB13706/S10),314,,,J7IRE5;,
F1L8L5_ASCSU,Rhomboid-related protein 1,Peptidase S54 family,Eukaryota,Metazoa,Nematoda,Chromadorea,Ascaridomorpha,Ascarididae,Ascaris,,F1L8L5,,Ascarissuum(Pigroundworm)(Ascarislumbricoides),366,,,F1L8L5;,
A0A0F5LNY9_9HYPH,Peptidase S54 rhomboid domain-containing protein,,Bacteria,Bacteria,Pseudomonadota,Alphaproteobacteria,Hyphomicrobiales,Devosiaceae,Devosia,Devosialimi,A0A0F5LNY9,VW29_12435,DevosialimiDSM17137,214,,,A0A0F5LNY9;,
D9R0Z1_LACSW,Rhomboid family protein,Peptidase S54 family,Bacteria,Bacillati,Bacillota,Clostridia,Lachnospirales,Lachnospiraceae,Lacrimispora,Lacrimisporasaccharolytica,D9R0Z1,Closa_0147,Lacrimisporasaccharolytica(strainATCC35040/DSM2544/NRCC2533/WM1)(Clostridiumsaccharolyticum),206,,WP_013270890.1;,D9R0Z1;,
E6TWX2_EVAC2,Rhomboid protease (EC 3.4.21.105),Peptidase S54 family,Bacteria,Bacillati,Bacillota,Bacilli,Bacillales,Bacillaceae,Evansella,Evansellacellulosilytica,E6TWX2,Bcell_1659,Evansellacellulosilytica(strainATCC21833/DSM2522/FERMP-1141/JCM9156/N-4)(Bacilluscellulosilyticus),524,3.4.21.105,WP_013488259.1;,E6TWX2;,
I3INQ9_9BACT,Peptidase S54 rhomboid domain-containing protein,,Bacteria,Bacteria,Planctomycetota,CandidatusBrocadiia,CandidatusBrocadiales,CandidatusBrocadiaceae,CandidatusJettenia,,I3INQ9,KSU1_D0045,CandidatusJetteniacaeni,222,,,I3INQ9;,
F6FQ78_ISOV2,Rhomboid family protein,Peptidase S54 family,Bacteria,Bacillati,Actinomycetota,Actinomycetes,Micrococcales,Promicromonosporaceae,Isoptericola,Isoptericolavariabilis,F6FQ78,Isova_0013,Isoptericolavariabilis(strain225),292,,,F6FQ78;,
J7TXN4_MORMO,Rhomboid protease GlpG,Peptidase S54 family,Bacteria,Bacteria,Pseudomonadota,Gammaproteobacteria,Enterobacterales,Morganellaceae,Morganella,Morganellamorganiisubsp.morganii,J7TXN4,glpGMU9_353,Morganellamorganiisubsp.morganiiKT,277,3.4.21.105,WP_004237956.1;,J7TXN4;,
A0A074SRL2_HAMHA,,,,,,,,,,,A0A074SRL2,,,,,,,
A0A0M2H259_MICTR,Rhomboid protease GluP (EC 3.4.21.105),Peptidase S54 family,Bacteria,Bacillati,Actinomycetota,Actinomycetes,Micrococcales,Microbacteriaceae,Microbacterium,,A0A0M2H259,gluPRS82_03642,Microbacteriumtrichothecenolyticum(Aureobacteriumtrichothecenolyticum),297,3.4.21.105,WP_045301990.1;,A0A0M2H259;,
A0A0C5WDH3_9FLAO,Protease,Peptidase S54 family,Bacteria,Bacteria,Bacteroidota,Flavobacteriia,Flavobacteriales,Flavobacteriaceae,Siansivirga,Siansivirgazeaxanthinifaciens,A0A0C5WDH3,AW14_12300,SiansivirgazeaxanthinifaciensCC-SAMT-1,216,,WP_044639030.1;,A0A0C5WDH3;,
R5N5Y6_9FIRM,,,,,,,,,,,R5N5Y6,,,,,,,
A7HMD0_FERNB,Rhomboid family protein,Peptidase S54 family,Bacteria,Bacteria,Thermotogota,Thermotogae,Thermotogales,Fervidobacteriaceae,Fervidobacterium,Fervidobacteriumnodosum,A7HMD0,Fnod_1216,Fervidobacteriumnodosum(strainATCC35602/DSM5306/Rt17-B1),219,,WP_011994373.1;,A7HMD0;,
A7GKE3_BACCN,Rhomboid family protein,Peptidase S54 family,Bacteria,Bacillati,Bacillota,Bacilli,Bacillales,Bacillaceae,Bacillus,Bacilluscytotoxicus,A7GKE3,Bcer98_0235,Bacilluscytotoxicus(strainDSM22905/CIP110041/391-98/NVH391-98),186,,WP_011983362.1;,A7GKE3;,
Q1AWW7_RUBXD,Rhomboid-like protein,Peptidase S54 family,Bacteria,Bacillati,Actinomycetota,Rubrobacteria,Rubrobacterales,Rubrobacteraceae,Rubrobacter,Rubrobacterxylanophilus,Q1AWW7,Rxyl_1145,Rubrobacterxylanophilus(strainDSM9941/JCM11954/NBRC16129/PRD-1),209,,,Q1AWW7;,
E2PWL0_STRCL,Putative membrane protein,Peptidase S54 family,Bacteria,Bacillati,Actinomycetota,Actinomycetes,Kitasatosporales,Streptomycetaceae,Streptomyces,,E2PWL0,SCLAV_2938,Streptomycesclavuligerus,301,,WP_003961127.1;,E2PWL0;,
V4ITM0_9ACTN,,,,,,,,,,,V4ITM0,,,,,,,
Q2S989_HAHCH,Uncharacterized membrane protein,,Bacteria,Bacteria,Pseudomonadota,Gammaproteobacteria,Oceanospirillales,Hahellaceae,Hahella,Hahellachejuensis,Q2S989,HCH_06137,Hahellachejuensis(strainKCTC2396),196,,WP_011399843.1;,Q2S989;,
A0A0F4GHZ6_9PEZI,Peptidase S54 rhomboid domain-containing protein,Peptidase S54 family,Eukaryota,Dikarya,Pezizomycotina,Dothideomycetidae,Mycosphaerellales,Mycosphaerellaceae,Zymoseptoria,,A0A0F4GHZ6,TI39_contig594g00006,Zymoseptoriabrevis,623,,,A0A0F4GHZ6;,
F0SF61_RUBBR,Rhomboid family protein,Peptidase S54 family,Bacteria,Bacteria,Planctomycetota,Planctomycetia,Planctomycetales,Planctomycetaceae,Rubinisphaera,Rubinisphaerabrasiliensis,F0SF61,Plabr_0589,Rubinisphaerabrasiliensis(strainATCC49424/DSM5305/JCM21570/IAM15109/NBRC103401/IFAM1448)(Planctomycesbrasiliensis),293,,WP_013626959.1;,F0SF61;,
W1S9S5_9BACI,,,,,,,,,,,W1S9S5,,,,,,,
R5Q9J6_9FIRM,,,,,,,,,,,R5Q9J6,,,,,,,
U5DCR6_AMBTC,Peptidase S54 rhomboid domain-containing protein,Peptidase S54 family,Eukaryota,Viridiplantae,Streptophytina,Magnoliopsida,Amborellales,Amborellaceae,Amborella,,U5DCR6,AMTR_s00066p00191710,Amborellatrichopoda,271,,XP_011628739.1;XP_011628740.1;,U5DCR6;,
K0J625_AMPXN,Peptidase S54 family protein,Peptidase S54 family,Bacteria,Bacillati,Bacillota,Bacilli,Bacillales,Bacillaceae,Amphibacillus,Amphibacillusxylanus,K0J625,AXY_03410,Amphibacillusxylanus(strainATCC51415/DSM6626/JCM7361/LMG17667/NBRC15112/Ep01),254,,WP_015009079.1;,K0J625;,
D6ZJT3_MOBCV,"Peptidase, S54 family (EC 3.4.21.-)",Peptidase S54 family,Bacteria,Bacillati,Actinomycetota,Actinomycetes,Actinomycetales,Actinomycetaceae,Mobiluncus,Mobiluncuscurtisii,D6ZJT3,HMPREF0573_10663,Mobiluncuscurtisii(strainATCC43063/DSM2711/V125)(Falcivibriovaginalis),313,3.4.21.-,WP_004007834.1;,D6ZJT3;,
H2ZIG5_CIOSA,rhomboid protease (EC 3.4.21.105),Peptidase S54 family,Eukaryota,Metazoa,Tunicata,Ascidiacea,Phlebobranchia,Cionidae,Ciona,,H2ZIG5,,Cionasavignyi(Pacifictransparentseasquirt),362,3.4.21.105,,H2ZIG5;,
B1VTE2_STRGG,Peptidase S54 rhomboid domain-containing protein,,Bacteria,Bacillati,Actinomycetota,Actinomycetes,Kitasatosporales,Streptomycetaceae,Streptomyces,Streptomycesgriseussubsp.griseus,B1VTE2,SGR_4203,Streptomycesgriseussubsp.griseus(strainJCM4626/CBS651.72/NBRC13350/KCCS-0626/ISP5235),208,,WP_003968402.1;,B1VTE2;,
L8ERM8_STRR1,,,,,,,,,,,L8ERM8,,,,,,,
D5MH82_METO1,"Putative peptidase, S54 (Rhomboid) family",,Bacteria,Bacteria,CandidatusMethylomirabilota,CandidatusMethylomirabilia,CandidatusMethylomirabilales,CandidatusMethylomirabilaceae,CandidatusMethylomirabilis,,D5MH82,DAMO_2064,Methylomirabilisoxygeniifera,231,,,D5MH82;,
I1E1Z1_9GAMM,Rhomboid family protein,,Bacteria,Bacteria,Pseudomonadota,Gammaproteobacteria,Chromatiales,Chromatiaceae,Rheinheimera,Rheinheimerananhaiensis,I1E1Z1,RNAN_3341,RheinheimerananhaiensisE407-8,195,,,I1E1Z1;,
K2J390_9GAMM,Rhomboid family protein,,Bacteria,Bacteria,Pseudomonadota,Gammaproteobacteria,Enterobacterales,Gallaecimonadaceae,Gallaecimonas,Gallaecimonasxiamenensis,K2J390,B3C1_01680,Gallaecimonasxiamenensis3-C-1,274,,WP_008482478.1;,K2J390;,
A0A099T9B5_9RHOB,Peptidase C54,Peptidase S54 family,Bacteria,Bacteria,Pseudomonadota,unclassifiedThalassobacter,Rhodobacterales,Roseobacteraceae,Thalassobacter,,A0A099T9B5,PM04_11560,Thalassobactersp.16PALIMAR09,252,,WP_038006819.1;,A0A099T9B5;,
A9B512_HERA2,Rhomboid family protein,,Bacteria,Bacillati,Chloroflexota,Chloroflexia,Herpetosiphonales,Herpetosiphonaceae,Herpetosiphon,Herpetosiphonaurantiacus,A9B512,Haur_3513,Herpetosiphonaurantiacus(strainATCC23779/DSM785/114-95),286,,,A9B512;,
H2TDY1_TAKRU,,,,,,,,,,,H2TDY1,,,,,,,
G8T7P0_NIAKG,Rhomboid family protein,Peptidase S54 family,Bacteria,Bacteria,Bacteroidota,Chitinophagia,Chitinophagales,Chitinophagaceae,Niastella,Niastellakoreensis,G8T7P0,Niako_6070,Niastellakoreensis(strainDSM17620/KACC11465/NBRC106392/GR20-10),233,,WP_014222205.1;,G8T7P0;,
A7HAN7_ANADF,Rhomboid family protein,Peptidase S54 family,Bacteria,Bacteria,Myxococcota,unclassifiedAnaeromyxobacter,Cystobacterineae,Anaeromyxobacteraceae,Anaeromyxobacter,,A7HAN7,Anae109_1579,Anaeromyxobactersp.(strainFw109-5),252,,WP_011985889.1;,A7HAN7;,
D9QC46_CORP2,Rhomboid family intramembrane serine protease,,Bacteria,Bacillati,Actinomycetota,Actinomycetes,Mycobacteriales,Corynebacteriaceae,Corynebacterium,Corynebacteriumpseudotuberculosis,D9QC46,CPC231_08360,Corynebacteriumpseudotuberculosis(strainC231),272,,WP_013242515.1;,D9QC46;,
R1DIP4_EMIHU,rhomboid protease (EC 3.4.21.105),Peptidase S54 family,Eukaryota,Eukaryota,Haptophyta,,Isochrysidales,Noelaerhabdaceae,Emiliania,,R1DIP4,EMIHUDRAFT_449194,Emilianiahuxleyi(Coccolithophore)(Pontosphaerahuxleyi),419,3.4.21.105,XP_005787812.1;,,
B9QNZ0_TOXGV,Rhomboid-like protease (EC 3.4.21.105),Peptidase S54 family,Eukaryota,Eukaryota,Apicomplexa,Coccidia,Eimeriorina,Sarcocystidae,Toxoplasma,Toxoplasmagondii,B9QNZ0,BN1205_049610TGVEG_263290,Toxoplasmagondii(strainATCC50861/VEG),283,3.4.21.105,,B9QNZ0;,
A6VKH5_ACTSZ,Rhomboid family protein,Peptidase S54 family,Bacteria,Bacteria,Pseudomonadota,Gammaproteobacteria,Pasteurellales,Pasteurellaceae,Actinobacillus,Actinobacillussuccinogenes,A6VKH5,Asuc_0091,Actinobacillussuccinogenes(strainATCC55618/DSM22257/CCUG43843/130Z),291,,,A6VKH5;,
K8GE28_9CYAN,Putative membrane protein,Peptidase S54 family,Bacteria,Bacillati,Cyanobacteriota,unclassifiedLeptolyngbyaceae,Leptolyngbyales,Leptolyngbyaceae,,,K8GE28,OsccyDRAFT_4306,LeptolyngbyaceaecyanobacteriumJSC-12,203,,,K8GE28;,
Q7MUT1_PORGI,Rhomboid family protein,,Bacteria,Bacteria,Bacteroidota,Bacteroidia,Bacteroidales,Porphyromonadaceae,Porphyromonas,Porphyromonasgingivalis,Q7MUT1,PG_1403,Porphyromonasgingivalis(strainATCCBAA-308/W83),288,,,Q7MUT1;,
E9D1J0_COCPS,Rhomboid-type serine protease (EC 3.4.21.105),Peptidase S54 family,Eukaryota,Dikarya,Pezizomycotina,Eurotiomycetidae,Onygenales,Onygenaceae,Coccidioides,Coccidioidesposadasii,E9D1J0,CPSG_04048,Coccidioidesposadasii(strainRMSCC757/Silveira)(Valleyfeverfungus),485,3.4.21.105,,E9D1J0;,
K2AHP6_9BACT,Rhomboid family protein,,Bacteria,Bacteria,,,,,,,K2AHP6,ACD_54C00308G0004,unculturedbacterium,245,,,K2AHP6;,
B9XEX2_PEDPL,Rhomboid family protein,Peptidase S54 family,Bacteria,Bacteria,Verrucomicrobiota,Verrucomicrobiia,Limisphaerales,,Pedosphaera,Pedosphaeraparvula,B9XEX2,Cflav_PD4148,Pedosphaeraparvula(strainEllin514),373,,WP_007414362.1;,B9XEX2;,
I4EQ27_9ACTN,Rhomboid Peptidase S54,Peptidase S54 family,Bacteria,Bacillati,Actinomycetota,Actinomycetes,Geodermatophilales,Geodermatophilaceae,Modestobacter,,I4EQ27,MODMU_0018,Modestobactermarinus,246,,,I4EQ27;,
R5T5U0_9CLOT,,,,,,,,,,,R5T5U0,,,,,,,
A9KPY7_LACP7,Rhomboid family protein,Peptidase S54 family,Bacteria,Bacillati,Bacillota,Clostridia,Lachnospirales,Lachnospiraceae,Lachnoclostridium,Lachnoclostridiumphytofermentans,A9KPY7,Cphy_1512,Lachnoclostridiumphytofermentans(strainATCC700394/DSM18823/ISDg)(Clostridiumphytofermentans),191,,WP_012199540.1;,A9KPY7;,
M4X4U4_9PSED,Integral membrane protein,Peptidase S54 family,Bacteria,Bacteria,Pseudomonadota,unclassifiedPseudomonas,Pseudomonadales,Pseudomonadaceae,Pseudomonas,,M4X4U4,H681_21025,Pseudomonassp.ATCC13867,487,,WP_015478922.1;,M4X4U4;,
Q5LP41_RUEPO,Rhomboid family protein,Peptidase S54 family,Bacteria,Bacteria,Pseudomonadota,Alphaproteobacteria,Rhodobacterales,Roseobacteraceae,Ruegeria,Ruegeriapomeroyi,Q5LP41,SPO3011,Ruegeriapomeroyi(strainATCC700808/DSM15171/DSS-3)(Silicibacterpomeroyi),247,,WP_011048705.1;,Q5LP41;,
Q87KM6_VIBPA,GlpG protein,,Bacteria,Bacteria,Pseudomonadota,Gammaproteobacteria,Vibrionales,Vibrionaceae,Vibrio,Vibrioparahaemolyticus,Q87KM6,VP2951,VibrioparahaemolyticusserotypeO3:K6(strainRIMD2210633),280,,NP_799330.1;WP_005460378.1;,Q87KM6;,
H8E9C9_9MICO,,,,,,,,,,,H8E9C9,,,,,,,
B7GHA8_ANOFW,"Serine protease of Rhomboid family, contains TPR repeats",Peptidase S54 family,Bacteria,Bacillati,Bacillota,Bacilli,Bacillales,Bacillaceae,Anoxybacillus,Anoxybacillusflavithermus,B7GHA8,Aflv_0891,Anoxybacillusflavithermus(strainDSM21510/WK1),517,,WP_012574554.1;,B7GHA8;,
T2LBW3_9GAMM,,,,,,,,,,,T2LBW3,,,,,,,
A0A0F0LTB0_9MICO,Rhomboid family intramembrane serine protease (Rhomboid protease GluP (EC 3.4.21.105)),Peptidase S54 family,Bacteria,Bacillati,Actinomycetota,Actinomycetes,Micrococcales,Microbacteriaceae,Microbacterium,,A0A0F0LTB0,gluPDCP95_06375RR49_02005,Microbacteriumginsengisoli,291,3.4.21.105,WP_045247921.1;,A0A0F0LTB0;,
G7WBI9_DESOD,Putative membrane protein,Peptidase S54 family,Bacteria,Bacillati,Bacillota,Clostridia,Eubacteriales,Desulfitobacteriaceae,Desulfosporosinus,Desulfosporosinusorientis,G7WBI9,Desor_3244,Desulfosporosinusorientis(strainATCC19365/DSM765/NCIMB8382/VKMB-1628/SingaporeI)(Desulfotomaculumorientis),316,,,G7WBI9;,
F6ERG6_HOYSD,Rhomboid family protein,Peptidase S54 family,Bacteria,Bacillati,Actinomycetota,Actinomycetes,Mycobacteriales,Hoyosellaceae,Hoyosella,Hoyosellasubflava,F6ERG6,AS9A_0026,Hoyosellasubflava(strainDSM45089/JCM17490/NBRC109087/DQS3-9A1)(Amycolicicoccussubflavus),255,,,F6ERG6;,
D8J6U0_HALJB,Rhomboid family protein/GlpG-like protein,,Archaea,Methanobacteriati,Methanobacteriota,Halobacteria,Halobacteriales,Halococcaceae,Halalkalicoccus,Halalkalicoccusjeotgali,D8J6U0,HacjB3_12560C497_07764,Halalkalicoccusjeotgali(strainDSM18796/CECT7217/JCM14584/KCTC4019/B3),311,,WP_008415769.1;,D8J6U0;,
D3SRK7_NATMM,Rhomboid family protein,Peptidase S54 family,Archaea,Methanobacteriati,Methanobacteriota,Halobacteria,Halobacteriales,Natrialbaceae,Natrialba,Natrialbamagadii,D3SRK7,Nmag_1128,Natrialbamagadii(strainATCC43099/DSM3394/CCM3739/CIP104546/IAM13178/JCM8861/NBRC102185/NCIMB2190/MS3)(Natronobacteriummagadii),319,,,D3SRK7;,
U2RFM8_9FIRM,,,,,,,,,,,U2RFM8,,,,,,,
C7G025_DICDI,rhomboid protease (EC 3.4.21.105),Peptidase S54 family,Eukaryota,Eukaryota,Evosea,Eumycetozoa,Dictyosteliales,Dictyosteliaceae,Dictyostelium,,C7G025,DDB_G0295849,Dictyosteliumdiscoideum(Socialamoeba),489,3.4.21.105,XP_002649151.1;,C7G025;,
H1LGH0_9LACO,"Peptidase, S54 family",Peptidase S54 family,Bacteria,Bacillati,Bacillota,Bacilli,Lactobacillales,Lactobacillaceae,Lentilactobacillus,Lentilactobacilluskisonensis,H1LGH0,HMPREF9104_01698,LentilactobacilluskisonensisF0435,220,,WP_008856871.1;,H1LGH0;,
F3ANZ8_9FIRM,Peptidase S54 rhomboid domain-containing protein,Peptidase S54 family,Bacteria,Bacillati,Bacillota,unclassifiedLachnospiraceae,Lachnospirales,Lachnospiraceae,,,F3ANZ8,HMPREF0987_02172,Lachnospiraceaebacterium9_1_43BFAA,209,,,F3ANZ8;,
A0PZ45_CLONN,Conserved membrane protein (Rhomboid family),Peptidase S54 family,Bacteria,Bacillati,Bacillota,Clostridia,Eubacteriales,Clostridiaceae,Clostridium,Clostridiumnovyi,A0PZ45,NT01CX_1566,Clostridiumnovyi(strainNT),202,,WP_011721655.1;,A0PZ45;,
A0A0C5WFQ6_9GAMM,Rhomboid family protein,,Bacteria,Bacteria,Pseudomonadota,Gammaproteobacteria,Vibrionales,Vibrionaceae,Photobacterium,Photobacteriumgaetbulicola,A0A0C5WFQ6,H744_1c0948,PhotobacteriumgaetbulicolaGung47,191,,,A0A0C5WFQ6;,
E4Y305_OIKDI,rhomboid protease (EC 3.4.21.105),Peptidase S54 family,Eukaryota,Metazoa,Tunicata,Appendicularia,Copelata,Oikopleuridae,Oikopleura,,E4Y305,GSOID_T00016572001,Oikopleuradioica(Tunicate),406,3.4.21.105,,E4Y305;,
A0A0F6TRN3_9GAMM,Rhomboid family protein,Peptidase S54 family,Bacteria,Bacteria,Pseudomonadota,Gammaproteobacteria,Kangiellales,Kangiellaceae,Kangiella,,A0A0F6TRN3,TQ33_1792,Kangiellageojedonensis,487,,WP_046561767.1;,A0A0F6TRN3;,
A0A0N0AYP4_9ACTN,Rhomboid family protein,Peptidase S54 family,Bacteria,Bacillati,Actinomycetota,unclassifiedStreptomyces,Kitasatosporales,Streptomycetaceae,Streptomyces,,A0A0N0AYP4,ADL06_00290,Streptomycessp.NRRLF-6491,287,,WP_053640038.1;,A0A0N0AYP4;,
G9WG31_9LACO,GlpG-like protein,Peptidase S54 family,Bacteria,Bacillati,Bacillota,Bacilli,Lactobacillales,Lactobacillaceae,Oenococcus,Oenococcuskitaharae,G9WG31,OKIT_1531,OenococcuskitaharaeDSM17330,234,,,G9WG31;,
Q2JK45_SYNJB,"Peptidase, S54 (Rhomboid) family (EC 3.4.21.-)",Peptidase S54 family,Bacteria,Bacillati,Cyanobacteriota,unclassifiedSynechococcus,Synechococcales,Synechococcaceae,Synechococcus,,Q2JK45,CYB_2002,Synechococcussp.(strainJA-2-3B'a(2-13))(CyanobacteriabacteriumYellowstoneB-Prime),248,3.4.21.-,WP_011433589.1;,Q2JK45;,
D9W008_9ACTN,Rhomboid protein,,Bacteria,Bacillati,Actinomycetota,unclassifiedStreptomyces,Kitasatosporales,Streptomycetaceae,Streptomyces,,D9W008,SSNG_03020,Streptomycessp.C,205,,WP_007264712.1;,D9W008;,
A0A0A8L6U5_9SACH,Rhomboid-type serine protease 2 (EC 3.4.21.105) (Rhomboid protein 2),Peptidase S54 family,Eukaryota,Dikarya,Saccharomycotina,Saccharomycetes,Saccharomycetales,Saccharomycetaceae,Kluyveromyces,Kluyveromycesdobzhanskii,A0A0A8L6U5,KLDO_g2130,KluyveromycesdobzhanskiiCBS2104,272,3.4.21.105,,A0A0A8L6U5;,
A8F5I4_PSELT,Rhomboid family protein,Peptidase S54 family,Bacteria,Bacteria,Thermotogota,Thermotogae,Thermotogales,Thermotogaceae,Pseudothermotoga,Pseudothermotogalettingae,A8F5I4,Tlet_0852,Pseudothermotogalettingae(strainATCCBAA-301/DSM14385/NBRC107922/TMO)(Thermotogalettingae),228,,,A8F5I4;,
U5SDA5_9LACT,Peptidase S54,Peptidase S54 family,Bacteria,Bacillati,Bacillota,Bacilli,Lactobacillales,Carnobacteriaceae,Carnobacterium,Carnobacteriuminhibens,U5SDA5,Q783_06125,Carnobacteriuminhibenssubsp.gilichinskyi,229,,,U5SDA5;,
F3NRL5_9ACTN,Integral membrane protein,,Bacteria,Bacillati,Actinomycetota,Actinomycetes,Kitasatosporales,Streptomycetaceae,Streptomyces,Streptomycesgriseoaurantiacus,F3NRL5,SGM_5779,StreptomycesgriseoaurantiacusM045,247,,,F3NRL5;,
A0A0A1H8N9_9BURK,Integral membrane protein,,Bacteria,Bacteria,Pseudomonadota,unclassifiedBurkholderiales,Burkholderiales,,,,A0A0A1H8N9,E1O_24790,BurkholderialesbacteriumGJ-E10,202,,,A0A0A1H8N9;,
Q5QUP0_IDILO,Membrane serine peptidase,Peptidase S54 family,Bacteria,Bacteria,Pseudomonadota,Gammaproteobacteria,Alteromonadales,Idiomarinaceae,Idiomarina,Idiomarinaloihiensis,Q5QUP0,glpGIL0267,Idiomarinaloihiensis(strainATCCBAA-735/DSM15497/L2-TR),274,,WP_011233529.1;,Q5QUP0;,
R4VX66_9EURY,Rhomboid family protein/GlpG-like protein,Peptidase S54 family,Archaea,Methanobacteriati,Methanobacteriota,unclassifiedSalinarchaeum,Halobacteriales,Natronoarchaeaceae,Salinarchaeum,,R4VX66,L593_09375,Salinarchaeumsp.Harcht-Bsk1,315,,WP_020446714.1;,R4VX66;,
C4IDT3_CLOBU,Rhomboid family protein,Peptidase S54 family,Bacteria,Bacillati,Bacillota,Clostridia,Eubacteriales,Clostridiaceae,Clostridium,Clostridiumbutyricum,C4IDT3,CLP_3513,ClostridiumbutyricumE4str.BoNTEBL5262,354,,WP_003408838.1;,C4IDT3;,
I2F2G6_9BACT,Putative membrane protein,Peptidase S54 family,Bacteria,Bacteria,Thermotogota,Thermotogae,Kosmotogales,Kosmotogaceae,Mesotoga,Mesotogaprima,I2F2G6,Theba_0391,MesotogaprimaMesG1.Ag.4.2,282,,WP_014730238.1;,I2F2G6;,
D7KV51_ARALL,RHOMBOID-like protein (EC 3.4.21.105),Peptidase S54 family,Eukaryota,Viridiplantae,Streptophytina,Magnoliopsida,Brassicales,Brassicaceae,Arabidopsis,Arabidopsislyrata,D7KV51,ARALYDRAFT_677343,Arabidopsislyratasubsp.lyrata(Lyre-leavedrock-cress),351,3.4.21.105,XP_002889165.1;,D7KV51;,
D5AR68_RHOCB,"Peptidase, S54 family, rhomboid (EC 3.4.21.-)",Peptidase S54 family,Bacteria,Bacteria,Pseudomonadota,Alphaproteobacteria,Rhodobacterales,,Rhodobacter,Rhodobactercapsulatus,D5AR68,RCAP_rcc03149,Rhodobactercapsulatus(strainATCCBAA-309/NBRC16581/SB1003),241,3.4.21.-,WP_013068846.1;,D5AR68;,
E4U5W7_OCEP5,Rhomboid family protein,Peptidase S54 family,Bacteria,Bacteria,Deinococcota,Deinococci,Thermales,Thermaceae,Oceanithermus,Oceanithermusprofundus,E4U5W7,Ocepr_0269,Oceanithermusprofundus(strainDSM14977/NBRC100410/VKMB-2274/506),224,,WP_013456901.1;,E4U5W7;,
R7MCT7_9CLOT,,,,,,,,,,,R7MCT7,,,,,,,
M1FAX9_9GAMM,Peptidase S54 rhomboid domain-containing protein,,Bacteria,Bacteria,Pseudomonadota,unclassifiedMarinobacter,Pseudomonadales,Marinobacteraceae,Marinobacter,,M1FAX9,MRBBS_3645,Marinobactersp.BSs20148,479,,WP_014872918.1;,M1FAX9;,
F4AWY0_DOKS4,Rhomboid family protein,Peptidase S54 family,Bacteria,Bacteria,Bacteroidota,unclassifiedDokdonia,Flavobacteriales,Flavobacteriaceae,Dokdonia,,F4AWY0,Krodi_2813,Dokdoniasp.(strain4H-3-7-5)(Krokinobactersp.(strain4H-3-7-5)),210,,WP_013752295.1;,F4AWY0;,
U7MXH3_9CORY,Peptidase S54 rhomboid domain-containing protein,,Bacteria,Bacillati,Actinomycetota,unclassifiedCorynebacterium,Mycobacteriales,Corynebacteriaceae,Corynebacterium,,U7MXH3,HMPREF1290_00176,Corynebacteriumsp.KPL1989,237,,,U7MXH3;,
B4CVD0_9BACT,Rhomboid family protein,Peptidase S54 family,Bacteria,Bacteria,Verrucomicrobiota,Spartobacteria,Chthoniobacterales,Chthoniobacteraceae,Chthoniobacter,Chthoniobacterflavus,B4CVD0,CfE428DRAFT_0617,ChthoniobacterflavusEllin428,246,,,B4CVD0;,
A0A074T908_HAMHA,,,Eukaryota,Eukaryota,Apicomplexa,Coccidia,Eimeriorina,Sarcocystidae,,Hammondia hammondi,A0A074T908,,,,,,,
A2BJW6_HYPBU,Membrane protein,Peptidase S54 family,Archaea,Thermoproteati,Thermoproteota,Thermoprotei,Desulfurococcales,Pyrodictiaceae,Hyperthermus,Hyperthermusbutylicus,A2BJW6,Hbut_0411,Hyperthermusbutylicus(strainDSM5456/JCM9403/PLM1-5),477,,,A2BJW6;,
R5W844_9FIRM,,,Bacteria,,Bacillota,Clostridia,Eubacteriales,Lachnospiraceae,Coprococcus,Coprococcus eutactus,R5W844,,,,,,,
R4SQZ6_9PSEU,Membrane protein,Peptidase S54 family,Bacteria,Bacillati,Actinomycetota,Actinomycetes,Pseudonocardiales,Pseudonocardiaceae,Amycolatopsis,,R4SQZ6,AORI_0027,Amycolatopsiskeratiniphila,320,,WP_016330485.1;,R4SQZ6;,
W8VXS4_9FLAO,Possible Rhomboid family protein,Peptidase S54 family,Bacteria,Bacteria,Bacteroidota,Flavobacteriia,Flavobacteriales,Flavobacteriaceae,Nonlabens,Nonlabensmarinus,W8VXS4,NMS_2423,NonlabensmarinusS1-08,212,,WP_041496914.1;,W8VXS4;,
B8C1M3_THAPS,Peptidase S54 rhomboid domain-containing protein,,Eukaryota,Eukaryota,Bacillariophyta,Thalassiosirophycidae,Thalassiosirales,Thalassiosiraceae,Thalassiosira,,B8C1M3,THAPSDRAFT_4981,Thalassiosirapseudonana(Marinediatom)(Cyclotellanana),314,,XP_002290041.1;,B8C1M3;,
R7P8X3_9CLOT,Rhomboid protein putative membrane-associated serine peptidase,Peptidase S54 family,Bacteria,Bacillati,Bacillota,unclassifiedClostridium,Eubacteriales,Clostridiaceae,Clostridium,,R7P8X3,BN733_00922,Clostridiumsp.CAG:609,386,,,R7P8X3;,
Q9YAR6_AERPE,Subfamily S26B peptidase,Peptidase S54 family,Archaea,Thermoproteati,Thermoproteota,Thermoprotei,Desulfurococcales,Desulfurococcaceae,Aeropyrum,Aeropyrumpernix,Q9YAR6,APE_1877.1,Aeropyrumpernix(strainATCC700893/DSM11879/JCM9820/NBRC100138/K1),253,,,Q9YAR6;,
F4XST8_9CYAN,Uncharacterized rhomboid family membrane protein,Peptidase S54 family,Bacteria,Bacillati,Cyanobacteriota,Oscillatoriophycideae,Oscillatoriales,Oscillatoriaceae,Moorena,Moorenaproducens,F4XST8,LYNGBM3L_24890,Moorenaproducens3L,230,,WP_008185023.1;,F4XST8;,
D4H3D8_DENA2,Rhomboid family protein,Peptidase S54 family,Bacteria,Bacteria,Deferribacterota,Deferribacteres,Deferribacterales,Geovibrionaceae,Denitrovibrio,Denitrovibrioacetiphilus,D4H3D8,Dacet_0423,Denitrovibrioacetiphilus(strainDSM12809/NBRC114555/N2460),221,,WP_013009766.1;,D4H3D8;,
A0A0G0LSE8_UNCC2,Rhomboid family protein,,Bacteria,Bacteria,BacteriadivisionCPR2,,,,,,A0A0G0LSE8,UT18_C0007G0094,candidatedivisionCPR2bacteriumGW2011_GWC2_39_10,218,,,A0A0G0LSE8;,
C6BSG1_MARSD,Rhomboid family protein,Peptidase S54 family,Bacteria,Bacteria,Thermodesulfobacteriota,Desulfovibrionia,Desulfovibrionales,Desulfovibrionaceae,Maridesulfovibrio,Maridesulfovibriosalexigens,C6BSG1,Desal_1575,Maridesulfovibriosalexigens(strainATCC14822/DSM2638/NCIMB8403/VKMB-1763)(Desulfovibriosalexigens),243,,WP_015851455.1;,C6BSG1;,
F3MU16_LACRH,,,,,,,,,,,F3MU16,,,,,,,
E7RME0_9BACT,"Peptidase, S54 family (EC 3.4.21.-)",,Bacteria,Bacteria,Bacteroidota,Bacteroidia,Bacteroidales,Prevotellaceae,Hoylesella,Hoylesellaoralis,E7RME0,HMPREF0663_10290,HoylesellaoralisATCC33269,311,3.4.21.-,WP_004368970.1;,E7RME0;,
A0A068X6M8_HYMMI,,,,,,,,,,,A0A068X6M8,,,,,,,
K9XEV7_9CHRO,Rhomboid family protein,Peptidase S54 family,Bacteria,Bacillati,Cyanobacteriota,unclassifiedGloeocapsa,Chroococcales,Chroococcaceae,Gloeocapsa,,K9XEV7,Glo7428_2654,Gloeocapsasp.PCC7428,230,,WP_015189027.1;,K9XEV7;,
D4J6S1_9FIRM,Uncharacterized membrane protein (Homolog of Drosophila rhomboid),Peptidase S54 family,Bacteria,Bacillati,Bacillota,Clostridia,Lachnospirales,Lachnospiraceae,Coprococcus,Coprococcuscatus,D4J6S1,CC1_12330,CoprococcuscatusGD/7,211,,,D4J6S1;,
A0A0C5WLJ5_9GAMM,GlpG protein,,Bacteria,Bacteria,Pseudomonadota,Gammaproteobacteria,Vibrionales,Vibrionaceae,Photobacterium,Photobacteriumgaetbulicola,A0A0C5WLJ5,H744_2c0421,PhotobacteriumgaetbulicolaGung47,276,,,A0A0C5WLJ5;,
K2PQE6_9FLAO,"Peptidase s54, rhomboid domain protein",Peptidase S54 family,Bacteria,Bacteria,Bacteroidota,Flavobacteriia,Flavobacteriales,Flavobacteriaceae,Galbibacter,,K2PQE6,I215_10625,Galbibactermarinus,215,,WP_008991965.1;,K2PQE6;,
A0A0D5YPT0_9FLAO,"Peptidase S54, rhomboid domain protein",Peptidase S54 family,Bacteria,Bacteria,Bacteroidota,Flavobacteriia,Flavobacteriales,Flavobacteriaceae,Flagellimonas,,A0A0D5YPT0,VC82_258,Flagellimonaslutaonensis,245,,WP_045800775.1;,A0A0D5YPT0;,
R5JUC0_9CLOT,,,,,,,,,,,R5JUC0,,,,,,,
Q1K2S8_DESA6,Rhomboid-like protein,Peptidase S54 family,Bacteria,Bacteria,Thermodesulfobacteriota,Desulfuromonadia,Desulfuromonadales,Desulfuromonadaceae,Desulfuromonas,Desulfuromonasacetoxidans,Q1K2S8,Dace_2055,Desulfuromonasacetoxidans(strainDSM684/11070),266,,WP_005998254.1;,Q1K2S8;,
A0A0A7I5Q3_9BIFI,Membrane protein,Peptidase S54 family,Bacteria,Bacillati,Actinomycetota,Actinomycetes,Bifidobacteriales,Bifidobacteriaceae,Bifidobacterium,Bifidobacteriumpseudolongum,A0A0A7I5Q3,AH67_00385,BifidobacteriumpseudolongumPV8-2,267,,WP_039170782.1;,A0A0A7I5Q3;,
B8E0G4_DICTD,Rhomboid family protein,,Bacteria,Bacteria,Dictyoglomota,Dictyoglomia,Dictyoglomales,Dictyoglomaceae,Dictyoglomus,Dictyoglomusturgidum,B8E0G4,Dtur_1335,Dictyoglomusturgidum(strainDSM6724/Z-1310),224,,WP_012583690.1;YP_002353223.1;,B8E0G4;,
I0Z531_COCSC,Rhomboid-domain-containing protein,Peptidase S54 family,Eukaryota,Viridiplantae,Chlorophyta,Trebouxiophyceae,,,Coccomyxa,Coccomyxasubellipsoidea,I0Z531,COCSUDRAFT_22068,Coccomyxasubellipsoidea(strainC-169)(Greenmicroalga),286,,XP_005650294.1;,I0Z531;,
A0A075WYR9_9BACT,Peptidase S54,,Bacteria,Bacteria,Thermodesulfobacteriota,Thermodesulfobacteria,Thermodesulfobacteriales,Thermodesulfobacteriaceae,Thermodesulfobacterium,Thermodesulfobacteriumcommune,A0A075WYR9,HL41_02780,ThermodesulfobacteriumcommuneDSM2178,246,,WP_038061223.1;,A0A075WYR9;,
F5Y8N1_LEAAZ,Rhomboid family protein,Peptidase S54 family,Bacteria,Bacteria,Spirochaetota,Spirochaetia,Spirochaetales,Breznakiellaceae,Leadbettera,Leadbetteraazotonutricia,F5Y8N1,TREAZ_2227,Leadbetteraazotonutricia(strainATCCBAA-888/DSM13862/ZAS-9)(Treponemaazotonutricium),213,,WP_015709825.1;,F5Y8N1;,
F9YT54_CAPCC,Uncharacterized protein C13E711 (EC 3.4.21.105),Peptidase S54 family,Bacteria,Bacteria,Bacteroidota,Flavobacteriia,Flavobacteriales,Flavobacteriaceae,Capnocytophaga,Capnocytophagacanimorsus,F9YT54,Ccan_06760,Capnocytophagacanimorsus(strain5),214,3.4.21.105,WP_013996787.1;,F9YT54;,
R5W7X2_9CLOT,Peptidase S54 family,Peptidase S54 family,Bacteria,Bacillati,Bacillota,unclassifiedClostridium,Eubacteriales,Clostridiaceae,Clostridium,,R5W7X2,BN512_00648,Clostridiumsp.CAG:167,204,,,R5W7X2;,
B8C3M6_THAPS,Peptidase S54 rhomboid domain-containing protein,Peptidase S54 family,Eukaryota,Eukaryota,Bacillariophyta,Thalassiosirophycidae,Thalassiosirales,Thalassiosiraceae,Thalassiosira,,B8C3M6,THAPSDRAFT_5695,Thalassiosirapseudonana(Marinediatom)(Cyclotellanana),331,,XP_002290394.1;,B8C3M6;,
B1ZNV7_OPITP,Rhomboid family protein,Peptidase S54 family,Bacteria,Bacteria,Verrucomicrobiota,Opitutia,Opitutales,Opitutaceae,Opitutus,Opitutusterrae,B1ZNV7,Oter_2194,Opitutusterrae(strainDSM11246/JCM15787/PB90-1),489,,WP_012375014.1;,B1ZNV7;,
A0A0F4QKK2_9GAMM,Protease,,Bacteria,Bacteria,Pseudomonadota,unclassifiedMarinomonas,Oceanospirillales,Oceanospirillaceae,Marinomonas,,A0A0F4QKK2,TW85_24165,Marinomonassp.S3726,291,,WP_046019703.1;,A0A0F4QKK2;,
W3WRT7_PESFW,Peptidase S54 rhomboid domain-containing protein,Peptidase S54 family,Eukaryota,Dikarya,Pezizomycotina,Xylariomycetidae,Xylariales,Sporocadaceae,Pestalotiopsis,Pestalotiopsisfici,W3WRT7,PFICI_11967,Pestalotiopsisfici(strainW106-1/CGMCC3.15140),293,,XP_007838739.1;,W3WRT7;,
E5WIK3_9BACI,,,,,,,,,,,E5WIK3,,,,,,,
A0A0G3QG13_9ENTR,,,,,,,,,,,A0A0G3QG13,,,,,,,
C7R6P2_KANKD,Rhomboid family protein,Peptidase S54 family,Bacteria,Bacteria,Pseudomonadota,Gammaproteobacteria,Kangiellales,Kangiellaceae,Kangiella,Kangiellakoreensis,C7R6P2,Kkor_0137,Kangiellakoreensis(strainDSM16069/JCM12317/KCTC12182/SW-125),199,,WP_012800073.1;,C7R6P2;,
E4RRA7_LEAB4,Rhomboid family protein,Peptidase S54 family,Bacteria,Bacteria,Bacteroidota,Cytophagia,Cytophagales,Leadbetterellaceae,Leadbetterella,Leadbetterellabyssophila,E4RRA7,Lbys_1891,Leadbetterellabyssophila(strainDSM17132/JCM16389/KACC11308/NBRC106382/4M15),221,,WP_013408642.1;,E4RRA7;,
Q65QG8_MANSM,GlpG protein,Peptidase S54 family,Bacteria,Bacteria,Pseudomonadota,Gammaproteobacteria,Pasteurellales,Pasteurellaceae,Basfia,[Mannheimia]succiniciproducens,Q65QG8,glpGMS2185,Mannheimiasucciniciproducens(strainKCTC0769BP/MBEL55E),291,,WP_011201337.1;,Q65QG8;,
R5NMM4_9FIRM,Peptidase S54 rhomboid domain-containing protein,Peptidase S54 family,Bacteria,Bacillati,Bacillota,unclassifiedEubacterium,Eubacteriales,Eubacteriaceae,Eubacterium,,R5NMM4,BN730_00195,Eubacteriumsp.CAG:603,344,,,R5NMM4;,
Q830J2_ENTFA,"Small hydrophobic molecule transporter protein, putative",Peptidase S54 family,Bacteria,Bacillati,Bacillota,Bacilli,Lactobacillales,Enterococcaceae,Enterococcus,Enterococcusfaecalis,Q830J2,EF_2790,Enterococcusfaecalis(strainATCC700802/V583),236,,NP_816416.1;WP_002362481.1;,Q830J2;,
A0A0N0Z0L4_9ACTN,,,,,,,,,,,A0A0N0Z0L4,,,,,,,
G0GDV1_SPITZ,Rhomboid family protein,,Bacteria,Bacteria,Spirochaetota,Spirochaetia,Spirochaetales,Spirochaetaceae,Spirochaeta,Spirochaetathermophila,G0GDV1,Spith_1973,Spirochaetathermophila(strainATCC700085/DSM6578/Z-1203),187,,WP_014625552.1;,G0GDV1;,
F3KZ35_9GAMM,GlpG protein (Membrane protein of glp regulon),,Bacteria,Bacteria,Pseudomonadota,Gammaproteobacteria,Cellvibrionales,Halieaceae,Aequoribacter,,F3KZ35,IMCC3088_101,Aequoribacterfuscus,284,,WP_009574652.1;,F3KZ35;,
H7FLZ2_FLAFP,Rhomboid family protein,Peptidase S54 family,Bacteria,Bacteria,Bacteroidota,Flavobacteriia,Flavobacteriales,Flavobacteriaceae,Flavobacterium,Flavobacteriumfrigoris,H7FLZ2,HJ01_00190,Flavobacteriumfrigoris(strainPS1),248,,WP_007136367.1;,H7FLZ2;,
A0A024FBR3_9FLAO,Rhomboid family protein,Peptidase S54 family,Bacteria,Bacteria,Bacteroidota,unclassifiedWinogradskyella,Flavobacteriales,Flavobacteriaceae,Winogradskyella,,A0A024FBR3,WPG_0131,Winogradskyellasp.PG-2,250,,WP_045468044.1;,A0A024FBR3;,
B4L8F8_DROMO,EF-hand domain-containing protein,Peptidase S54 family,Eukaryota,Metazoa,Hexapoda,Neoptera,Muscomorpha,Drosophilinae,Drosophila,mojavensisspeciescomplex,B4L8F8,Dmoj\GI14374Dmoj_GI14374,Drosophilamojavensis(Fruitfly),420,,XP_002011812.1;,B4L8F8;,
U4KS50_ALTPJ,Peptidase S54 rhomboid domain-containing protein,Peptidase S54 family,Bacteria,Bacillati,Mycoplasmatota,Mollicutes,Acholeplasmatales,Acholeplasmataceae,Alteracholeplasma,Alteracholeplasmapalmae,U4KS50,BN85411490,Alteracholeplasmapalmae(strainATCC49389/J233)(Acholeplasmapalmae),199,,WP_030003610.1;,U4KS50;,
I0Z371_COCSC,Rhomboid-domain-containing protein,Peptidase S54 family,Eukaryota,Viridiplantae,Chlorophyta,Trebouxiophyceae,,,Coccomyxa,Coccomyxasubellipsoidea,I0Z371,COCSUDRAFT_13798,Coccomyxasubellipsoidea(strainC-169)(Greenmicroalga),260,,XP_005649634.1;,I0Z371;,
W0JYD5_9EURY,,,,,,,,,,,W0JYD5,,,,,,,
L0DLW0_SINAD,Uncharacterized membrane protein,Peptidase S54 family,Bacteria,Bacteria,Planctomycetota,Planctomycetia,Isosphaerales,Isosphaeraceae,Singulisphaera,Singulisphaeraacidiphila,L0DLW0,Sinac_5702,Singulisphaeraacidiphila(strainATCCBAA-1392/DSM18658/VKMB-2454/MOB10),299,,WP_015248930.1;,L0DLW0;,
A0A060B8Y6_9GAMM,,,,,,,,,,,A0A060B8Y6,,,,,,,
A0A0A1CYS6_9MICC,Rhomboid family membrane protein (EC 3.4.21.105),Peptidase S54 family,Bacteria,Bacillati,Actinomycetota,unclassifiedArthrobacter,Micrococcales,Micrococcaceae,Arthrobacter,,A0A0A1CYS6,ART_2778,Arthrobactersp.PAMC25486,216,3.4.21.105,,A0A0A1CYS6;,
A0A0N1AH65_9PROT,Peptidase S54 rhomboid domain-containing protein,Peptidase S54 family,Bacteria,Bacteria,Pseudomonadota,unclassifiedBetaproteobacteria,,,,,A0A0N1AH65,IP80_02225,betaproteobacteriumAAP65,229,,,A0A0N1AH65;,
A0A0N0RRS3_9MICO,Rhomboid family protein,Peptidase S54 family,Bacteria,Bacillati,Actinomycetota,Actinomycetes,Micrococcales,Microbacteriaceae,Microbacterium,,A0A0N0RRS3,XI38_02445,Microbacteriumchocolatum,290,,WP_053546701.1;,A0A0N0RRS3;,
R6PSQ9_9FIRM,,,,,,,,,,,R6PSQ9,,,,,,,
E8X1Q8_GRATM,Rhomboid family protein,Peptidase S54 family,Bacteria,Bacteria,Acidobacteriota,Terriglobia,Terriglobales,Acidobacteriaceae,Granulicella,Granulicellatundricola,E8X1Q8,AciX9_0910,Granulicellatundricola(strainATCCBAA-1859/DSM23138/MP5ACTX9),280,,WP_013579301.1;,E8X1Q8;,
Q7MQ90_VIBVY,Uncharacterized membrane protein,,Bacteria,Bacteria,Pseudomonadota,Gammaproteobacteria,Vibrionales,Vibrionaceae,Vibrio,Vibriovulnificus,Q7MQ90,VV0118,Vibriovulnificus(strainYJ016),280,,WP_011079171.1;,Q7MQ90;,
A0A0G0GKT4_9BACT,"Peptidase S54, rhomboid family protein",Peptidase S54 family,Bacteria,Bacteria,,,,,,,A0A0G0GKT4,UR96_C0019G0016,candidatedivisionWS6bacteriumGW2011_GWC1_36_11,187,,,A0A0G0GKT4;,
C5B969_EDWI9,Rhomboid protease GlpG,Peptidase S54 family,Bacteria,Bacteria,Pseudomonadota,Gammaproteobacteria,Enterobacterales,Hafniaceae,Edwardsiella,Edwardsiellaictaluri,C5B969,glpGNT01EI_3681,Edwardsiellaictaluri(strain93-146),276,3.4.21.105,WP_015872847.1;,C5B969;,
L0D8H8_SINAD,Putative membrane protein,Peptidase S54 family,Bacteria,Bacteria,Planctomycetota,Planctomycetia,Isosphaerales,Isosphaeraceae,Singulisphaera,Singulisphaeraacidiphila,L0D8H8,Sinac_1327,Singulisphaeraacidiphila(strainATCCBAA-1392/DSM18658/VKMB-2454/MOB10),257,,WP_015244888.1;,L0D8H8;,
U1MI12_ASCSU,,,,,,,,,,,U1MI12,,,,,,,
C0BJI5_FLABM,,,,,,,,,,,C0BJI5,,,,,,,
H2YC20_CIOSA,Peptidase S54 rhomboid domain-containing protein,Peptidase S54 family,Eukaryota,Metazoa,Tunicata,Ascidiacea,Phlebobranchia,Cionidae,Ciona,,H2YC20,,Cionasavignyi(Pacifictransparentseasquirt),517,,,H2YC20;,
I4WF69_9GAMM,Peptidase S54 rhomboid domain-containing protein,,Bacteria,Bacteria,Pseudomonadota,unclassifiedRhodanobacter,Lysobacterales,Rhodanobacteraceae,Rhodanobacter,,I4WF69,UU5_04134,Rhodanobactersp.115,202,,WP_008209634.1;,I4WF69;,
I0HUQ4_RUBGI,Putative S54 family peptidase (EC 3.4.21.-),,Bacteria,Bacteria,Pseudomonadota,Betaproteobacteria,Burkholderiales,Sphaerotilaceae,Rubrivivax,Rubrivivaxgelatinosus,I0HUQ4,RGE_34020,Rubrivivaxgelatinosus(strainNBRC100245/IL144),198,3.4.21.-,WP_014429601.1;,I0HUQ4;,
A0A0N1MTD1_9GAMM,Rhomboid intramembrane serine protease GlpG,Peptidase S54 family,Bacteria,Bacteria,Pseudomonadota,Gammaproteobacteria,Alteromonadales,Pseudoalteromonadaceae,Pseudoalteromonas,,A0A0N1MTD1,ADS77_14740,Pseudoalteromonasporphyrae,278,,WP_054455101.1;,A0A0N1MTD1;,
I7MAS8_TETTS,S54 family peptidase,,Eukaryota,Eukaryota,Intramacronucleata,Oligohymenophorea,Tetrahymenina,Tetrahymenidae,Tetrahymena,Tetrahymenathermophila,I7MAS8,TTHERM_00780990,Tetrahymenathermophila(strainSB210),249,,XP_001026255.2;,I7MAS8;,
G8YL09_PICSO,Rhomboid-type serine protease (EC 3.4.21.105),Peptidase S54 family,Eukaryota,Dikarya,Saccharomycotina,Pichiomycetes,Serinales,Debaryomycetaceae,Millerozyma,Millerozymafarinosa,G8YL09,Piso0_001522GNLVRS01_PISO0F08255g,Pichiasorbitophila(strainATCCMYA-4447/BCRC22081/CBS7064/NBRC10061/NRRLY-12695)(Hybridyeast),578,3.4.21.105,,G8YL09;,
D9SMQ1_CLOC7,Rhomboid family protein,Peptidase S54 family,Bacteria,Bacillati,Bacillota,Clostridia,Eubacteriales,Clostridiaceae,Clostridium,Clostridiumcellulovorans,D9SMQ1,Clocel_0047,Clostridiumcellulovorans(strainATCC35296/DSM3052/OCM3/743B),326,,WP_010073054.1;,D9SMQ1;,
G7Z1K6_AZOL4,Peptidase S54 rhomboid domain-containing protein,,Bacteria,Bacteria,Pseudomonadota,Alphaproteobacteria,Rhodospirillales,Azospirillaceae,Azospirillum,Azospirillumlipoferum,G7Z1K6,AZOLI_1810,Azospirillumlipoferum(strain4B),247,,WP_014248080.1;,G7Z1K6;,
A0A088F5A7_9SPHI,Transmembrane rhomboid family protein,Peptidase S54 family,Bacteria,Bacteria,Bacteroidota,unclassifiedSphingobacterium,Sphingobacteriales,Sphingobacteriaceae,Sphingobacterium,,A0A088F5A7,KO02_20540,Sphingobacteriumsp.ML3W,240,,WP_038701100.1;,A0A088F5A7;,
A0A022PW05_ERYGU,RHOMBOID-like protein (EC 3.4.21.105),Peptidase S54 family,Eukaryota,Viridiplantae,Streptophytina,Magnoliopsida,Lamiales,Phrymaceae,Erythranthe,,A0A022PW05,MIMGU_mgv1a017817mg,Erythrantheguttata(Yellowmonkeyflower)(Mimulusguttatus),388,3.4.21.105,XP_012827799.1;,A0A022PW05;,
A0A068JL61_9DELT,,,,,,,,,,,A0A068JL61,,,,,,,
D3UYB4_XENBS,Rhomboid protease GlpG,Peptidase S54 family,Bacteria,Bacteria,Pseudomonadota,Gammaproteobacteria,Enterobacterales,Morganellaceae,Xenorhabdus,Xenorhabdusbovienii,D3UYB4,glpGXBJ1_0141,Xenorhabdusbovienii(strainSS-2004)(Xenorhabdusnematophilasubsp.bovienii),277,3.4.21.105,WP_012986759.1;,D3UYB4;,
N8YEH4_9GAMM,Peptidase S54 rhomboid domain-containing protein,Peptidase S54 family,Bacteria,Bacteria,Pseudomonadota,Gammaproteobacteria,Moraxellales,Moraxellaceae,Acinetobacter,Acinetobactergerneri,N8YEH4,F960_00666,AcinetobactergerneriDSM14967=CIP107464=MTCC9824,272,,WP_004856747.1;,N8YEH4;,
R5R8B2_9FIRM,,,,,,,,,,,R5R8B2,,,,,,,
S0KQE2_9ENTE,Peptidase S54 rhomboid domain-containing protein,Peptidase S54 family,Bacteria,Bacillati,Bacillota,Bacilli,Lactobacillales,Enterococcaceae,Enterococcus,Enterococcussulfureus,S0KQE2,I573_01396,EnterococcussulfureusATCC49903,226,,WP_016185736.1;,S0KQE2;,
A0A0G4IHM5_PLABS,rhomboid protease (EC 3.4.21.105),Peptidase S54 family,Eukaryota,Eukaryota,Endomyxa,Phytomyxea,Plasmodiophorida,Plasmodiophoridae,Plasmodiophora,,A0A0G4IHM5,PBRA_000356,Plasmodiophorabrassicae(Clubrootdiseaseagent),310,3.4.21.105,,A0A0G4IHM5;,
A0A0G0G5I4_9BACT,Rhomboid family protein,Peptidase S54 family,Bacteria,Bacteria,,unclassifiedMicrogenomatesgroup,,,,,A0A0G0G5I4,US39_C0001G0112,MicrogenomatesgroupbacteriumGW2011_GWC1_37_12b,226,,,A0A0G0G5I4;,
H5U0L8_9ACTN,Rhomboid family protein,Peptidase S54 family,Bacteria,Bacillati,Actinomycetota,Actinomycetes,Mycobacteriales,Gordoniaceae,Gordonia,Gordoniasputi,H5U0L8,GOSPT_062_00210,GordoniasputiNBRC100414,234,,WP_005205874.1;,H5U0L8;,
R5YSD1_9FIRM,Peptidase S54 family,,Bacteria,Bacillati,Bacillota,unclassifiedRoseburia,Lachnospirales,Lachnospiraceae,Roseburia,,R5YSD1,BN528_00073,Roseburiasp.CAG:197,195,,,R5YSD1;,
A0A087SAI7_AUXPR,Peptidase S54 rhomboid domain-containing protein,Peptidase S54 family,Eukaryota,Viridiplantae,Chlorophyta,Trebouxiophyceae,Chlorellales,Chlorellaceae,Auxenochlorella,,A0A087SAI7,F751_2932,Auxenochlorellaprotothecoides(Greenmicroalga)(Chlorellaprotothecoides),239,,XP_011395606.1;,A0A087SAI7;,
K4RBY5_STRDJ,Peptidase S54 rhomboid domain-containing protein,Peptidase S54 family,Bacteria,Bacillati,Actinomycetota,Actinomycetes,Kitasatosporales,Streptomycetaceae,Streptomyces,Streptomycesdavaonensis,K4RBY5,BN159_6426,Streptomycesdavaonensis(strainDSM101723/JCM4913/KCCS-0913/768),303,,WP_015661140.1;,K4RBY5;,
W5P019_SHEEP,Rhomboid domain-containing protein 3,,Eukaryota,Metazoa,Craniata,Mammalia,Pecora,Caprinae,Ovis,,W5P019,RHBDD3,Ovisaries(Sheep),344,,,W5P019;,
A0A098EZP1_9BACI,Rhomboid protein membrane-associated serine peptidase,Peptidase S54 family,Bacteria,Bacillati,Bacillota,unclassifiedBacillus,Bacillales,Bacillaceae,Bacillus,,A0A098EZP1,BN1002_02732,Bacillussp.B-jedd,519,,WP_048825513.1;,A0A098EZP1;,
A1S0S3_THEPD,Rhomboid family protein,Peptidase S54 family,Archaea,Thermoproteati,Thermoproteota,Thermoprotei,Thermofilales,Thermofilaceae,Thermofilum,Thermofilumpendens,A1S0S3,Tpen_1658,Thermofilumpendens(strainDSM2475/Hrk5),444,,WP_011753318.1;,A1S0S3;,
A0A0E3ULV1_9GAMM,Membrane protein,,Bacteria,Bacteria,Pseudomonadota,Gammaproteobacteria,Lysobacterales,Lysobacteraceae,Pseudoxanthomonas,,A0A0E3ULV1,WQ53_00455,Pseudoxanthomonassuwonensis,205,,WP_052629507.1;,A0A0E3ULV1;,
W6MXL9_9ASCO,Peptidase S54 rhomboid domain-containing protein,Peptidase S54 family,Eukaryota,Dikarya,Saccharomycotina,Pichiomycetes,Pichiales,Pichiaceae,Kuraishia,Kuraishiacapsulata,W6MXL9,KUCA_T00005107001,KuraishiacapsulataCBS1993,346,,,W6MXL9;,
S5YF59_PARAH,Rhomboid family protein,,Bacteria,Bacteria,Pseudomonadota,Alphaproteobacteria,Rhodobacterales,Paracoccaceae,Paracoccus,Paracoccusaminophilus,S5YF59,JCM7686_3052,ParacoccusaminophilusJCM7686,240,,WP_020951725.1;,S5YF59;,
D2RWK7_HALTV,Rhomboid family protein,Peptidase S54 family,Archaea,Methanobacteriati,Methanobacteriota,Halobacteria,Halobacteriales,Natrialbaceae,Haloterrigena,Haloterrigenaturkmenica,D2RWK7,Htur_2632,Haloterrigenaturkmenica(strainATCC51198/DSM5511/JCM9101/NCIMB13204/VKMB-1734/4k)(Halococcusturkmenicus),310,,,D2RWK7;,
A0LQS9_ACIC1,Rhomboid family protein,Peptidase S54 family,Bacteria,Bacillati,Actinomycetota,Actinomycetes,Acidothermales,Acidothermaceae,Acidothermus,Acidothermuscellulolyticus,A0LQS9,Acel_0013,Acidothermuscellulolyticus(strainATCC43068/DSM8971/11B),287,,,A0LQS9;,
C7DB06_9RHOB,Rhomboid family protein,Peptidase S54 family,Bacteria,Bacteria,Pseudomonadota,unclassifiedThalassobium,Rhodobacterales,Paracoccaceae,Thalassobium,,C7DB06,TR2A62_1744,Thalassobiumsp.R2A62,246,,WP_009160368.1;,C7DB06;,
C8NCM5_CARH6,"Peptidase, S54 family (EC 3.4.21.-)",,Bacteria,Bacteria,Pseudomonadota,Gammaproteobacteria,Cardiobacteriales,Cardiobacteriaceae,Cardiobacterium,Cardiobacteriumhominis,C8NCM5,HMPREF0198_2253,Cardiobacteriumhominis(strainATCC15826/DSM8339/NCTC10426/6573),195,3.4.21.-,,C8NCM5;,
E1QKC8_DESB2,Rhomboid family protein,Peptidase S54 family,Bacteria,Bacteria,Thermodesulfobacteriota,Desulfarculia,Desulfarculales,Desulfarculaceae,Desulfarculus,Desulfarculusbaarsii,E1QKC8,Deba_2667,Desulfarculusbaarsii(strainATCC33931/DSM2075/LMG7858/VKMB-1802/2st14),230,,WP_013259460.1;,E1QKC8;,
A0A0F7FUN4_9ACTN,Rhomboid family protein,Peptidase S54 family,Bacteria,Bacillati,Actinomycetota,Actinomycetes,Kitasatosporales,Streptomycetaceae,Streptomyces,,A0A0F7FUN4,SXIM_27030,Streptomycesxiamenensis,295,,WP_030732656.1;,A0A0F7FUN4;,
E3J3G2_PSEI1,Rhomboid family protein,Peptidase S54 family,Bacteria,Bacillati,Actinomycetota,Actinomycetes,Frankiales,Frankiaceae,Pseudofrankia,,E3J3G2,FraEuI1c_0076,Pseudofrankiainefficax(strainDSM45817/CECT9037/DDB130130/EuI1c)(Frankiainefficax),390,,,E3J3G2;,
W0EYQ0_9BACT,Peptidase S9,Peptidase S54 family,Bacteria,Bacteria,Bacteroidota,Chitinophagia,Chitinophagales,Chitinophagaceae,Niabella,Niabellasoli,W0EYQ0,NIASO_01330,NiabellasoliDSM19437,230,,WP_008582087.1;,W0EYQ0;,
A0A0N5D190_THECL,Rhomboid protease,Peptidase S54 family,Eukaryota,Metazoa,Nematoda,Chromadorea,Spiruromorpha,Thelaziidae,Thelazia,,A0A0N5D190,,Thelaziacallipaeda(Orientaleyeworm)(Parasiticnematode),332,,,A0A0N5D190;,
I3ZLB5_TERRK,Putative membrane protein,,Bacteria,Bacteria,Acidobacteriota,Terriglobia,Terriglobales,Acidobacteriaceae,Terriglobus,Terriglobusroseus,I3ZLB5,Terro_3824,Terriglobusroseus(strainDSM18391/NRRLB-41598/KBS63),232,,WP_014787293.1;,I3ZLB5;,
A6EJK1_9SPHI,Putative transmembrane rhomboid family protein,Peptidase S54 family,Bacteria,Bacteria,Bacteroidota,unclassifiedPedobacter,Sphingobacteriales,Sphingobacteriaceae,Pedobacter,,A6EJK1,PBAL39_08906,Pedobactersp.BAL39,250,,WP_008245847.1;,A6EJK1;,
A0A0G4IZ55_PLABS,rhomboid protease (EC 3.4.21.105),Peptidase S54 family,Eukaryota,Eukaryota,Endomyxa,Phytomyxea,Plasmodiophorida,Plasmodiophoridae,Plasmodiophora,,A0A0G4IZ55,PBRA_008065,Plasmodiophorabrassicae(Clubrootdiseaseagent),374,3.4.21.105,,A0A0G4IZ55;,
J0XCD7_9ACTO,"Peptidase, S54 family (EC 3.4.21.-)",Peptidase S54 family,Bacteria,Bacillati,Actinomycetota,Actinomycetes,Actinomycetales,Actinomycetaceae,Actinomyces,Actinomycesmassiliensis,J0XCD7,HMPREF1318_0145,ActinomycesmassiliensisF0489,279,3.4.21.-,WP_008730738.1;,J0XCD7;,
F4KT29_HALH1,Rhomboid family protein,,Bacteria,Bacteria,Bacteroidota,Saprospiria,Saprospirales,Haliscomenobacteraceae,Haliscomenobacter,Haliscomenobacterhydrossis,F4KT29,Halhy_2217,Haliscomenobacterhydrossis(strainATCC27775/DSM1100/LMG10767/O),228,,,F4KT29;,
A0A0N1M642_9MICO,Peptidase S54 rhomboid domain-containing protein,Peptidase S54 family,Bacteria,Bacillati,Actinomycetota,unclassifiedFrigoribacterium,Micrococcales,Microbacteriaceae,Frigoribacterium,,A0A0N1M642,AEQ27_05305,Frigoribacteriumsp.RIT-PI-h,282,,WP_054145711.1;,A0A0N1M642;,
I0LDA7_9ACTN,Rhomboid family protein,Peptidase S54 family,Bacteria,Bacillati,Actinomycetota,Actinomycetes,Micromonosporales,Micromonosporaceae,Micromonospora,Micromonosporalupini,I0LDA7,MILUP08_30089,Micromonosporalupinistr.Lupac08,303,,WP_007453639.1;,I0LDA7;,
J4D8M0_THEOR,Peptidase S54 rhomboid domain-containing protein,Peptidase S54 family,Eukaryota,Eukaryota,Apicomplexa,Aconoidasida,Piroplasmida,Theileriidae,Theileria,Theileriaorientalis,J4D8M0,TOT_030000117,TheileriaorientalisstrainShintoku,411,,XP_009691156.1;,J4D8M0;,
A0A0A2FRP4_9PORP,Membrane protein (Rhomboid family),Peptidase S54 family,Bacteria,Bacteria,Bacteroidota,Bacteroidia,Bacteroidales,Porphyromonadaceae,Porphyromonas,,A0A0A2FRP4,HQ38_04445NCTC12858_01118,Porphyromonascrevioricanis,240,,WP_036887525.1;,,
E2S8T5_9ACTN,"Peptidase, S54 family (EC 3.4.21.-)",Peptidase S54 family,Bacteria,Bacillati,Actinomycetota,Actinomycetes,Propionibacteriales,Nocardioidaceae,Aeromicrobium,Aeromicrobiummarinum,E2S8T5,HMPREF0063_10442,AeromicrobiummarinumDSM15272,283,3.4.21.-,WP_007079321.1;,E2S8T5;,
S3BYT1_OPHP1,Presenilins-associated rhomboid-like mitochondrial-like protein,Peptidase S54 family,Eukaryota,Dikarya,Pezizomycotina,Sordariomycetidae,Ophiostomatales,Ophiostomataceae,Ophiostoma,Ophiostomapiceae,S3BYT1,F503_02557,Ophiostomapiceae(strainUAMH11346)(Sapstainfungus),893,,,S3BYT1;,
K9W5L0_9CYAN,"Peptidase S54, rhomboid domain protein",,Bacteria,Bacillati,Cyanobacteriota,Cyanophyceae,Gomontiellales,Gomontiellaceae,Crinalium,Crinaliumepipsammum,K9W5L0,Cri9333_4277,CrinaliumepipsammumPCC9333,237,,WP_015205158.1;,K9W5L0;,
Q1DD94_MYXXD,Rhomboid family protein,Peptidase S54 family,Bacteria,Bacteria,Myxococcota,Myxococcia,Cystobacterineae,Myxococcaceae,Myxococcus,Myxococcusxanthus,Q1DD94,MXAN_1119,Myxococcusxanthus(strainDK1622),675,,,Q1DD94;,
D7VKZ9_SPHSI,"Peptidase, S54 family (EC 3.4.21.-)",Peptidase S54 family,Bacteria,Bacteria,Bacteroidota,Sphingobacteriia,Sphingobacteriales,Sphingobacteriaceae,Sphingobacterium,Sphingobacteriumspiritivorum,D7VKZ9,HMPREF0766_11668,SphingobacteriumspiritivorumATCC33861,225,3.4.21.-,WP_002999670.1;,D7VKZ9;,
A6NPV3_9FIRM,"Peptidase, S54 family (EC 3.4.21.-)",,Bacteria,Bacillati,Bacillota,Clostridia,Eubacteriales,Oscillospiraceae,Pseudoflavonifractor,Pseudoflavonifractorcapillosus,A6NPV3,BACCAP_00220,PseudoflavonifractorcapillosusATCC29799,186,3.4.21.-,WP_006570784.1;,A6NPV3;,
D0LXB1_HALO1,Rhomboid family protein,Peptidase S54 family,Bacteria,Bacteria,Myxococcota,Polyangia,Haliangiales,Kofleriaceae,Haliangium,Haliangiumochraceum,D0LXB1,Hoch_3651,Haliangiumochraceum(strainDSM14365/JCM11303/SMP-2),747,,WP_012828752.1;,D0LXB1;,
A0A0A2E355_9PORP,Membrane protein (Rhomboid protease AarA (EC 3.4.21.105)),,Bacteria,Bacteria,Bacteroidota,Bacteroidia,Bacteroidales,Porphyromonadaceae,Porphyromonas,,A0A0A2E355,aarAHQ47_07320NCTC11632_00014,Porphyromonasmacacae,236,3.4.21.105,WP_025003459.1;,A0A0A2E355;,
V4B3M7_LOTGI,Peptidase S54 rhomboid domain-containing protein,Peptidase S54 family,Eukaryota,Metazoa,Mollusca,Patellogastropoda,,Lottiidae,Lottia,,V4B3M7,LOTGIDRAFT_230028,Lottiagigantea(Giantowllimpet),408,,XP_009044482.1;,V4B3M7;,
R7GMD4_9FIRM,Peptidase S54 family,,Bacteria,Bacillati,Bacillota,Erysipelotrichia,Erysipelotrichales,Coprobacillaceae,Catenibacterium,,R7GMD4,BN591_00579,Catenibacteriumsp.CAG:290,206,,,R7GMD4;,
D0Z194_PHODD,Protein GlpG,,Bacteria,Bacteria,Pseudomonadota,Gammaproteobacteria,Vibrionales,Vibrionaceae,Photobacterium,Photobacteriumdamselaesubsp.damselae,D0Z194,VDA_003308,Photobacteriumdamselaesubsp.damselaeCIP102761,281,,WP_005302457.1;,D0Z194;,
Q98ND6_RHILO,Mlr0187 protein,,Bacteria,Bacteria,Pseudomonadota,Alphaproteobacteria,Hyphomicrobiales,Phyllobacteriaceae,Mesorhizobium,Mesorhizobiumjaponicum,Q98ND6,mlr0187,Mesorhizobiumjaponicum(strainLMG29417/CECT9101/MAFF303099)(Mesorhizobiumloti(strainMAFF303099)),237,,,Q98ND6;,
Q47KQ8_THEFY,Peptidase S54 rhomboid domain-containing protein,Peptidase S54 family,Bacteria,Bacillati,Actinomycetota,Actinomycetes,Streptosporangiales,Nocardiopsidaceae,Thermobifida,Thermobifidafusca,Q47KQ8,Tfu_2931,Thermobifidafusca(strainYX),209,,,Q47KQ8;,
A0A0F2Q637_9CLOT,Protease,,Bacteria,Bacillati,Bacillota,unclassifiedClostridiaceae,Eubacteriales,Clostridiaceae,,,A0A0F2Q637,VR72_07505,ClostridiaceaebacteriumBRH_c20a,226,,,A0A0F2Q637;,
B3E582_TRIL1,Rhomboid family protein,,Bacteria,Bacteria,Thermodesulfobacteriota,Desulfuromonadia,Geobacterales,Geobacteraceae,Trichlorobacter,Trichlorobacterlovleyi,B3E582,Glov_2353,Trichlorobacterlovleyi(strainATCCBAA-1151/DSM17278/SZ)(Geobacterlovleyi),312,,WP_012470402.1;,B3E582;,
Q1QMT1_NITHX,Rhomboid-like protein,,Bacteria,Bacteria,Pseudomonadota,Alphaproteobacteria,Hyphomicrobiales,Nitrobacteraceae,Nitrobacter,Nitrobacterhamburgensis,Q1QMT1,Nham_1648,Nitrobacterhamburgensis(strainDSM10229/NCIMB13809/X14),262,,,Q1QMT1;,
A4CD63_9GAMM,Hypothetical rhomboid family protein,Peptidase S54 family,Bacteria,Bacteria,Pseudomonadota,Gammaproteobacteria,Alteromonadales,Pseudoalteromonadaceae,Pseudoalteromonas,Pseudoalteromonastunicata,A4CD63,PTD2_15742,PseudoalteromonastunicataD2,201,,WP_009838768.1;,A4CD63;,
R6QP05_9CLOT,,,,,,,,,,,R6QP05,,,,,,,
D2QZE4_PIRSD,Rhomboid family protein,Peptidase S54 family,Bacteria,Bacteria,Planctomycetota,Planctomycetia,Pirellulales,Pirellulaceae,Pirellula,Pirellulastaleyi,D2QZE4,Psta_0005,Pirellulastaleyi(strainATCC27377/DSM6068/ICPB4128)(Pirellastaleyi),269,,WP_012908967.1;,D2QZE4;,
H6NLY0_9BACL,Peptidase S54 rhomboid domain-containing protein,Peptidase S54 family,Bacteria,Bacillati,Bacillota,Bacilli,Bacillales,Paenibacillaceae,Paenibacillus,Paenibacillusmucilaginosus,H6NLY0,PM3016_4963,Paenibacillusmucilaginosus3016,383,,WP_014371333.1;,H6NLY0;,
Q02C85_SOLUE,Rhomboid family protein,Peptidase S54 family,Bacteria,Bacteria,Acidobacteriota,Terriglobia,Bryobacterales,Solibacteraceae,CandidatusSolibacter,Solibacterusitatus,Q02C85,Acid_0319,Solibacterusitatus(strainEllin6076),280,,,Q02C85;,
I0X7Q5_9SPIR,Putative membrane protein,Peptidase S54 family,Bacteria,Bacteria,Spirochaetota,unclassifiedTreponema,Spirochaetales,Treponemataceae,Treponema,,I0X7Q5,MSI_18130,Treponemasp.JC4,217,,WP_009105981.1;,I0X7Q5;,
Q28JG3_JANSC,Rhomboid-like protein,Peptidase S54 family,Bacteria,Bacteria,Pseudomonadota,unclassifiedJannaschia,Rhodobacterales,Roseobacteraceae,Jannaschia,,Q28JG3,Jann_4233,Jannaschiasp.(strainCCS1),211,,WP_011453075.1;,Q28JG3;,
H3NVJ5_9GAMM,Putative membrane protein,Peptidase S54 family,Bacteria,Bacteria,Pseudomonadota,unclassifiedHalieaceae,Cellvibrionales,Halieaceae,,,H3NVJ5,OMB55_00013210,gammaproteobacteriumHIMB55,209,,,H3NVJ5;,
A0A0F2Q011_9CLOT,Peptidase S54 rhomboid domain-containing protein,Peptidase S54 family,Bacteria,Bacillati,Bacillota,unclassifiedClostridiaceae,Eubacteriales,Clostridiaceae,,,A0A0F2Q011,VR72_16995,ClostridiaceaebacteriumBRH_c20a,198,,,A0A0F2Q011;,
R5VQZ7_9FIRM,,,,,,,,,,,R5VQZ7,,,,,,,
K0Z1U2_9CORY,Peptidase S54 rhomboid domain-containing protein,,Bacteria,Bacillati,Actinomycetota,Actinomycetes,Mycobacteriales,Corynebacteriaceae,Corynebacterium,Corynebacteriumotitidis,K0Z1U2,HMPREF9719_01769,CorynebacteriumotitidisATCC51513,223,,,K0Z1U2;,
C4L131_EXISA,Rhomboid family protein,Peptidase S54 family,Bacteria,Bacillati,Bacillota,unclassifiedExiguobacterium,Bacillales,,Exiguobacterium,,C4L131,EAT1b_2071,Exiguobacteriumsp.(strainATCCBAA-1283/AT1b),241,,WP_015880553.1;,C4L131;,
A0A0G2Z6A4_9BACT,Peptidase S54,,Bacteria,Bacteria,Thermotogota,Thermotogae,Kosmotogales,Kosmotogaceae,Kosmotoga,,A0A0G2Z6A4,IX53_03720,Kosmotogapacifica,231,,WP_047754212.1;,A0A0G2Z6A4;,
Q5SIA0_THET8,Peptidase S54 rhomboid domain-containing protein,Peptidase S54 family,Bacteria,Bacteria,Deinococcota,Deinococci,Thermales,Thermaceae,Thermus,Thermusthermophilus,Q5SIA0,TTHA1474,Thermusthermophilus(strainATCC27634/DSM579/HB8),210,,WP_011173524.1;YP_144740.1;,Q5SIA0;,
V4B3N9_LOTGI,EF-hand domain-containing protein,Peptidase S54 family,Eukaryota,Metazoa,Mollusca,Patellogastropoda,,Lottiidae,Lottia,,V4B3N9,LOTGIDRAFT_230044,Lottiagigantea(Giantowllimpet),375,,XP_009044507.1;,V4B3N9;,
M1VE62_CYAM1,Peptidase S54 rhomboid domain-containing protein,Peptidase S54 family,Eukaryota,Eukaryota,Rhodophyta,Bangiophyceae,Cyanidiales,Cyanidiaceae,Cyanidioschyzon,Cyanidioschyzonmerolae,M1VE62,CYME_CMA063C,Cyanidioschyzonmerolae(strainNIES-3377/10D)(Unicellularredalga),425,,XP_005535059.1;,M1VE62;,
F2JJ73_CELLD,"Peptidase S54, rhomboid domain",,Bacteria,Bacillati,Bacillota,Clostridia,Lachnospirales,Cellulosilyticaceae,Cellulosilyticum,Cellulosilyticumlentocellum,F2JJ73,Clole_2665,Cellulosilyticumlentocellum(strainATCC49066/DSM5427/NCIMB11756/RHM5)(Clostridiumlentocellum),187,,WP_013657659.1;,F2JJ73;,
F2I672_AERUA,"Peptidase, S54 family (EC 3.4.21.-)",Peptidase S54 family,Bacteria,Bacillati,Bacillota,Bacilli,Lactobacillales,Aerococcaceae,Aerococcus,,F2I672,HMPREF9243_1505,Aerococcusurinae(strainCCUG59500/ACS-120-V-Col10a),221,3.4.21.-,WP_013668529.1;,F2I672;,
F2UAF0_SALR5,SH2 domain-containing protein,,Eukaryota,Eukaryota,,Choanoflagellata,Craspedida,Salpingoecidae,Salpingoeca,,F2UAF0,PTSG_05431,Salpingoecarosetta(strainATCC50818/BSB-021),745,,XP_004994006.1;,F2UAF0;,
H1Z6T2_MYROD,,,,,,,,,,,H1Z6T2,,,,,,,
E8R1J5_ISOPI,Rhomboid family protein,,Bacteria,Bacteria,Planctomycetota,Planctomycetia,Isosphaerales,Isosphaeraceae,Isosphaera,Isosphaerapallida,E8R1J5,Isop_2847,Isosphaerapallida(strainATCC43644/DSM9630/IS1B),311,,WP_013565701.1;,E8R1J5;,
F9PLD9_9ACTO,"Peptidase, S54 family (EC 3.4.21.-)",Peptidase S54 family,Bacteria,Bacillati,Actinomycetota,unclassifiedActinomyces,Actinomycetales,Actinomycetaceae,Actinomyces,Actinomycessp.oraltaxon175,F9PLD9,HMPREF9058_0320,Actinomycessp.oraltaxon175str.F0384,284,3.4.21.-,WP_009406936.1;,F9PLD9;,
A0R299_MYCS2,Rhomboid family protein,Peptidase S54 family,Bacteria,Bacillati,Actinomycetota,Actinomycetes,Mycobacteriales,Mycobacteriaceae,Mycolicibacterium,Mycolicibacteriumsmegmatis,A0R299,MSMEG_5036,Mycolicibacteriumsmegmatis(strainATCC700084/mc(2)155)(Mycobacteriumsmegmatis),250,,YP_889287.1;,A0R299;,
Q63L95_BURPS,Family S54 unassigned peptidase,Peptidase S54 family,Bacteria,Bacteria,Pseudomonadota,Betaproteobacteria,Burkholderiales,Burkholderiaceae,Burkholderia,Burkholderiapseudomallei,Q63L95,BPSS1113,Burkholderiapseudomallei(strainK96243),229,,YP_111126.1;,Q63L95;,
R4FNW0_RHOPR,Peptidase S54 rhomboid domain-containing protein,Peptidase S54 family,Eukaryota,Metazoa,Hexapoda,Neoptera,Cimicomorpha,Triatominae,Rhodnius,,R4FNW0,,Rhodniusprolixus(Triatomidbug),296,,,R4FNW0;,
V5XGU3_MYCNE,Membrane protein,Peptidase S54 family,Bacteria,Bacillati,Actinomycetota,Actinomycetes,Mycobacteriales,Mycobacteriaceae,Mycolicibacterium,Mycolicibacteriumneoaurum,V5XGU3,D174_22995,MycolicibacteriumneoaurumVKMAc-1815D,292,,WP_019510301.1;,V5XGU3;,
A9V3A3_MONBE,Peptidase S54 rhomboid domain-containing protein,Peptidase S54 family,Eukaryota,Eukaryota,,Choanoflagellata,Craspedida,Salpingoecidae,Monosiga,,A9V3A3,MONBRDRAFT_33060,Monosigabrevicollis(Choanoflagellate),310,,XP_001747101.1;,A9V3A3;,
B6WRA9_9BACT,"Peptidase, S54 family (EC 3.4.21.-)",,Bacteria,Bacteria,Thermodesulfobacteriota,Desulfovibrionia,Desulfovibrionales,Desulfovibrionaceae,Desulfovibrio,Desulfovibriopiger,B6WRA9,DESPIG_00596,DesulfovibriopigerATCC29098,321,3.4.21.-,WP_006004581.1;,B6WRA9;,
G7CCR3_MYCT3,Rhomboid family protein,Peptidase S54 family,Bacteria,Bacillati,Actinomycetota,Actinomycetes,Mycobacteriales,Mycobacteriaceae,Mycolicibacterium,Mycolicibacteriumthermoresistibile,G7CCR3,KEK_03797,Mycolicibacteriumthermoresistibile(strainATCC19527/DSM44167/CIP105390/JCM6362/NCTC10409/316)(Mycobacteriumthermoresistibile),281,,,G7CCR3;,
A0A078HE98_BRANA,(rape) hypothetical protein (BnaA08g19310D protein),Peptidase S54 family,Eukaryota,Viridiplantae,Streptophytina,Magnoliopsida,Brassicales,Brassicaceae,Brassica,,A0A078HE98,BnaA08g19310DDARMORV10_A08P26860.1GSBRNA2T00059957001,Brassicanapus(Rape),334,,,A0A078HE98;,
A8H533_SHEPA,Rhomboid family protein,,Bacteria,Bacteria,Pseudomonadota,Gammaproteobacteria,Alteromonadales,Shewanellaceae,Shewanella,Shewanellapealeana,A8H533,Spea_2350,Shewanellapealeana(strainATCC700345/ANG-SQ1),200,,WP_012155584.1;,A8H533;,
Q8ESL0_OCEIH,Hypothetical conserved protein,Peptidase S54 family,Bacteria,Bacillati,Bacillota,Bacilli,Bacillales,Bacillaceae,Oceanobacillus,Oceanobacillusiheyensis,Q8ESL0,OB0618,Oceanobacillusiheyensis(strainDSM14371/CIP107618/JCM11309/KCTC3954/HTE831),258,,WP_011065023.1;,Q8ESL0;,
D5SWS1_PLAL2,Rhomboid family protein,,Bacteria,Bacteria,Planctomycetota,Planctomycetia,Planctomycetales,Planctomycetaceae,Planctopirus,Planctopiruslimnophila,D5SWS1,Plim_1588,Planctopiruslimnophila(strainATCC43296/DSM3776/IFAM1008/Mu290)(Planctomyceslimnophilus),296,,WP_013109852.1;,D5SWS1;,
B4WIX2_SYNS7,"Peptidase, S54 (Rhomboid) family",Peptidase S54 family,Bacteria,Bacillati,Cyanobacteriota,unclassifiedSynechococcus,Synechococcales,Synechococcaceae,Synechococcus,,B4WIX2,S7335_3761,Synechococcussp.(strainATCC29403/PCC7335),236,,WP_006455817.1;,B4WIX2;,
D1BI17_SANKS,Uncharacterized membrane protein,Peptidase S54 family,Bacteria,Bacillati,Actinomycetota,Actinomycetes,Micrococcales,Sanguibacteraceae,Sanguibacter,Sanguibacterkeddieii,D1BI17,Sked_00140,Sanguibacterkeddieii(strainATCC51767/DSM10542/NCFB3025/ST-74),286,,,D1BI17;,
B1VE22_CORU7,Putative membrane protein,Peptidase S54 family,Bacteria,Bacillati,Actinomycetota,Actinomycetes,Mycobacteriales,Corynebacteriaceae,Corynebacterium,Corynebacteriumurealyticum,B1VE22,cu0051,Corynebacteriumurealyticum(strainATCC43042/DSM7109),230,,WP_012359317.1;,B1VE22;,
B2II04_BEII9,Rhomboid family protein,Peptidase S54 family,Bacteria,Bacteria,Pseudomonadota,Alphaproteobacteria,Hyphomicrobiales,Beijerinckiaceae,Beijerinckia,Beijerinckiaindicasubsp.indica,B2II04,Bind_0940,Beijerinckiaindicasubsp.indica(strainATCC9039/DSM1715/NCIMB8712),265,,WP_012383944.1;,B2II04;,
F7KPM9_9FIRM,Peptidase S54 rhomboid domain-containing protein,Peptidase S54 family,Bacteria,Bacillati,Bacillota,unclassifiedLachnospiraceae,Lachnospirales,Lachnospiraceae,,,F7KPM9,HMPREF0993_00956,Lachnospiraceaebacterium5_1_57FAA,204,,,F7KPM9;,
A0KJ98_AERHH,Integral membrane protein,,Bacteria,Bacteria,Pseudomonadota,Gammaproteobacteria,Aeromonadales,Aeromonadaceae,Aeromonas,Aeromonashydrophilasubsp.hydrophila,A0KJ98,AHA_1814,Aeromonashydrophilasubsp.hydrophila(strainATCC7966/DSM30187/BCRC13018/CCUG14551/JCM1027/KCTC2358/NCIMB9240/NCTC8049),185,,YP_856349.1;,A0KJ98;,
Q0VRW4_ALCBS,Peptidase S54 rhomboid domain-containing protein,,Bacteria,Bacteria,Pseudomonadota,Gammaproteobacteria,Oceanospirillales,Alcanivoracaceae,Alcanivorax,Alcanivoraxborkumensis,Q0VRW4,ABO_0636,Alcanivoraxborkumensis(strainATCC700651/DSM11573/NCIMB13689/SK2),200,,WP_011587921.1;,Q0VRW4;,
D1CAD1_SPHTD,Rhomboid family protein,Peptidase S54 family,Bacteria,Bacteria,Thermomicrobiota,Thermomicrobia,Sphaerobacterineae,Sphaerobacteraceae,Sphaerobacter,Sphaerobacterthermophilus,D1CAD1,Sthe_3374,Sphaerobacterthermophilus(strainATCC49802/DSM20745/KCCM41009/NCIMB13125/S6022),321,,WP_012873809.1;,D1CAD1;,
H3E6P5_PRIPA,,,,,,,,,,,H3E6P5,,,,,,,
L7UHH6_MYXSD,S54 family peptidase,Peptidase S54 family,Bacteria,Bacteria,Myxococcota,Myxococcia,Cystobacterineae,Myxococcaceae,Myxococcus,Myxococcusstipitatus,L7UHH6,MYSTI_06180,Myxococcusstipitatus(strainDSM14675/JCM12634/Mxs8),518,,,L7UHH6;,
K9TIS3_9CYAN,Putative membrane protein,Peptidase S54 family,Bacteria,Bacillati,Cyanobacteriota,Oscillatoriophycideae,Oscillatoriales,Oscillatoriaceae,Oscillatoria,Oscillatoriaacuminata,K9TIS3,Oscil6304_2848,OscillatoriaacuminataPCC6304,235,,WP_015149086.1;,K9TIS3;,
G1RMC8_NOMLE,Rhomboid-related protein 2 (EC 3.4.21.105),Peptidase S54 family,Eukaryota,Metazoa,Craniata,Mammalia,Catarrhini,Hylobatidae,Nomascus,,G1RMC8,RHBDL2,Nomascusleucogenys(Northernwhite-cheekedgibbon)(Hylobatesleucogenys),308,3.4.21.105,,G1RMC8;,
A0A066VNQ0_TILAU,Rhomboid-type serine protease (EC 3.4.21.105),Peptidase S54 family,Eukaryota,Dikarya,Ustilaginomycotina,Exobasidiomycetes,Georgefischeriales,Tilletiariaceae,Tilletiaria,Tilletiariaanomala,A0A066VNQ0,K437DRAFT_257549,Tilletiariaanomala(strainATCC24038/CBS436.72/UBC951),650,3.4.21.105,XP_013242356.1;,A0A066VNQ0;,
B9XF12_PEDPL,Rhomboid family protein,Peptidase S54 family,Bacteria,Bacteria,Verrucomicrobiota,Verrucomicrobiia,Limisphaerales,,Pedosphaera,Pedosphaeraparvula,B9XF12,Cflav_PD4188,Pedosphaeraparvula(strainEllin514),287,,,B9XF12;,
C1MMG6_MICPC,Predicted protein,Peptidase S54 family,Eukaryota,Viridiplantae,Chlorophyta,Mamiellophyceae,Mamiellales,Mamiellaceae,Micromonas,Micromonaspusilla,C1MMG6,MICPUCDRAFT_56522,Micromonaspusilla(strainCCMP1545)(Picoplanktonicgreenalga),392,,XP_003056925.1;,C1MMG6;,
R7AS44_9FIRM,Peptidase S54 family,,Bacteria,Bacillati,Bacillota,unclassifiedBacillota,,,,,R7AS44,BN803_01303,FirmicutesbacteriumCAG:882,189,,,R7AS44;,
A6G432_9BACT,Rhomboid-like protein,Peptidase S54 family,Bacteria,Bacteria,Myxococcota,Polyangia,Nannocystales,Nannocystaceae,Plesiocystis,Plesiocystispacifica,A6G432,PPSIR1_02341,PlesiocystispacificaSIR-1,383,,WP_006971481.1;,A6G432;,
R5Z5J3_9FIRM,,,,,,,,,,,R5Z5J3,,,,,,,
A1B4I4_PARDP,Rhomboid family protein,,Bacteria,Bacteria,Pseudomonadota,Alphaproteobacteria,Rhodobacterales,Paracoccaceae,Paracoccus,Paracoccusdenitrificans,A1B4I4,Pden_2337,Paracoccusdenitrificans(strainPd1222),238,,WP_011748621.1;,A1B4I4;,
O67346_AQUAE,Peptidase S54 rhomboid domain-containing protein,,Bacteria,Bacteria,Aquificota,Aquificia,Aquificales,Aquificaceae,Aquifex,Aquifexaeolicus,O67346,aq_1327,Aquifexaeolicus(strainVF5),227,,NP_213910.1;WP_010880848.1;,O67346;,
J2KCA3_9FLAO,Putative membrane protein,,Bacteria,Bacteria,Bacteroidota,Flavobacteriia,Flavobacteriales,Weeksellaceae,Chryseobacterium,,J2KCA3,PMI13_02655,Chryseobacteriumpopuli,255,,WP_007844406.1;,J2KCA3;,
K9UJ29_CHAP6,Putative membrane protein,Peptidase S54 family,Bacteria,Bacillati,Cyanobacteriota,Cyanophyceae,Gomontiellales,Chamaesiphonaceae,Chamaesiphon,Chamaesiphonminutus,K9UJ29,Cha6605_3814,Chamaesiphonminutus(strainATCC27169/PCC6605),238,,WP_015160905.1;,K9UJ29;,
U6L1V0_EIMTE,Rhomboid-like protease (EC 3.4.21.105),Peptidase S54 family,Eukaryota,Eukaryota,Apicomplexa,Coccidia,Eimeriorina,Eimeriidae,Eimeria,,U6L1V0,ETH_00009820,Eimeriatenella(Coccidianparasite),628,3.4.21.105,XP_013232495.1;,U6L1V0;,
A9RMA8_PHYPA,Peptidase S54 rhomboid domain-containing protein,Peptidase S54 family,Eukaryota,Viridiplantae,Streptophytina,Funariidae,Funariales,Funariaceae,Physcomitrium,,A9RMA8,PHYPA_022755,Physcomitriumpatens(Spreading-leavedearthmoss)(Physcomitrellapatens),272,,XP_001755356.1;,A9RMA8;,
A0A0F0GSM8_9ACTN,Membrane protein,,Bacteria,Bacillati,Actinomycetota,unclassifiedStreptomyces,Kitasatosporales,Streptomycetaceae,Streptomyces,,A0A0F0GSM8,UK14_23175,Streptomycessp.NRRLF-4428,240,,WP_037666112.1;,A0A0F0GSM8;,
G0GFZ8_SPITZ,Rhomboid family protein,Peptidase S54 family,Bacteria,Bacteria,Spirochaetota,Spirochaetia,Spirochaetales,Spirochaetaceae,Spirochaeta,Spirochaetathermophila,G0GFZ8,Spith_2219,Spirochaetathermophila(strainATCC700085/DSM6578/Z-1203),213,,WP_014625781.1;,G0GFZ8;,
D2VRL6_NAEGR,Rhomboid domain-containing protein,Peptidase S54 family,Eukaryota,Eukaryota,Heterolobosea,,,Vahlkampfiidae,Naegleria,,D2VRL6,NAEGRDRAFT_80985,Naegleriagruberi(Amoeba),296,,,D2VRL6;,
F2ICJ0_FLUTR,Rhomboid family protein,Peptidase S54 family,Bacteria,Bacteria,Bacteroidota,Flavobacteriia,Flavobacteriales,Crocinitomicaceae,Fluviicola,Fluviicolataffensis,F2ICJ0,Fluta_3489,Fluviicolataffensis(strainDSM16823/NCIMB13979/RW262),208,,WP_013688227.1;,F2ICJ0;,
Q2FY24_STAA8,Rhomboid family protein,Peptidase S54 family,Bacteria,Bacillati,Bacillota,Bacilli,Bacillales,Staphylococcaceae,Staphylococcus,Staphylococcusaureus,Q2FY24,SAOUHSC_01649,Staphylococcusaureus(strainNCTC8325/PS47),336,,,Q2FY24;,
I7EL01_PHAIB,,,,,,,,,,,I7EL01,,,,,,,
A0A0N1FP94_9ACTN,,,,,,,,,,,A0A0N1FP94,,,,,,,
R5NBZ1_9BACT,,,,,,,,,,,R5NBZ1,,,,,,,
D6SST6_9BACT,Rhomboid family protein,,Bacteria,Bacteria,Thermodesulfobacteriota,Desulfovibrionia,Desulfovibrionales,Desulfonatronovibrionaceae,Desulfonatronospira,Desulfonatronospirathiodismutans,D6SST6,Dthio_PD1091,DesulfonatronospirathiodismutansASO3-1,305,,WP_008871101.1;,D6SST6;,
F8E9D9_FLESM,Rhomboid family protein,,Bacteria,Bacteria,Deferribacterota,Deferribacteres,Deferribacterales,Flexistipitaceae,Flexistipes,Flexistipessinusarabici,F8E9D9,Flexsi_0504,Flexistipessinusarabici(strainATCC49648/DSM4947/MAS10),224,,,F8E9D9;,
F4GJT3_PARC1,"Peptidase S54, rhomboid domain protein",Peptidase S54 family,Bacteria,Bacteria,Spirochaetota,Spirochaetia,Spirochaetales,Sphaerochaetaceae,Parasphaerochaeta,Parasphaerochaetacoccoides,F4GJT3,Spico_0116,Parasphaerochaetacoccoides(strainATCCBAA-1237/DSM17374/SPN1)(Sphaerochaetacoccoides),255,,,F4GJT3;,
E4XZC1_OIKDI,rhomboid protease (EC 3.4.21.105),Peptidase S54 family,Eukaryota,Metazoa,Tunicata,Appendicularia,Copelata,Oikopleuridae,Oikopleura,,E4XZC1,GSOID_T00010085001,Oikopleuradioica(Tunicate),313,3.4.21.105,,E4XZC1;,
E1VIS1_9GAMM,Rhomboid-like protein,Peptidase S54 family,Bacteria,Bacteria,Pseudomonadota,unclassifiedGammaproteobacteria,,,,,E1VIS1,HDN1F_11300,gammaproteobacteriumHdN1,292,,,E1VIS1;,
C4Z9K8_AGARV,Peptidase S54 rhomboid domain-containing protein,Peptidase S54 family,Bacteria,Bacillati,Bacillota,Clostridia,Lachnospirales,Lachnospiraceae,Agathobacter,Agathobacterrectalis,C4Z9K8,EUBREC_0051,Agathobacterrectalis(strainATCC33656/DSM3377/JCM17463/KCTC5835/VPI0990)(Eubacteriumrectale),192,,,C4Z9K8;,
Q2BJH9_NEPCE,,,,,,,,,,,Q2BJH9,,,,,,,
F5SEY2_9BACL,,,,,,,,,,,F5SEY2,,,,,,,
B5Y823_COPPD,Rhomboid family protein,,Bacteria,Bacteria,Coprothermobacterota,Coprothermobacteria,Coprothermobacterales,Coprothermobacteraceae,Coprothermobacter,Coprothermobacterproteolyticus,B5Y823,COPRO5265_0565,Coprothermobacterproteolyticus(strainATCC35245/DSM5265/OCM4/BT),226,,WP_012544100.1;,B5Y823;,
A0A0D5AFT3_9NOCA,,,,,,,,,,,A0A0D5AFT3,,,,,,,
R7KFU4_9CLOT,,,,,,,,,,,R7KFU4,,,,,,,
I1B058_9RHOB,,,,,,,,,,,I1B058,,,,,,,
D5BRK9_PUNMI,Rhomboid family protein (EC 3.4.21.-),,Bacteria,Bacteria,Pseudomonadota,Alphaproteobacteria,CandidatusPuniceispirillales,CandidatusPuniceispirillaceae,CandidatusPuniceispirillum,CandidatusPuniceispirillummarinum,D5BRK9,SAR116_0663,Puniceispirillummarinum(strainIMCC1322),293,3.4.21.-,,D5BRK9;,
Q2SIR4_HAHCH,Uncharacterized membrane protein,,Bacteria,Bacteria,Pseudomonadota,Gammaproteobacteria,Oceanospirillales,Hahellaceae,Hahella,Hahellachejuensis,Q2SIR4,HCH_02672,Hahellachejuensis(strainKCTC2396),483,,WP_011396529.1;,Q2SIR4;,
A0A044V5T7_ONCVO,,,,,,,,,,,A0A044V5T7,,,,,,,
R6S7I1_9BACT,,,,,,,,,,,R6S7I1,,,,,,,
A0A0H4P1W5_9BACI,,,,,,,,,,,A0A0H4P1W5,,,,,,,
D0RPN7_9PROT,Putative membrane protein,Peptidase S54 family,Bacteria,Bacteria,Pseudomonadota,unclassifiedPelagibacteraceae,CandidatusPelagibacterales,CandidatusPelagibacteraceae,,,D0RPN7,HIMB114_00007680,alphaproteobacteriumHIMB114,243,,,D0RPN7;,
A0A0M2VF81_9GAMM,GlpG protein,,Bacteria,Bacteria,Pseudomonadota,unclassifiedArsukibacterium,Chromatiales,Chromatiaceae,Arsukibacterium,,A0A0M2VF81,VT06_05370,Arsukibacteriumsp.MJ3,275,,WP_046553250.1;,A0A0M2VF81;,
R6L516_9FIRM,,,,,,,,,,,R6L516,,,,,,,
R5CX85_9FIRM,,,,,,,,,,,R5CX85,,,,,,,
A6VXA7_MARMS,Rhomboid family protein,,Bacteria,Bacteria,Pseudomonadota,unclassifiedMarinomonas,Oceanospirillales,Oceanospirillaceae,Marinomonas,,A6VXA7,Mmwyl1_2164,Marinomonassp.(strainMWYL1),290,,,A6VXA7;,
A8LI88_DINSH,Rhomboid family protein,Peptidase S54 family,Bacteria,Bacteria,Pseudomonadota,Alphaproteobacteria,Rhodobacterales,Roseobacteraceae,Dinoroseobacter,Dinoroseobactershibae,A8LI88,Dshi_1200,Dinoroseobactershibae(strainDSM16493/NCIMB14021/DFL12),258,,WP_012177872.1;,A8LI88;,
S6D3L5_9EURY,Peptidase S54 rhomboid family membrane protein (Rhomboid family protein),Peptidase S54 family,Archaea,Methanobacteriati,Methanobacteriota,Halobacteria,Halobacteriales,Haloarculaceae,Halorhabdus,Halorhabdustiamatea,S6D3L5,HLRTI_001490HTIA_2234,HalorhabdustiamateaSARL4B,327,,,S6D3L5;,
D4YQX5_9MICO,"Peptidase, S54 family (EC 3.4.21.-)",,Bacteria,Bacillati,Actinomycetota,Actinomycetes,Micrococcales,Brevibacteriaceae,Brevibacterium,Brevibacteriummcbrellneri,D4YQX5,HMPREF0183_2335,BrevibacteriummcbrellneriATCC49030,239,3.4.21.-,,D4YQX5;,
R7HXL1_9CLOT,Peptidase S54 rhomboid domain-containing protein,Peptidase S54 family,Bacteria,Bacillati,Bacillota,unclassifiedClostridium,Eubacteriales,Clostridiaceae,Clostridium,,R7HXL1,BN648_01902,Clostridiumsp.CAG:411,347,,,R7HXL1;,
E6TV38_EVAC2,Rhomboid family protein,Peptidase S54 family,Bacteria,Bacillati,Bacillota,Bacilli,Bacillales,Bacillaceae,Evansella,Evansellacellulosilytica,E6TV38,Bcell_0335,Evansellacellulosilytica(strainATCC21833/DSM2522/FERMP-1141/JCM9156/N-4)(Bacilluscellulosilyticus),249,,WP_013486962.1;,E6TV38;,
F2G1W8_ALTMD,GlpG protein,Peptidase S54 family,Bacteria,Bacteria,Pseudomonadota,Gammaproteobacteria,Alteromonadales,Alteromonadaceae,Alteromonas,Alteromonasmediterranea,F2G1W8,MADE_1000330,Alteromonasmediterranea(strainDSM17117/CIP110805/LMG28347/Deepecotype),301,,,F2G1W8;,
B1ZVJ1_OPITP,Rhomboid family protein,,Bacteria,Bacteria,Verrucomicrobiota,Opitutia,Opitutales,Opitutaceae,Opitutus,Opitutusterrae,B1ZVJ1,Oter_0800,Opitutusterrae(strainDSM11246/JCM15787/PB90-1),181,,,B1ZVJ1;,
I5B376_9BACT,Putative membrane protein,,Bacteria,Bacteria,Thermodesulfobacteriota,Desulfobacteria,Desulfobacterales,Desulfobacteraceae,Desulfobacter,Desulfobacterpostgatei,I5B376,DespoDRAFT_02040,Desulfobacterpostgatei2ac9,325,,WP_004073325.1;,I5B376;,
A0A0F6A0M6_9GAMM,Intramembrane serine protease GlpG,,Bacteria,Bacteria,Pseudomonadota,unclassifiedGrimontia,Vibrionales,Vibrionaceae,Grimontia,,A0A0F6A0M6,RN22_05160,Grimontiasp.AD028,278,,WP_046303389.1;,A0A0F6A0M6;,
D5URN5_TSUPD,Rhomboid family protein,Peptidase S54 family,Bacteria,Bacillati,Actinomycetota,Actinomycetes,Mycobacteriales,Tsukamurellaceae,Tsukamurella,Tsukamurellapaurometabola,D5URN5,Tpau_2486,Tsukamurellapaurometabola(strainATCC8368/DSM20162/CCUG35730/CIP100753/JCM10117/KCTC9821/NBRC16120/NCIMB702349/NCTC13040)(Corynebacteriumpaurometabolum),240,,WP_013127109.1;,D5URN5;,
R5MS48_9FIRM,,,,,,,,,,,R5MS48,,,,,,,
A0A0M9YVG1_9ACTN,Membrane protein,,Bacteria,Bacillati,Actinomycetota,unclassifiedStreptomyces,Kitasatosporales,Streptomycetaceae,Streptomyces,,A0A0M9YVG1,ADK55_04140,Streptomycessp.WM4235,240,,WP_053676135.1;,A0A0M9YVG1;,
K9WXD3_9NOST,Putative membrane protein,Peptidase S54 family,Bacteria,Bacillati,Cyanobacteriota,Cyanophyceae,Nostocales,Nostocaceae,Cylindrospermum,Cylindrospermumstagnale,K9WXD3,Cylst_2243,CylindrospermumstagnalePCC7417,233,,WP_015207728.1;,K9WXD3;,
F4CQE9_PSEUX,"Peptidase S54, rhomboid domain protein",Peptidase S54 family,Bacteria,Bacillati,Actinomycetota,Actinomycetes,Pseudonocardiales,Pseudonocardiaceae,Pseudonocardia,Pseudonocardiadioxanivorans,F4CQE9,Psed_0110,Pseudonocardiadioxanivorans(strainATCC55486/DSM44775/JCM13855/CB1190),284,,WP_013672328.1;,F4CQE9;,
Q24X28_DESHY,Peptidase S54 rhomboid domain-containing protein,Peptidase S54 family,Bacteria,Bacillati,Bacillota,Clostridia,Eubacteriales,Desulfitobacteriaceae,Desulfitobacterium,Desulfitobacteriumhafniense,Q24X28,DSY1625,Desulfitobacteriumhafniense(strainY51),327,,WP_005811674.1;,Q24X28;,
M1LYL0_9CLOT,Rhomboid protease GluP (EC 3.4.21.105),Peptidase S54 family,Bacteria,Bacillati,Bacillota,Clostridia,Eubacteriales,Clostridiaceae,Clostridium,Clostridiumsaccharoperbutylacetonicum,M1LYL0,gluP2Cspa_c46070,ClostridiumsaccharoperbutylacetonicumN1-4(HMT),332,3.4.21.105,WP_015394671.1;,M1LYL0;,
A0JU40_ARTS2,Rhomboid family protein,,Bacteria,Bacillati,Actinomycetota,unclassifiedArthrobacter,Micrococcales,Micrococcaceae,Arthrobacter,,A0JU40,Arth_1166,Arthrobactersp.(strainFB24),203,,,A0JU40;,
F7QP85_9BRAD,Integral membrane protein,,Bacteria,Bacteria,Pseudomonadota,unclassifiedBradyrhizobiaceae,Hyphomicrobiales,Nitrobacteraceae,,,F7QP85,CSIRO_3586,BradyrhizobiaceaebacteriumSG-6C,256,,,F7QP85;,
B8D2L0_DESA1,Rhomboid family protein,Peptidase S54 family,Archaea,Thermoproteati,Thermoproteota,Thermoprotei,Desulfurococcales,Desulfurococcaceae,Desulfurococcus,Desulfurococcusamylolyticus,B8D2L0,DKAM_0272,Desulfurococcusamylolyticus(strainDSM18924/JCM16383/VKMB-2413/1221n)(Desulfurococcuskamchatkensis),447,,WP_012607940.1;,B8D2L0;,
A0A0F5AQA4_9GAMM,Intramembrane serine protease GlpG,,Bacteria,Bacteria,Pseudomonadota,unclassifiedSalinivibrio,Vibrionales,Vibrionaceae,Salinivibrio,,A0A0F5AQA4,WN56_08730,Salinivibriosp.KP-1,276,,WP_046074633.1;,A0A0F5AQA4;,
A6EPG7_9BACT,Rhomboid family protein,Peptidase S54 family,Bacteria,Bacteria,Bacteroidota,,,,,,A6EPG7,SCB49_14330,unidentifiedeubacteriumSCB49,254,,,A6EPG7;,
A0A0A2WK19_BEABA,Glycerol-3-phosphate regulon repressor,,Eukaryota,Dikarya,Pezizomycotina,Hypocreomycetidae,Hypocreales,Cordycipitaceae,Beauveria,Beauveriabassiana,A0A0A2WK19,BBAD15_g809,BeauveriabassianaD1-5,514,,,A0A0A2WK19;,
K9TIJ7_9CYAN,Putative membrane protein,,Bacteria,Bacillati,Cyanobacteriota,Oscillatoriophycideae,Oscillatoriales,Oscillatoriaceae,Oscillatoria,Oscillatoriaacuminata,K9TIJ7,Oscil6304_3094,OscillatoriaacuminataPCC6304,194,,WP_015149311.1;,K9TIJ7;,
B9TJY4_RICCO,"Protein glpG, putative",Peptidase S54 family,Eukaryota,Viridiplantae,Streptophytina,Magnoliopsida,Malpighiales,Acalyphoideae,Ricinus,,B9TJY4,RCOM_1955110,Ricinuscommunis(Castorbean),135,,,B9TJY4;,
D6Y260_THEBD,Rhomboid family protein,Peptidase S54 family,Bacteria,Bacillati,Actinomycetota,Actinomycetes,Streptosporangiales,Streptosporangiaceae,Thermobispora,Thermobisporabispora,D6Y260,Tbis_0058,Thermobisporabispora(strainATCC19993/DSM43833/CBS139.67/JCM10125/KCTC9307/NBRC14880/R51),286,,WP_013130328.1;,D6Y260;,
K5A9W3_PAEA2,,,,,,,,,,,K5A9W3,,,,,,,
K9WGB8_9CYAN,Putative membrane protein,,Bacteria,Bacillati,Cyanobacteriota,Cyanophyceae,Coleofasciculales,Coleofasciculaceae,Allocoleopsis,Allocoleopsisfranciscana,K9WGB8,Mic7113_3730,AllocoleopsisfranciscanaPCC7113,244,,WP_015183591.1;,K9WGB8;,
A0A0F5F0K8_AVIPA,Rhomboid protease GlpG,Peptidase S54 family,Bacteria,Bacteria,Pseudomonadota,Gammaproteobacteria,Pasteurellales,Pasteurellaceae,Avibacterium,,A0A0F5F0K8,glpGNCTC10926_02437,Avibacteriumparagallinarum(Haemophilusgallinarum),286,3.4.21.105,WP_046097856.1;,A0A0F5F0K8;,
C5BL07_TERTT,"Peptidase, S54 family (EC 3.4.21.-)",Peptidase S54 family,Bacteria,Bacteria,Pseudomonadota,Gammaproteobacteria,Cellvibrionales,Cellvibrionaceae,Teredinibacter,Teredinibacterturnerae,C5BL07,TERTU_2442,Teredinibacterturnerae(strainATCC39867/T7901),289,3.4.21.-,WP_015818966.1;,C5BL07;,
G2FH13_9GAMM,Peptidase S54 rhomboid domain-containing protein,,Bacteria,Bacteria,Pseudomonadota,Gammaproteobacteria,,,,endosymbiontofTevniajerichonana,G2FH13,TevJSym_as00760,endosymbiontofTevniajerichonana(ventTica),194,,WP_005962831.1;,G2FH13;,
R5K1Y2_9CLOT,,,,,,,,,,,R5K1Y2,,,,,,,
C6RF18_9BACT,"Peptidase, S54 family (EC 3.4.21.-)",,Bacteria,Bacteria,Campylobacterota,Epsilonproteobacteria,Campylobacterales,Campylobacteraceae,Campylobacter,Campylobactershowae,C6RF18,CAMSH0001_0322,CampylobactershowaeRM3277,177,3.4.21.-,WP_002947727.1;,C6RF18;,
C0NWF4_AJECG,Rhomboid-type serine protease (EC 3.4.21.105),Peptidase S54 family,Eukaryota,Dikarya,Pezizomycotina,Eurotiomycetidae,Onygenales,Ajellomycetaceae,Histoplasma,Ajellomycescapsulatus,C0NWF4,HCBG_07484,Ajellomycescapsulatus(strainG186AR/H82/ATCCMYA-2454/RMSCC2432)(Darling'sdiseasefungus)(Histoplasmacapsulatum),540,3.4.21.105,,C0NWF4;,
K9SC73_9CYAN,Rhomboid family protein,Peptidase S54 family,Bacteria,Bacillati,Cyanobacteriota,unclassifiedGeitlerinema,Geitlerinematales,Geitlerinemataceae,Geitlerinema,,K9SC73,GEI7407_3316,Geitlerinemasp.PCC7407,194,,WP_015173347.1;,K9SC73;,
A4RXF8_OSTLU,Peptidase S54 rhomboid domain-containing protein,Peptidase S54 family,Eukaryota,Viridiplantae,Chlorophyta,unclassifiedOstreococcus,Mamiellales,Bathycoccaceae,Ostreococcus,Ostreococcussp.'lucimarinus',A4RXF8,OSTLU_31680,Ostreococcuslucimarinus(strainCCE9901),268,,XP_001417993.1;,A4RXF8;,
A0A088T114_9BACT,Rhomboid protease GluP (EC 3.4.21.105),Peptidase S54 family,Bacteria,Bacillati,Mycoplasmatota,unclassifiedCandidatusIzimaplasma,,,,,A0A088T114,gluPKQ51_00751,CandidatusIzimaplasmabacteriumHR1,207,3.4.21.105,,A0A088T114;,
A0A0A7GBK0_GEOAI,Rhomboid family serine protease,Peptidase S54 family,Archaea,Methanobacteriati,Methanobacteriota,Archaeoglobi,Archaeoglobales,Archaeoglobaceae,Geoglobus,,A0A0A7GBK0,GACE_0166,Geoglobusacetivorans,269,,WP_048090385.1;,A0A0A7GBK0;,
A0A0K1QUE5_PSEFL,Peptidase S54,Peptidase S54 family,Bacteria,Bacteria,Pseudomonadota,Gammaproteobacteria,Pseudomonadales,Pseudomonadaceae,Pseudomonas,Pseudomonasfluorescens,A0A0K1QUE5,B723_22950,PseudomonasfluorescensNCIMB11764,293,,WP_017338277.1;,A0A0K1QUE5;,
C8X1J0_DESRD,Rhomboid family protein,,Bacteria,Bacteria,Thermodesulfobacteriota,Desulfovibrionia,Desulfovibrionales,Desulfohalobiaceae,Desulfohalobium,Desulfohalobiumretbaense,C8X1J0,Dret_0999,Desulfohalobiumretbaense(strainATCC49708/DSM5692/JCM16813/HR100),247,,WP_015751441.1;,C8X1J0;,
A9SNS8_PHYPA,RHOMBOID-like protein (EC 3.4.21.105),Peptidase S54 family,Eukaryota,Viridiplantae,Streptophytina,Funariidae,Funariales,Funariaceae,Physcomitrium,,A9SNS8,LOC112294479PHYPA_022066,Physcomitriumpatens(Spreading-leavedearthmoss)(Physcomitrellapatens),322,3.4.21.105,XP_001767978.1;,,
F4C1A3_SPHS2,"Peptidase S54, rhomboid domain",,Bacteria,Bacteria,Bacteroidota,unclassifiedSphingobacterium,Sphingobacteriales,Sphingobacteriaceae,Sphingobacterium,,F4C1A3,Sph21_1475,Sphingobacteriumsp.(strain21),251,,,F4C1A3;,
A0A0F2GAH9_9ACTN,,,,,,,,,,,A0A0F2GAH9,,,,,,,
R5M1Y5_9BACE,,,,,,,,,,,R5M1Y5,,,,,,,
R5NQT0_9FIRM,Peptidase S54 family,,Bacteria,Bacillati,Bacillota,unclassifiedEubacterium,Eubacteriales,Eubacteriaceae,Eubacterium,,R5NQT0,BN730_01216,Eubacteriumsp.CAG:603,191,,,R5NQT0;,
C6XN07_HIRBI,Rhomboid family protein,Peptidase S54 family,Bacteria,Bacteria,Pseudomonadota,Alphaproteobacteria,Hyphomonadales,Hyphomonadaceae,Hirschia,Hirschiabaltica,C6XN07,Hbal_0475,Hirschiabaltica(strainATCC49814/DSM5838/IFAM1418),231,,WP_015826327.1;,C6XN07;,
F7Q0Q1_9MOLU,4-hydroxythreonine-4-phosphate dehydrogenase protein (EC 1.1.1.262),Peptidase S54 family,Bacteria,Bacillati,Mycoplasmatota,Mollicutes,Haloplasmatales,Haloplasmataceae,Haloplasma,Haloplasmacontractile,F7Q0Q1,HLPCO_001875,HaloplasmacontractileSSD-17B,214,1.1.1.262,WP_008827175.1;,F7Q0Q1;,
G3IYF1_METTV,Rhomboid family protein,,Bacteria,Bacteria,Pseudomonadota,Gammaproteobacteria,Methylococcales,Methylococcaceae,Methylobacter,Methylobactertundripaludum,G3IYF1,Mettu_4335,Methylobactertundripaludum(strainATCCBAA-1195/DSM17260/SV96),229,,,G3IYF1;,
C8PGG1_9BACT,"Peptidase, S54 family (EC 3.4.21.-)",Peptidase S54 family,Bacteria,Bacteria,Campylobacterota,Epsilonproteobacteria,Campylobacterales,Campylobacteraceae,Campylobacter,Campylobactergracilis,C8PGG1,CAMGR0001_0954,CampylobactergracilisRM3268,185,3.4.21.-,WP_005870539.1;,C8PGG1;,
A0ZL58_NODSP,,,,,,,,,,,A0ZL58,,,,,,,
B9RJC9_RICCO,RHOMBOID-like protein (EC 3.4.21.105),Peptidase S54 family,Eukaryota,Viridiplantae,Streptophytina,Magnoliopsida,Malpighiales,Acalyphoideae,Ricinus,,B9RJC9,RCOM_1033210,Ricinuscommunis(Castorbean),389,3.4.21.105,XP_002513848.1;,B9RJC9;,
H5WHW1_9BURK,Putative membrane protein,Peptidase S54 family,Bacteria,Bacteria,Pseudomonadota,unclassifiedBurkholderiales,Burkholderiales,,,,H5WHW1,BurJ1DRAFT_1709,BurkholderialesbacteriumJOSHI_001,195,,,H5WHW1;,
A0A0F0L652_9MICO,Rhomboid family protein,,Bacteria,Bacillati,Actinomycetota,Actinomycetes,Micrococcales,Microbacteriaceae,Microbacterium,,A0A0F0L652,RS83_02106,Microbacteriumoxydans,198,,,A0A0F0L652;,
A0A096MH49_POEFO,Rhomboid-related protein 3 (EC 3.4.21.105),Peptidase S54 family,Eukaryota,Metazoa,Craniata,Teleostei,Cyprinodontoidei,Poeciliinae,Poecilia,,A0A096MH49,,Poeciliaformosa(Amazonmolly)(Limiaformosa),372,3.4.21.105,,,
D3Q343_STANL,Rhomboid family protein,Peptidase S54 family,Bacteria,Bacillati,Actinomycetota,Actinomycetes,Glycomycetales,Glycomycetaceae,Stackebrandtia,Stackebrandtianassauensis,D3Q343,Snas_0295,Stackebrandtianassauensis(strainDSM44728/CIP108903/NRRLB-16338/NBRC102104/LLR-40K-21),317,,,D3Q343;,
V4LRL1_EUTSA,RHOMBOID-like protein (EC 3.4.21.105),Peptidase S54 family,Eukaryota,Viridiplantae,Streptophytina,Magnoliopsida,Brassicales,Brassicaceae,Eutrema,,V4LRL1,EUTSA_v10010439mg,Eutremasalsugineum(Saltwatercress)(Sisymbriumsalsugineum),390,3.4.21.105,XP_006403654.1;,V4LRL1;,
A0A0M9YHS8_9ACTN,Peptidase S54 family protein,,Bacteria,Bacillati,Actinomycetota,unclassifiedStreptomyces,Kitasatosporales,Streptomycetaceae,Streptomyces,,A0A0M9YHS8,ADK54_12600,Streptomycessp.WM6378,216,,,A0A0M9YHS8;,
A0A0M9DTM0_9BACT,Uncharacterized protein,Peptidase S54 family,Bacteria,Bacteria,,unclassifiedBacteroidota/Chlorobiotagroup,,,,,A0A0M9DTM0,AD998_12085,bacterium336/3,311,,,A0A0M9DTM0;,
R6M5G0_9CLOT,Uncharacterized membrane protein (Homolog of Drosophila rhomboid),,Bacteria,Bacillati,Bacillota,unclassifiedClostridium,Eubacteriales,Clostridiaceae,Clostridium,,R6M5G0,BN565_00744,Clostridiumsp.CAG:253,196,,,R6M5G0;,
C5BUR2_BEUC1,Rhomboid family protein,Peptidase S54 family,Bacteria,Bacillati,Actinomycetota,Actinomycetes,Micrococcales,Beutenbergiaceae,Beutenbergia,Beutenbergiacavernae,C5BUR2,Bcav_0020,Beutenbergiacavernae(strainATCCBAA-8/DSM12333/CCUG43141/JCM11478/NBRC16432/NCIMB13614/HKI0122),315,,,C5BUR2;,
A7HLP7_FERNB,Rhomboid family protein,Peptidase S54 family,Bacteria,Bacteria,Thermotogota,Thermotogae,Thermotogales,Fervidobacteriaceae,Fervidobacterium,Fervidobacteriumnodosum,A7HLP7,Fnod_0980,Fervidobacteriumnodosum(strainATCC35602/DSM5306/Rt17-B1),224,,WP_011994145.1;,A7HLP7;,
C9AAS0_ENTCA,Peptidase S54 rhomboid domain-containing protein,Peptidase S54 family,Bacteria,Bacillati,Bacillota,Bacilli,Lactobacillales,Enterococcaceae,Enterococcus,Enterococcuscasseliflavus,C9AAS0,ECBG_01850,EnterococcuscasseliflavusEC20,222,,WP_005229393.1;,C9AAS0;,
H8ML48_CORCM,S54 family peptidase,Peptidase S54 family,Bacteria,Bacteria,Myxococcota,Myxococcia,Cystobacterineae,Myxococcaceae,Corallococcus,Corallococcuscoralloides,H8ML48,gluPCOCOR_06081,Corallococcuscoralloides(strainATCC25202/DSM2259/NBRC100086/M2)(Myxococcuscoralloides),542,,,H8ML48;,
G2NAW4_STREK,Rhomboid family protein,Peptidase S54 family,Bacteria,Bacillati,Actinomycetota,unclassifiedStreptomyces,Kitasatosporales,Streptomycetaceae,Streptomyces,,G2NAW4,SACTE_1448,Streptomycessp.(strainSirexAA-E/ActE),304,,WP_014045352.1;,G2NAW4;,
A0A0D2UBK1_CAPO3,Peptidase S54 rhomboid domain-containing protein,Peptidase S54 family,Eukaryota,Eukaryota,,Filasterea,,,Capsaspora,Capsasporaowczarzaki,A0A0D2UBK1,CAOG_003393,Capsasporaowczarzaki(strainATCC30864),327,,,A0A0D2UBK1;,
A0A0G3IH45_9MYCO,Peptidase S54 rhomboid domain-containing protein,Peptidase S54 family,Bacteria,Bacillati,Actinomycetota,unclassifiedMycobacterium,Mycobacteriales,Mycobacteriaceae,Mycobacterium,,A0A0G3IH45,AB431_00335,Mycobacteriumsp.EPa45,287,,WP_047328273.1;,A0A0G3IH45;,
A1TH68_MYCVP,Rhomboid family protein,Peptidase S54 family,Bacteria,Bacillati,Actinomycetota,Actinomycetes,Mycobacteriales,Mycobacteriaceae,Mycolicibacterium,Mycolicibacteriumvanbaalenii,A1TH68,Mvan_5753,Mycolicibacteriumvanbaalenii(strainDSM7251/JCM13017/BCRC16820/KCTC9966/NRRLB-24157/PYR-1)(Mycobacteriumvanbaalenii),290,,WP_011782870.1;,A1TH68;,
L8GPZ4_ACACF,rhomboid protease (EC 3.4.21.105),Peptidase S54 family,Eukaryota,Eukaryota,Discosea,,Longamoebia,Acanthamoebidae,Acanthamoeba,Acanthamoebacastellanii,L8GPZ4,ACA1_214890,Acanthamoebacastellanii(strainATCC30010/Neff),434,3.4.21.105,XP_004337073.1;,L8GPZ4;,
A0A0C9NCW0_SPHPI,"DNA, contig: SP611",Peptidase S54 family,Bacteria,Bacteria,Pseudomonadota,Alphaproteobacteria,Sphingomonadales,Sphingomonadaceae,Sphingomonas,Sphingomonaspaucimobilis,A0A0C9NCW0,SP6_11_00890,SphingomonaspaucimobilisNBRC13935,212,,WP_007404012.1;,A0A0C9NCW0;,
E0RWV2_BUTPB,Membrane-associated peptidase rhomboid family,,Bacteria,Bacillati,Bacillota,Clostridia,Lachnospirales,Lachnospiraceae,Butyrivibrio,Butyrivibrioproteoclasticus,E0RWV2,bpr_I1894,Butyrivibrioproteoclasticus(strainATCC51982/DSM14932/B316)(Clostridiumproteoclasticum),189,,,E0RWV2;,
A0A0F2PYU0_9FIRM,Protease,,Bacteria,Bacillati,Bacillota,unclassifiedPeptococcaceae,Eubacteriales,Peptococcaceae,,,A0A0F2PYU0,VR69_00350,PeptococcaceaebacteriumBRH_c4b,230,,,A0A0F2PYU0;,
V5SHL7_9HYPH,Protease,Peptidase S54 family,Bacteria,Bacteria,Pseudomonadota,Alphaproteobacteria,Hyphomicrobiales,Hyphomicrobiaceae,Hyphomicrobium,Hyphomicrobiumnitrativorans,V5SHL7,W911_15900,HyphomicrobiumnitrativoransNL23,219,,WP_023788481.1;,V5SHL7;,
Q5V475_HALMA,Rhomboid family intramembrane serine protease,,Archaea,Methanobacteriati,Methanobacteriota,Halobacteria,Halobacteriales,Haloarculaceae,Haloarcula,Haloarculamarismortui,Q5V475,rrnAC0675E6P14_06135,Haloarculamarismortui(strainATCC43049/DSM3752/JCM8966/VKMB-1809)(Halobacteriummarismortui),314,,WP_011223171.1;,Q5V475;,
Q5WH94_SHOC1,Peptidase S54 rhomboid domain-containing protein,Peptidase S54 family,Bacteria,Bacillati,Bacillota,Bacilli,Bacillales,Bacillaceae,Shouchella,Shouchellaclausii,Q5WH94,ABC1726,Shouchellaclausii(strainKSM-K16)(Alkalihalobacillusclausii),523,,,Q5WH94;,
G6CQH9_DANPL,,,,,,,,,,,G6CQH9,,,,,,,
Q0AQR0_MARMM,Rhomboid family protein,,Bacteria,Bacteria,Pseudomonadota,Alphaproteobacteria,Maricaulales,Maricaulaceae,Maricaulis,Maricaulismaris,Q0AQR0,Mmar10_1084,Maricaulismaris(strainMCS10)(Caulobactermaris),225,,,Q0AQR0;,
A0A0N1BM86_9SPHN,Peptidase S54 rhomboid domain-containing protein,Peptidase S54 family,Bacteria,Bacteria,Pseudomonadota,unclassifiedBlastomonas,Sphingomonadales,Sphingomonadaceae,Blastomonas,,A0A0N1BM86,IP68_01510,Blastomonassp.AAP25,225,,WP_054133175.1;,A0A0N1BM86;,
B0C5F2_ACAM1,Rhomboid family protein,Peptidase S54 family,Bacteria,Bacillati,Cyanobacteriota,Cyanophyceae,Acaryochloridales,Acaryochloridaceae,Acaryochloris,Acaryochlorismarina,B0C5F2,AM1_2520,Acaryochlorismarina(strainMBIC11017),239,,WP_012162987.1;,B0C5F2;,
A0A0F0LEN9_9MICO,Rhomboid protease GluP (EC 3.4.21.105),Peptidase S54 family,Bacteria,Bacillati,Actinomycetota,Actinomycetes,Micrococcales,Microbacteriaceae,Microbacterium,,A0A0F0LEN9,gluPRS83_01152,Microbacteriumoxydans,295,3.4.21.105,WP_045278570.1;,A0A0F0LEN9;,
I0YLQ8_COCSC,RHOMBOID-like protein (EC 3.4.21.105),Peptidase S54 family,Eukaryota,Viridiplantae,Chlorophyta,Trebouxiophyceae,,,Coccomyxa,Coccomyxasubellipsoidea,I0YLQ8,COCSUDRAFT_44680,Coccomyxasubellipsoidea(strainC-169)(Greenmicroalga),433,3.4.21.105,XP_005643871.1;,I0YLQ8;,
D7BI66_ALLS1,Rhomboid family protein,,Bacteria,Bacteria,Deinococcota,Deinococci,Thermales,Thermaceae,Allomeiothermus,Allomeiothermussilvanus,D7BI66,Mesil_0400,Allomeiothermussilvanus(strainATCC700542/DSM9946/NBRC106475/NCIMB13440/VI-R2)(Thermussilvanus),211,,WP_013156946.1;,D7BI66;,
K1DUE4_9MICO,Rhomboid family intramembrane serine protease (Rhomboid family protein),Peptidase S54 family,Bacteria,Bacillati,Actinomycetota,Actinomycetes,Micrococcales,Intrasporangiaceae,Janibacter,Janibacterhoylei,K1DUE4,B277_15103CWN80_06215,JanibacterhoyleiPVAS-1,297,,WP_007929579.1;,K1DUE4;,
D3IBS4_9BACT,Uncharacterized protein,,Bacteria,Bacteria,Bacteroidota,unclassifiedPrevotella,Bacteroidales,Prevotellaceae,Prevotella,Prevotellasp.oraltaxon299,D3IBS4,HMPREF0669_00878,Prevotellasp.oraltaxon299str.F0039,315,,,D3IBS4;,
A1S1Q1_SHEAM,GlpG protein,Peptidase S54 family,Bacteria,Bacteria,Pseudomonadota,Gammaproteobacteria,Alteromonadales,Shewanellaceae,Shewanella,Shewanellaamazonensis,A1S1Q1,Sama_0095,Shewanellaamazonensis(strainATCCBAA-1098/SB2B),276,,,A1S1Q1;,
L0DC95_SINAD,Putative membrane protein,Peptidase S54 family,Bacteria,Bacteria,Planctomycetota,Planctomycetia,Isosphaerales,Isosphaeraceae,Singulisphaera,Singulisphaeraacidiphila,L0DC95,Sinac_2701,Singulisphaeraacidiphila(strainATCCBAA-1392/DSM18658/VKMB-2454/MOB10),411,,,L0DC95;,
D5STR0_PLAL2,Rhomboid family protein,,Bacteria,Bacteria,Planctomycetota,Planctomycetia,Planctomycetales,Planctomycetaceae,Planctopirus,Planctopiruslimnophila,D5STR0,Plim_3276,Planctopiruslimnophila(strainATCC43296/DSM3776/IFAM1008/Mu290)(Planctomyceslimnophilus),430,,WP_013111520.1;,D5STR0;,
U6HAB5_9EIME,Rhomboid-like protease (EC 3.4.21.105),Peptidase S54 family,Eukaryota,Eukaryota,Apicomplexa,Coccidia,Eimeriorina,Eimeriidae,Eimeria,,U6HAB5,EPH_0076320,Eimeriapraecox,282,3.4.21.105,,U6HAB5;,
J1S568_9ACTN,Rhomboid family intramembrane serine protease,,Bacteria,Bacillati,Actinomycetota,Actinomycetes,Kitasatosporales,Streptomycetaceae,Streptomyces,Streptomycesauratus,J1S568,SU9_015305SU9_16227,StreptomycesauratusAGR0001,197,,WP_006604788.1;,J1S568;,
A0A0E9N599_9BACT,Peptidase S54 family protein,Peptidase S54 family,Bacteria,Bacteria,Bacteroidota,Chitinophagia,Chitinophagales,Chitinophagaceae,Flavihumibacter,Flavihumibacterpetaseus,A0A0E9N599,FPE01S_04_02210,FlavihumibacterpetaseusNBRC106054,257,,WP_046370965.1;,A0A0E9N599;,
F8JEB8_HYPSM,Rhomboid family protein,,Bacteria,Bacteria,Pseudomonadota,unclassifiedHyphomicrobium,Hyphomicrobiales,Hyphomicrobiaceae,Hyphomicrobium,,F8JEB8,HYPMC_2104,Hyphomicrobiumsp.(strainMC1),240,,,F8JEB8;,
B4R7Z4_PHEZH,Rhomboid family protein,,Bacteria,Bacteria,Pseudomonadota,Alphaproteobacteria,Caulobacterales,Caulobacteraceae,Phenylobacterium,Phenylobacteriumzucineum,B4R7Z4,PHZ_c1113,Phenylobacteriumzucineum(strainHLK1),204,,,B4R7Z4;,
A0A0L0C6V6_LUCCU,Protein rhomboid,Peptidase S54 family,Eukaryota,Metazoa,Hexapoda,Neoptera,Muscomorpha,Luciliinae,Lucilia,,A0A0L0C6V6,FF38_13842,Luciliacuprina(Greenbottlefly)(Australiansheepblowfly),407,,,A0A0L0C6V6;,
Q3A6Z3_SYNC1,Rhomboid-related membrane protein,Peptidase S54 family,Bacteria,Bacteria,Thermodesulfobacteriota,Desulfuromonadia,Desulfuromonadales,Syntrophotaleaceae,Syntrophotalea,Syntrophotaleacarbinolica,Q3A6Z3,Pcar_0605,Syntrophotaleacarbinolica(strainDSM2380/NBRC103641/GraBd1)(Pelobactercarbinolicus),251,,WP_011340305.1;,Q3A6Z3;,
F7V1V3_CLOSS,Peptidase S54 rhomboid domain-containing protein,Peptidase S54 family,Bacteria,Bacillati,Bacillota,unclassifiedClostridium,Eubacteriales,Clostridiaceae,Clostridium,,F7V1V3,CXIVA_07650,Clostridiumsp.(strainSY8519),218,,,F7V1V3;,
A0A059AUG2_EUCGR,Peptidase S54 rhomboid domain-containing protein,Peptidase S54 family,Eukaryota,Viridiplantae,Streptophytina,Magnoliopsida,Myrtales,Myrtoideae,Eucalyptus,,A0A059AUG2,EUGRSUZ_I02721,Eucalyptusgrandis(Floodedgum),295,,,A0A059AUG2;,
A3U1X6_PSEBH,Rhomboid family protein,Peptidase S54 family,Bacteria,Bacteria,Pseudomonadota,Alphaproteobacteria,Rhodobacterales,Paracoccaceae,Pseudooceanicola,Pseudooceanicolabatsensis,A3U1X6,OB2597_00795,Pseudooceanicolabatsensis(strainATCCBAA-863/DSM15984/KCTC12145/HTCC2597)(Oceanicolabatsensis),248,,WP_009804413.1;,A3U1X6;,
F2LQC5_BURGS,"Peptidase S54-type, rhomboid-like protein",,Bacteria,Bacteria,Pseudomonadota,Betaproteobacteria,Burkholderiales,Burkholderiaceae,Burkholderia,Burkholderiagladioli,F2LQC5,bgla_2g21940,Burkholderiagladioli(strainBSR3),220,,,F2LQC5;,
B2WIX7_PYRTR,Rhomboid-type serine protease (EC 3.4.21.105),Peptidase S54 family,Eukaryota,Dikarya,Pezizomycotina,Pleosporomycetidae,Pleosporineae,Pleosporaceae,Pyrenophora,Pyrenophoratritici-repentis,B2WIX7,PTRG_09936,Pyrenophoratritici-repentis(strainPt-1C-BFP)(Wheattanspotfungus)(Drechsleratritici-repentis),542,3.4.21.105,XP_001940268.1;,B2WIX7;,
G4RDH3_PELHB,Rhomboid family protein,,Bacteria,Bacteria,Pseudomonadota,Alphaproteobacteria,Hyphomicrobiales,Devosiaceae,Pelagibacterium,Pelagibacteriumhalotolerans,G4RDH3,KKY_1762,Pelagibacteriumhalotolerans(strainDSM22347/JCM15775/CGMCC1.7692/B2),247,,,G4RDH3;,
G7GQ63_9ACTN,Rhomboid family protein,Peptidase S54 family,Bacteria,Bacillati,Actinomycetota,Actinomycetes,Mycobacteriales,Gordoniaceae,Gordonia,Gordoniaamarae,G7GQ63,GOAMR_43_00310,GordoniaamaraeNBRC15530,299,,,G7GQ63;,
Q12XL8_METBU,Rhomboid family protein with AN1-like zinc finger domain,Peptidase S54 family,Archaea,Methanobacteriati,Methanobacteriota,Methanomicrobia,Methanosarcinales,Methanosarcinaceae,Methanococcoides,Methanococcoidesburtonii,Q12XL8,Mbur_0857,Methanococcoidesburtonii(strainDSM6242/NBRC107633/OCM468/ACE-M),279,,,Q12XL8;,
I0XX50_9LEPT,,,,,,,,,,,I0XX50,,,,,,,
B3QXF9_CHLT3,Rhomboid family protein,Peptidase S54 family,Bacteria,Bacteria,Chlorobiota,Chlorobiia,Chlorobiales,Chloroherpetonaceae,Chloroherpeton,Chloroherpetonthalassium,B3QXF9,Ctha_0968,Chloroherpetonthalassium(strainATCC35110/GB-78),217,,WP_012499517.1;,B3QXF9;,
A1U2D2_MARN8,Rhomboid family protein,Peptidase S54 family,Bacteria,Bacteria,Pseudomonadota,Gammaproteobacteria,Pseudomonadales,Marinobacteraceae,Marinobacter,Marinobacternauticus,A1U2D2,Maqu_2070,Marinobacternauticus(strainATCC700491/DSM11845/VT8)(Marinobacteraquaeolei),224,,,A1U2D2;,
H1Y0L8_9SPHI,Rhomboid family protein,,Bacteria,Bacteria,Bacteroidota,Sphingobacteriia,Sphingobacteriales,Sphingobacteriaceae,Mucilaginibacter,Mucilaginibacterpaludis,H1Y0L8,Mucpa_4395,MucilaginibacterpaludisDSM18603,239,,WP_008509334.1;,H1Y0L8;,
I1BMI3_RHIO9,Rhomboid-type serine protease (EC 3.4.21.105),Peptidase S54 family,Eukaryota,Fungi,Mucoromycotina,Mucoromycetes,Mucorineae,Rhizopodaceae,Rhizopus,Rhizopusdelemar,I1BMI3,RO3G_02117,Rhizopusdelemar(strainRA99-880/ATCCMYA-4621/FGSC9543/NRRL43880)(Mucormycosisagent)(Rhizopusarrhizusvar.delemar),358,3.4.21.105,,I1BMI3;,
A0A0J7NMS3_LASNI,Rhomboid family member 1,Peptidase S54 family,Eukaryota,Metazoa,Hexapoda,Neoptera,Aculeata,Formicinae,Lasius,,A0A0J7NMS3,RF55_6067,Lasiusniger(Blackgardenant),254,,,A0A0J7NMS3;,
B1VZR8_STRGG,Integral membrane protein,,Bacteria,Bacillati,Actinomycetota,Actinomycetes,Kitasatosporales,Streptomycetaceae,Streptomyces,Streptomycesgriseussubsp.griseus,B1VZR8,SGR_5364,Streptomycesgriseussubsp.griseus(strainJCM4626/CBS651.72/NBRC13350/KCCS-0626/ISP5235),249,,WP_012381269.1;,B1VZR8;,
E6JYP9_PARDN,"Peptidase, S54 family (EC 3.4.21.-)",Peptidase S54 family,Bacteria,Bacillati,Actinomycetota,Actinomycetes,Bifidobacteriales,Bifidobacteriaceae,Parascardovia,Parascardoviadenticolens,E6JYP9,HMPREF0620_0065,ParascardoviadenticolensDSM10105=JCM12538,266,3.4.21.-,WP_006288502.1;,E6JYP9;,
E6SQ37_BACT6,Rhomboid family protein,Peptidase S54 family,Bacteria,Bacteria,Bacteroidota,Bacteroidia,Bacteroidales,Bacteroidaceae,Bacteroides,Bacteroideshelcogenes,E6SQ37,Bache_0927,Bacteroideshelcogenes(strainATCC35417/DSM20613/JCM6297/CCUG15421/P36-108),296,,WP_013546555.1;,E6SQ37;,
K9XZ08_STAC7,Rhomboid family protein,Peptidase S54 family,Bacteria,Bacillati,Cyanobacteriota,Cyanophyceae,Pleurocapsales,Dermocarpellaceae,Stanieria,Stanieriacyanosphaera,K9XZ08,Sta7437_3877,Stanieriacyanosphaera(strainATCC29371/PCC7437),230,,WP_015195020.1;,K9XZ08;,
A0A0M9VKY3_9MICO,Membrane protein,,Bacteria,Bacillati,Actinomycetota,Actinomycetes,Micrococcales,Microbacteriaceae,Microbacterium,,A0A0M9VKY3,XI38_10135,Microbacteriumchocolatum,203,,WP_053548184.1;,A0A0M9VKY3;,
K9U997_CHAP6,Putative membrane protein,Peptidase S54 family,Bacteria,Bacillati,Cyanobacteriota,Cyanophyceae,Gomontiellales,Chamaesiphonaceae,Chamaesiphon,Chamaesiphonminutus,K9U997,Cha6605_0373,Chamaesiphonminutus(strainATCC27169/PCC6605),528,,WP_015157866.1;,K9U997;,
R4XCG7_TAPDE,Pre-mRNA-processing factor 19 (EC 2.3.2.27),WD repeat PRP19 family,Eukaryota,Dikarya,Taphrinomycotina,Taphrinomycetes,Taphrinales,Taphrinaceae,Taphrina,Taphrinadeformans,R4XCG7,TAPDE_001990,Taphrinadeformans(strainPYCC5710/ATCC11124/CBS356.35/IMI108563/JCM9778/NBRC8474)(Peachleafcurlfungus)(Lalariadeformans),683,2.3.2.27,,R4XCG7;,
Q312A1_OLEA2,Rhomboid family protein,,Bacteria,Bacteria,Thermodesulfobacteriota,Desulfovibrionia,Desulfovibrionales,Desulfovibrionaceae,Oleidesulfovibrio,Oleidesulfovibrioalaskensis,Q312A1,Dde_1446,Oleidesulfovibrioalaskensis(strainATCCBAA-1058/DSM17464/G20)(Desulfovibrioalaskensis),248,,WP_011367414.1;,Q312A1;,
R5R215_9FIRM,,,,,,,,,,,R5R215,,,,,,,
A0A0F4NXP1_PSEO7,,,,,,,,,,,A0A0F4NXP1,,,,,,,
Q9X0H3_THEMA,Peptidase S54 rhomboid domain-containing protein,Peptidase S54 family,Bacteria,Bacteria,Thermotogota,Thermotogae,Thermotogales,Thermotogaceae,Thermotoga,Thermotogamaritima,Q9X0H3,TM_1087,Thermotogamaritima(strainATCC43589/DSM3109/JCM10099/NBRC100826/MSB8),222,,NP_228893.1;WP_004080389.1;,Q9X0H3;,
A0A0D2VE14_GOSRA,RHOMBOID-like protein (EC 3.4.21.105),Peptidase S54 family,Eukaryota,Viridiplantae,Streptophytina,Magnoliopsida,Malvales,Malvoideae,Gossypium,,A0A0D2VE14,B456_010G226400,Gossypiumraimondii(Peruviancotton)(Gossypiumklotzschianumsubsp.raimondii),305,3.4.21.105,,A0A0D2VE14;,
A0A0G4J231_PLABS,rhomboid protease (EC 3.4.21.105),Peptidase S54 family,Eukaryota,Eukaryota,Endomyxa,Phytomyxea,Plasmodiophorida,Plasmodiophoridae,Plasmodiophora,,A0A0G4J231,PBRA_001962,Plasmodiophorabrassicae(Clubrootdiseaseagent),318,3.4.21.105,,A0A0G4J231;,
E2QY16_CANLF,,,,,,,,,,,E2QY16,,,,,,,
G8NXN5_GRAMM,"Peptidase S54, rhomboid domain protein",Peptidase S54 family,Bacteria,Bacteria,Acidobacteriota,Terriglobia,Terriglobales,Acidobacteriaceae,Granulicella,Granulicellamallensis,G8NXN5,AciX8_4761,Granulicellamallensis(strainATCCBAA-1857/DSM23137/MP5ACTX8),225,,WP_014267901.1;,G8NXN5;,
K9YC43_HALP7,Rhomboid family protein,Peptidase S54 family,Bacteria,Bacillati,Cyanobacteriota,unclassifiedHalothece,Chroococcales,Halothecacae,Halothece,,K9YC43,PCC7418_2277,Halothecesp.(strainPCC7418)(Synechococcussp.(strainPCC7418)),236,,WP_015226304.1;,K9YC43;,
A0A078JE28_BRANA,RHOMBOID-like protein (EC 3.4.21.105),Peptidase S54 family,Eukaryota,Viridiplantae,Streptophytina,Magnoliopsida,Brassicales,Brassicaceae,Brassica,,A0A078JE28,BnaA09g54780DDARMORV10_A09P46750.1GSBRNA2T00048330001,Brassicanapus(Rape),391,3.4.21.105,XP_013691269.1;,A0A078JE28;,
W0JS52_9EURY,Rhomboid family protein,Peptidase S54 family,Archaea,Methanobacteriati,Methanobacteriota,Halobacteria,Halobacteriales,Natrialbaceae,Halostagnicola,Halostagnicolalarsenii,W0JS52,HALLA_14330,HalostagnicolalarseniiXH-48,320,,,W0JS52;,
A0A0F2RQL3_9RHOB,Protease,,Bacteria,Bacteria,Pseudomonadota,unclassifiedRoseovarius,Rhodobacterales,Roseobacteraceae,Roseovarius,,A0A0F2RQL3,VR71_20790,Roseovariussp.BRH_c41,228,,WP_040650296.1;,A0A0F2RQL3;,
A0A0F5FHG2_9HYPH,Peptidase S54 rhomboid domain-containing protein,,Bacteria,Bacteria,Pseudomonadota,Alphaproteobacteria,Hyphomicrobiales,Devosiaceae,Devosia,,A0A0F5FHG2,VE26_13440,Devosiachinhatensis,227,,,A0A0F5FHG2;,
H2J705_MARPK,Putative membrane protein,Peptidase S54 family,Bacteria,Bacteria,Thermotogota,Thermotogae,Petrotogales,Petrotogaceae,Marinitoga,Marinitogapiezophila,H2J705,Marpi_1999,Marinitogapiezophila(strainDSM14283/JCM11233/KA3),231,,WP_014297445.1;,H2J705;,
Q5NM22_ZYMMO,Rhomboid family protein,Peptidase S54 family,Bacteria,Bacteria,Pseudomonadota,Alphaproteobacteria,Sphingomonadales,Zymomonadaceae,Zymomonas,Zymomonasmobilissubsp.mobilis,Q5NM22,ZMO1614,Zymomonasmobilissubsp.mobilis(strainATCC31821/ZM4/CP4),212,,WP_011241367.1;,Q5NM22;,
R5UMT6_9FIRM,,,,,,,,,,,R5UMT6,,,,,,,
A0A0M9GT74_9BACI,Serine protease,Peptidase S54 family,Bacteria,Bacillati,Bacillota,unclassifiedBacillus,Bacillales,Bacillaceae,Bacillus,,A0A0M9GT74,AAV98_07800,Bacillussp.CHD6a,505,,WP_060664994.1;,A0A0M9GT74;,
S2DQW1_INDAL,Rhomboid family protein,,Bacteria,Bacteria,Bacteroidota,Cytophagia,Cytophagales,Cyclobacteriaceae,Indibacter,Indibacteralkaliphilus,S2DQW1,A33Q_4386,Indibacteralkaliphilus(strainCCUG57479/KCTC22604/LW1),310,,WP_009032880.1;,S2DQW1;,
D4YQM9_9MICO,"Peptidase, S54 family (EC 3.4.21.-)",Peptidase S54 family,Bacteria,Bacillati,Actinomycetota,Actinomycetes,Micrococcales,Brevibacteriaceae,Brevibacterium,Brevibacteriummcbrellneri,D4YQM9,HMPREF0183_2239,BrevibacteriummcbrellneriATCC49030,228,3.4.21.-,WP_005886068.1;,D4YQM9;,
S5V187_STRC3,Peptidase S54 rhomboid domain-containing protein,Peptidase S54 family,Bacteria,Bacillati,Actinomycetota,Actinomycetes,Kitasatosporales,Streptomycetaceae,Streptomyces,Streptomycescollinus,S5V187,B446_10610,Streptomycescollinus(strainDSM40733/Tue365),306,,WP_020939418.1;,S5V187;,
A0A0M3K0H3_ANISI,Rhomboid-like protein,Peptidase S54 family,Eukaryota,Metazoa,Nematoda,Chromadorea,Ascaridomorpha,Anisakidae,Anisakis,,A0A0M3K0H3,ASIM_LOCUS13738,Anisakissimplex(Herringworm),378,,,,
C3YWC8_BRAFL,rhomboid protease (EC 3.4.21.105),Peptidase S54 family,Eukaryota,Metazoa,Cephalochordata,Leptocardii,Amphioxiformes,Branchiostomatidae,Branchiostoma,,C3YWC8,BRAFLDRAFT_118864,Branchiostomafloridae(Floridalancelet)(Amphioxus),309,3.4.21.105,XP_002599160.1;,C3YWC8;,
A6CC82_9PLAN,,,,,,,,,,,A6CC82,,,,,,,
T1KSQ1_TETUR,EF-hand domain-containing protein,Peptidase S54 family,Eukaryota,Metazoa,Chelicerata,Acari,Eleutherengona,Tetranychidae,Tetranychus,,T1KSQ1,107367105,Tetranychusurticae(Two-spottedspidermite),373,,XP_015790266.1;XP_015790267.1;XP_015790268.1;XP_015790269.1;XP_015790270.1;XP_015790271.1;XP_015790272.1;,T1KSQ1;,
A0A0A7EHK2_9GAMM,Rhomboid family protein,Peptidase S54 family,Bacteria,Bacteria,Pseudomonadota,Gammaproteobacteria,Alteromonadales,Pseudoalteromonadaceae,Pseudoalteromonas,,A0A0A7EHK2,OM33_13615,Pseudoalteromonaspiratica,360,,WP_038642473.1;,A0A0A7EHK2;,
T1JDI7_STRMM,EF-hand domain-containing protein,Peptidase S54 family,Eukaryota,Metazoa,Myriapoda,Pleurostigmophora,Geophilomorpha,Linotaeniidae,Strigamia,,T1JDI7,,Strigamiamaritima(Europeancentipede)(Geophilusmaritimus),313,,,T1JDI7;,
F8DBT3_HALXS,Rhomboid family protein,,Archaea,Methanobacteriati,Methanobacteriota,Halobacteria,Halobacteriales,Natrialbaceae,Halopiger,Halopigerxanaduensis,F8DBT3,Halxa_4107,Halopigerxanaduensis(strainDSM18323/JCM14033/SH-6),314,,,F8DBT3;,
A0A0B7MPS4_9FIRM,Rhomboid family protein,,Bacteria,Bacillati,Bacillota,Clostridia,Thermoanaerobacterales,ThermoanaerobacteralesFamilyIII.IncertaeSedis,Syntrophaceticus,,A0A0B7MPS4,SSCH_570015,Syntrophaceticusschinkii,225,,WP_044665592.1;,A0A0B7MPS4;,
G1XHB5_ARTOA,Rhomboid-type serine protease (EC 3.4.21.105),Peptidase S54 family,Eukaryota,Dikarya,Pezizomycotina,Orbiliomycetes,Orbiliales,Orbiliaceae,Orbilia,Orbiliaoligospora,G1XHB5,AOL_s00083g396,Arthrobotrysoligospora(strainATCC24927/CBS115.81/DSM1491)(Nematode-trappingfungus)(Didymozoophagaoligospora),482,3.4.21.105,XP_011123877.1;,G1XHB5;,
Q07W48_SHEFN,Rhomboid family protein,,Bacteria,Bacteria,Pseudomonadota,Gammaproteobacteria,Alteromonadales,Shewanellaceae,Shewanella,Shewanellafrigidimarina,Q07W48,Sfri_3941,Shewanellafrigidimarina(strainNCIMB400),283,,WP_011639350.1;,Q07W48;,
R6NCS4_9FIRM,,,,,,,,,,,R6NCS4,,,,,,,
B6IUS5_RHOCS,Rhomboid family membrane protein,,Bacteria,Bacteria,Pseudomonadota,Alphaproteobacteria,Rhodospirillales,Rhodospirillaceae,Rhodospirillum,Rhodospirillumcentenum,B6IUS5,RC1_2632,Rhodospirillumcentenum(strainATCC51521/SW),234,,WP_012567788.1;,B6IUS5;,
Q18KT2_HALWD,Rhomboid family protease (EC 3.4.21.105),Peptidase S54 family,Archaea,Methanobacteriati,Methanobacteriota,Halobacteria,Halobacteriales,Haloferacaceae,Haloquadratum,Haloquadratumwalsbyi,Q18KT2,HQ_1233A,Haloquadratumwalsbyi(strainDSM16790/HBSQ001),306,3.4.21.105,WP_011570523.1;,Q18KT2;,
Q9HS82_HALSA,Rhomboid family protease (EC 3.4.21.105),,Archaea,Methanobacteriati,Methanobacteriota,Halobacteria,Halobacteriales,Halobacteriaceae,Halobacterium,Halobacteriumsalinarum,Q9HS82,VNG_0361C,Halobacteriumsalinarum(strainATCC700922/JCM11081/NRC-1)(Halobacteriumhalobium),333,3.4.21.105,WP_010902221.1;,Q9HS82;,
A0A0G4J164_PLABS,rhomboid protease (EC 3.4.21.105),Peptidase S54 family,Eukaryota,Eukaryota,Endomyxa,Phytomyxea,Plasmodiophorida,Plasmodiophoridae,Plasmodiophora,,A0A0G4J164,PBRA_001838PLBR_LOCUS8488,Plasmodiophorabrassicae(Clubrootdiseaseagent),285,3.4.21.105,,A0A0G4J164;,
A0A0D2V5N6_GOSRA,RHOMBOID-like protein (EC 3.4.21.105),Peptidase S54 family,Eukaryota,Viridiplantae,Streptophytina,Magnoliopsida,Malvales,Malvoideae,Gossypium,,A0A0D2V5N6,B456_010G045800,Gossypiumraimondii(Peruviancotton)(Gossypiumklotzschianumsubsp.raimondii),387,3.4.21.105,XP_012449065.1;,A0A0D2V5N6;,
A0A075JKW0_9BACI,S54 family peptidase,Peptidase S54 family,Bacteria,Bacillati,Bacillota,unclassifiedVirgibacillus,Bacillales,Bacillaceae,Virgibacillus,,A0A075JKW0,X953_02985,Virgibacillussp.SK37,257,,WP_040954275.1;,A0A075JKW0;,
H3AZ74_LATCH,Rhomboid domain containing 1,,Eukaryota,Metazoa,Craniata,Sarcopterygii,Coelacanthiformes,Coelacanthidae,Latimeria,,H3AZ74,RHBDD1,Latimeriachalumnae(Coelacanth),318,,XP_005993100.1;XP_005993101.1;XP_005993102.1;XP_005993103.1;XP_014342165.1;XP_014342166.1;XP_014342167.1;,,
A9CIP3_AGRFC,Peptidase S54 rhomboid domain-containing protein,,Bacteria,Bacteria,Pseudomonadota,Alphaproteobacteria,Hyphomicrobiales,Rhizobiaceae,Agrobacterium,Agrobacteriumfabrum,A9CIP3,Atu1753,Agrobacteriumfabrum(strainC58/ATCC33970)(Agrobacteriumtumefaciens(strainC58)),245,,NP_354738.1;WP_010971843.1;,A9CIP3;,
W8S1H5_9RHOB,Rhomboid family serine protease,Peptidase S54 family,Bacteria,Bacteria,Pseudomonadota,Alphaproteobacteria,Rhodobacterales,Roseobacteraceae,Roseibacterium,Roseibacteriumelongatum,W8S1H5,roselon_00123,RoseibacteriumelongatumDSM19469,285,,WP_025310522.1;,W8S1H5;,
A0A0G0I2L9_9BACT,Peptidase S54 rhomboid domain-containing protein,Peptidase S54 family,Bacteria,Bacteria,CandidatusBerkelbacteria,,,,,,A0A0G0I2L9,US31_C0004G0091,BerkelbacteriabacteriumGW2011_GWA1_36_9,236,,,A0A0G0I2L9;,
D7GDW2_PROFC,Hypothetical membrane protein,Peptidase S54 family,Bacteria,Bacillati,Actinomycetota,Actinomycetes,Propionibacteriales,Propionibacteriaceae,Propionibacterium,Propionibacteriumfreudenreichiisubsp.shermanii,D7GDW2,PFREUD_12010,Propionibacteriumfreudenreichiisubsp.shermanii(strainATCC9614/DSM4902/CIP103027/NCIMB8099/CIRM-BIA1),205,,,D7GDW2;,
B0RH80_CLASE,Rhomboid family membrane protein,Peptidase S54 family,Bacteria,Bacillati,Actinomycetota,Actinomycetes,Micrococcales,Microbacteriaceae,Clavibacter,,B0RH80,yggPCMS0012,Clavibactersepedonicus(Clavibactermichiganensissubsp.sepedonicus),287,,WP_012297506.1;,,
H1S050_9BURK,Peptidase S54 rhomboid domain-containing protein,,Bacteria,Bacteria,Pseudomonadota,Betaproteobacteria,Burkholderiales,Burkholderiaceae,Cupriavidus,Cupriavidusbasilensis,H1S050,OR16_04802,CupriavidusbasilensisOR16,211,,WP_006156763.1;,H1S050;,
A0A0F3FWT8_9LACO,,,,,,,,,,,A0A0F3FWT8,,,,,,,
K7SN11_ACIA4,"Peptidase, S54 family protein",Peptidase S54 family,Bacteria,Bacillati,Actinomycetota,Actinomycetes,Propionibacteriales,Propionibacteriaceae,Acidipropionibacterium,Acidipropionibacteriumacidipropionici,K7SN11,PACID_28280,Acidipropionibacteriumacidipropionici(strainATCC4875/DSM20272/JCM6432/NBRC12425/NCIMB8070/4)(Propionibacteriumacidipropionici),229,,,K7SN11;,
A0A0N0I027_9ACTN,,,,,,,,,,,A0A0N0I027,,,,,,,
A0A0F7M312_9GAMM,Putative membrane protein,Peptidase S54 family,Bacteria,Bacteria,Pseudomonadota,unclassifiedSpongiibacter,Cellvibrionales,Spongiibacteraceae,Spongiibacter,,A0A0F7M312,IMCC21906_01791,Spongiibactersp.IMCC21906,287,,WP_047011862.1;,A0A0F7M312;,
A0A0D2NQY2_GOSRA,Peptidase S54 rhomboid domain-containing protein,Peptidase S54 family,Eukaryota,Viridiplantae,Streptophytina,Magnoliopsida,Malvales,Malvoideae,Gossypium,,A0A0D2NQY2,B456_002G210100,Gossypiumraimondii(Peruviancotton)(Gossypiumklotzschianumsubsp.raimondii),268,,,A0A0D2NQY2;,
G7IUV4_MEDTR,RHOMBOID-like protein (EC 3.4.21.105),Peptidase S54 family,Eukaryota,Viridiplantae,Streptophytina,Magnoliopsida,Fabales,Papilionoideae,Medicago,,G7IUV4,11436369MTR_2g103600MtrunA17_Chr2g0332941,Medicagotruncatula(Barrelmedic)(Medicagotribuloides),316,3.4.21.105,XP_003597882.2;,G7IUV4;,
C8X2H0_DESRD,Rhomboid family protein,,Bacteria,Bacteria,Thermodesulfobacteriota,Desulfovibrionia,Desulfovibrionales,Desulfohalobiaceae,Desulfohalobium,Desulfohalobiumretbaense,C8X2H0,Dret_1329,Desulfohalobiumretbaense(strainATCC49708/DSM5692/JCM16813/HR100),317,,WP_015751764.1;,C8X2H0;,
Q92QB8_RHIME,Hypothetical transmembrane protein,,Bacteria,Bacteria,Pseudomonadota,Alphaproteobacteria,Hyphomicrobiales,Rhizobiaceae,Sinorhizobium,Rhizobiummeliloti,Q92QB8,SMc01001,Rhizobiummeliloti(strain1021)(Ensifermeliloti)(Sinorhizobiummeliloti),243,,NP_385522.1;WP_003534691.1;,Q92QB8;,
B3DVM5_METI4,Membrane associated serine protease,,Bacteria,Bacteria,Verrucomicrobiota,Methylacidiphilae,Methylacidiphilales,Methylacidiphilaceae,Methylacidiphilum,CandidatusMethylacidiphiluminfernorum,B3DVM5,glpGMinf_1324,Methylacidiphiluminfernorum(isolateV4)(Methylokorusinfernorum(strainV4)),230,,WP_012463660.1;,B3DVM5;,
C5D4N6_GEOSW,Rhomboid family protein,Peptidase S54 family,Bacteria,Bacillati,Bacillota,unclassifiedGeobacillus,Bacillales,Bacillaceae,Geobacillus,,C5D4N6,GWCH70_2381,Geobacillussp.(strainWCH70),389,,,C5D4N6;,
S0GNM0_9BACT,Peptidase S54 rhomboid domain-containing protein,,Bacteria,Bacteria,Bacteroidota,Bacteroidia,Bacteroidales,Tannerellaceae,Parabacteroides,Parabacteroidesgoldsteinii,S0GNM0,C803_03056,ParabacteroidesgoldsteiniidnLKV18,236,,WP_007655129.1;,S0GNM0;,
A0A0F2SF62_9FIRM,Peptidase S54,Peptidase S54 family,Bacteria,Bacillati,Bacillota,unclassifiedPeptococcaceae,Eubacteriales,Peptococcaceae,,,A0A0F2SF62,VR66_07315,PeptococcaceaebacteriumBRH_c23,313,,,A0A0F2SF62;,
R7ACP5_9CLOT,,,,,,,,,,,R7ACP5,,,,,,,
L9JC92_TUPCH,rhomboid protease (EC 3.4.21.105),Peptidase S54 family,Eukaryota,Metazoa,Craniata,Mammalia,Scandentia,Tupaiidae,Tupaia,,L9JC92,TREES_T100000912,Tupaiachinensis(Chinesetreeshrew),301,3.4.21.105,,L9JC92;,
B4R353_DROSI,GD17034,Peptidase S54 family,Eukaryota,Metazoa,Hexapoda,Neoptera,Muscomorpha,Drosophilinae,Sophophora,,B4R353,Dsim\GD17034Dsim_GD17034,Drosophilasimulans(Fruitfly),382,,,B4R353;,
L1I841_GUITC,Peptidase S54 rhomboid domain-containing protein,,Eukaryota,Eukaryota,,Cryptophyceae,Pyrenomonadales,Geminigeraceae,Guillardia,Guillardiatheta,L1I841,GUITHDRAFT_166710,Guillardiatheta(strainCCMP2712)(Cryptophyte),353,,XP_005819406.1;,L1I841;,
A0A0F3GU17_9BACT,Rhomboid family protein,Peptidase S54 family,Bacteria,Bacteria,Nitrospirota,Thermodesulfovibrionia,Thermodesulfovibrionales,CandidatusMagnetobacteriaceae,CandidatusMagnetobacterium,,A0A0F3GU17,MBAV_002498,CandidatusMagnetobacteriumbavaricum,442,,,A0A0F3GU17;,
R6Z6D4_9CLOT,Peptidase S54 family,Peptidase S54 family,Bacteria,Bacillati,Bacillota,unclassifiedClostridium,Eubacteriales,Clostridiaceae,Clostridium,,R6Z6D4,BN593_00065,Clostridiumsp.CAG:299,202,,,R6Z6D4;,
G8TCE1_NIAKG,Rhomboid family protein,Peptidase S54 family,Bacteria,Bacteria,Bacteroidota,Chitinophagia,Chitinophagales,Chitinophagaceae,Niastella,Niastellakoreensis,G8TCE1,Niako_5211,Niastellakoreensis(strainDSM17620/KACC11465/NBRC106392/GR20-10),258,,WP_014221359.1;,G8TCE1;,
R7HTI7_9CLOT,Uncharacterized membrane protein (Homolog of Drosophila rhomboid),,Bacteria,Bacillati,Bacillota,unclassifiedClostridium,Eubacteriales,Clostridiaceae,Clostridium,,R7HTI7,BN648_01376,Clostridiumsp.CAG:411,193,,,R7HTI7;,
A0A078ED55_BRANA,,,,,,,,,,,A0A078ED55,,,,,,,
E4ZQ66_LEPMJ,Peptidase S54 rhomboid domain-containing protein,Peptidase S54 family,Eukaryota,Dikarya,Pezizomycotina,Pleosporomycetidae,Pleosporineae,Leptosphaeriaceae,Plenodomus,Leptosphaeriamaculans,E4ZQ66,LEMA_P124660.1,Leptosphaeriamaculans(strainJN3/isolatev23.1.3/raceAv1-4-5-6-7-8)(Blacklegfungus)(Phomalingam),375,,XP_003836990.1;,E4ZQ66;,
E8N925_MICTS,Uncharacterized membrane protein,Peptidase S54 family,Bacteria,Bacillati,Actinomycetota,Actinomycetes,Micrococcales,Microbacteriaceae,Microbacterium,Microbacteriumtestaceum,E8N925,MTES_1497,Microbacteriumtestaceum(strainStLB037),258,,,E8N925;,
I0Z3K7_COCSC,Rhomboid-domain-containing protein,Peptidase S54 family,Eukaryota,Viridiplantae,Chlorophyta,Trebouxiophyceae,,,Coccomyxa,Coccomyxasubellipsoidea,I0Z3K7,COCSUDRAFT_40539,Coccomyxasubellipsoidea(strainC-169)(Greenmicroalga),278,,XP_005649770.1;,I0Z3K7;,
L0AIG2_NATGS,Membrane protein (Rhomboid family intramembrane serine protease),,Archaea,Methanobacteriati,Methanobacteriota,Halobacteria,Halobacteriales,Natrialbaceae,Natronobacterium,Natronobacteriumgregoryi,L0AIG2,Natgr_2046CYV19_03505,Natronobacteriumgregoryi(strainATCC43098/DSM3393/CCM3738/CIP104747/IAM13177/JCM8860/NBRC102187/NCIMB2189/SP2),319,,WP_015233533.1;,L0AIG2;,
R6GS10_9FIRM,YqgP,Peptidase S54 family,Bacteria,Bacillati,Bacillota,unclassifiedBacillota,,,,,R6GS10,BN721_00622,FirmicutesbacteriumCAG:582,371,,,R6GS10;,
A0A0D6A2J5_9LACO,Peptidase S54 rhomboid domain-containing protein,,Bacteria,Bacillati,Bacillota,Bacilli,Lactobacillales,Lactobacillaceae,Lactobacillus,,A0A0D6A2J5,LBAT_0572,Lactobacillusacetotolerans,205,,,A0A0D6A2J5;,
A0A0M2VAF5_9GAMM,Protease,,Bacteria,Bacteria,Pseudomonadota,unclassifiedArsukibacterium,Chromatiales,Chromatiaceae,Arsukibacterium,,A0A0M2VAF5,VT06_14425,Arsukibacteriumsp.MJ3,199,,WP_046555032.1;,A0A0M2VAF5;,
G8TDG2_NIAKG,Rhomboid family protein,Peptidase S54 family,Bacteria,Bacteria,Bacteroidota,Chitinophagia,Chitinophagales,Chitinophagaceae,Niastella,Niastellakoreensis,G8TDG2,Niako_4136,Niastellakoreensis(strainDSM17620/KACC11465/NBRC106392/GR20-10),212,,WP_014220324.1;,G8TDG2;,
R7YPX3_CONA1,Rhomboid-type serine protease (EC 3.4.21.105),Peptidase S54 family,Eukaryota,Dikarya,Pezizomycotina,Dothideomycetes,,,Coniosporium,Coniosporiumapollinis,R7YPX3,W97_03176,Coniosporiumapollinis(strainCBS100218)(Rock-inhabitingblackyeast),535,3.4.21.105,XP_007779264.1;,R7YPX3;,
C2D539_LACBR,,,,,,,,,,,C2D539,,,,,,,
E2CM51_9HYPH,Rhomboid family protein,,Bacteria,Bacteria,Pseudomonadota,unclassifiedRoseibium,Hyphomicrobiales,Stappiaceae,Roseibium,,E2CM51,TRICHSKD4_4195,Roseibiumsp.TrichSKD4,251,,WP_009468449.1;,E2CM51;,
A0A0K8P5I4_PISS1,Putative transmembrane protein,,Bacteria,Bacteria,Pseudomonadota,Betaproteobacteria,Burkholderiales,Sphaerotilaceae,Piscinibacter,,A0A0K8P5I4,ISF6_3719,Piscinibactersakaiensis(Ideonellasakaiensis),206,,WP_054021688.1;,A0A0K8P5I4;,
K0YP55_9ACTO,Peptidase S54 rhomboid domain-containing protein,,Bacteria,Bacillati,Actinomycetota,Actinomycetes,Actinomycetales,Actinomycetaceae,Winkia,Winkianeuii,K0YP55,HMPREF9240_01748,WinkianeuiiBV029A5,251,,WP_004808091.1;,K0YP55;,
E3HJY3_ACHXA,Rhomboid family protein,Peptidase S54 family,Bacteria,Bacteria,Pseudomonadota,Betaproteobacteria,Burkholderiales,Alcaligenaceae,Achromobacter,Alcaligenesxylosoxydansxylosoxydans,E3HJY3,AXYL_02284,Achromobacterxylosoxidans(strainA8),425,,,E3HJY3;,
K9YKS9_CYASC,Rhomboid family protein,,Bacteria,Bacillati,Cyanobacteriota,Oscillatoriophycideae,Chroococcales,Geminocystaceae,Cyanobacterium,Cyanobacteriumstanieri,K9YKS9,Cyast_1517,Cyanobacteriumstanieri(strainATCC29140/PCC7202),192,,,K9YKS9;,
Q1D3H7_MYXXD,Rhomboid family protein,Peptidase S54 family,Bacteria,Bacteria,Myxococcota,Myxococcia,Cystobacterineae,Myxococcaceae,Myxococcus,Myxococcusxanthus,Q1D3H7,MXAN_4630,Myxococcusxanthus(strainDK1622),217,,,Q1D3H7;,
M9R3L5_9RHOB,Putative rhomboid family protein,,Bacteria,Bacteria,Pseudomonadota,Alphaproteobacteria,Rhodobacterales,Roseobacteraceae,Octadecabacter,Octadecabacterantarcticus,M9R3L5,OAN307_c11140,Octadecabacterantarcticus307,224,,,M9R3L5;,
U4KFR7_9VIBR,"Putative Peptidase S54, rhomboid",,Bacteria,Bacteria,Pseudomonadota,Gammaproteobacteria,Vibrionales,Vibrionaceae,Vibrio,,U4KFR7,VIBNI_A3733,Vibrionigripulchritudo,278,,WP_022552079.1;,U4KFR7;,
D3Q268_STANL,Rhomboid family protein,,Bacteria,Bacillati,Actinomycetota,Actinomycetes,Glycomycetales,Glycomycetaceae,Stackebrandtia,Stackebrandtianassauensis,D3Q268,Snas_2245,Stackebrandtianassauensis(strainDSM44728/CIP108903/NRRLB-16338/NBRC102104/LLR-40K-21),208,,WP_013017506.1;,D3Q268;,
F8A236_CELGA,Rhomboid family protein,Peptidase S54 family,Bacteria,Bacillati,Actinomycetota,Actinomycetes,Micrococcales,Cellulomonadaceae,Cellulomonas,Cellulomonasgilvus,F8A236,Celgi_0022,Cellulomonasgilvus(strainATCC13127/NRRLB-14078)(Cellvibriogilvus),299,,,F8A236;,
A0A0M2PZ22_PROHO,Peptidase S54 rhomboid domain-containing protein,,Bacteria,Bacillati,Cyanobacteriota,Cyanophyceae,Prochlorotrichales,Prochlorotrichaceae,Prochlorothrix,Prochlorothrixhollandica,A0A0M2PZ22,PROH_07030,ProchlorothrixhollandicaPCC9006=CALU1027,292,,WP_026099194.1;,A0A0M2PZ22;,
A9A653_NITMS,Rhomboid family protein,,Archaea,Thermoproteati,Nitrososphaerota,Nitrososphaeria,Nitrosopumilales,Nitrosopumilaceae,Nitrosopumilus,Nitrosopumilusmaritimus,A9A653,Nmar_1635,Nitrosopumilusmaritimus(strainSCM1),252,,,A9A653;,
A0A0D2TC11_GOSRA,RHOMBOID-like protein (EC 3.4.21.105),Peptidase S54 family,Eukaryota,Viridiplantae,Streptophytina,Magnoliopsida,Malvales,Malvoideae,Gossypium,,A0A0D2TC11,B456_008G244200,Gossypiumraimondii(Peruviancotton)(Gossypiumklotzschianumsubsp.raimondii),297,3.4.21.105,,A0A0D2TC11;,
A5WC76_PSYWF,Rhomboid family protein,,Bacteria,Bacteria,Pseudomonadota,unclassifiedPsychrobacter,Moraxellales,Moraxellaceae,Psychrobacter,,A5WC76,PsycPRwf_0312,Psychrobactersp.(strainPRwf-1),206,,,A5WC76;,
K9Y6T9_HALP7,Rhomboid family protein,Peptidase S54 family,Bacteria,Bacillati,Cyanobacteriota,unclassifiedHalothece,Chroococcales,Halothecacae,Halothece,,K9Y6T9,PCC7418_0303,Halothecesp.(strainPCC7418)(Synechococcussp.(strainPCC7418)),528,,WP_015224417.1;,K9Y6T9;,
N8TQD1_ACIGI,,,,,,,,,,,N8TQD1,,,,,,,
Q2S4R0_SALRD,"Peptidase, S54 (Rhomboid) family, putative (EC 3.4.21.-)",,Bacteria,Bacteria,Rhodothermota,Rhodothermia,Rhodothermales,Salinibacteraceae,Salinibacter,Salinibacterruber,Q2S4R0,SRU_0683,Salinibacterruber(strainDSM13855/M31),282,3.4.21.-,YP_444821.1;,Q2S4R0;,
D0LG54_HALO1,Rhomboid family protein,Peptidase S54 family,Bacteria,Bacteria,Myxococcota,Polyangia,Haliangiales,Kofleriaceae,Haliangium,Haliangiumochraceum,D0LG54,Hoch_5597,Haliangiumochraceum(strainDSM14365/JCM11303/SMP-2),371,,WP_012830671.1;,D0LG54;,
G8X9Q6_FLACA,Rhomboid family protein,Peptidase S54 family,Bacteria,Bacteria,Bacteroidota,Flavobacteriia,Flavobacteriales,Flavobacteriaceae,Flavobacterium,Flavobacteriumcolumnare,G8X9Q6,FCOL_12265,Flavobacteriumcolumnare(strainATCC49512/CIP103533/TG44/87),246,,WP_014166515.1;,G8X9Q6;,
A0A0M2S0D4_9ACTN,Protease,Peptidase S54 family,Bacteria,Bacillati,Actinomycetota,unclassifiedMicromonospora,Micromonosporales,Micromonosporaceae,Micromonospora,,A0A0M2S0D4,LQ51_15880,Micromonosporasp.HK10,314,,WP_046567742.1;,A0A0M2S0D4;,
S4HLW1_GARVA,,,,,,,,,,,S4HLW1,,,,,,,
A0A098ETY6_9BACI,Serine peptidase,Peptidase S54 family,Bacteria,Bacillati,Bacillota,unclassifiedBacillus,Bacillales,Bacillaceae,Bacillus,,A0A098ETY6,ydcABN1002_00151,Bacillussp.B-jedd,194,,WP_048823132.1;,A0A098ETY6;,
W9SBH9_9ROSA,E3 ubiquitin-protein ligase RING1,Peptidase S54 family,Eukaryota,Viridiplantae,Streptophytina,Magnoliopsida,Rosales,Moraceae,Morus,,W9SBH9,L484_024195,Morusnotabilis,616,,XP_010103892.1;,W9SBH9;,
G6FWR4_9CYAN,"Peptidase S54, rhomboid domain protein",,Bacteria,Bacillati,Cyanobacteriota,Cyanophyceae,Nostocales,Hapalosiphonaceae,Fischerella,Fischerellathermalis,G6FWR4,FJSC11DRAFT_3313,FischerellathermalisJSC-11,236,,WP_009458303.1;,G6FWR4;,
R5JDX1_9BACE,Peptidase S54 rhomboid domain-containing protein,,Bacteria,Bacteria,Bacteroidota,unclassifiedBacteroides,Bacteroidales,Bacteroidaceae,Bacteroides,,R5JDX1,BN523_01011,Bacteroidessp.CAG:189,233,,,R5JDX1;,
G0QZU3_ICHMU,Rhomboid-like protease (EC 3.4.21.105),Peptidase S54 family,Eukaryota,Eukaryota,Intramacronucleata,Oligohymenophorea,Ophryoglenina,,Ichthyophthirius,,G0QZU3,IMG5_159910,Ichthyophthiriusmultifiliis(Whitespotdiseaseagent)(Ich),305,3.4.21.105,XP_004030499.1;,G0QZU3;,
A0A0A1GT39_9LACO,Membrane protein,Peptidase S54 family,Bacteria,Bacillati,Bacillota,Bacilli,Lactobacillales,Lactobacillaceae,Paucilactobacillus,Paucilactobacillushokkaidonensis,A0A0A1GT39,LOOC260_109320,PaucilactobacillushokkaidonensisJCM18461,223,,WP_052467292.1;,A0A0A1GT39;,
J9W5S6_LENBU,Membrane-associated serine protease,Peptidase S54 family,Bacteria,Bacillati,Bacillota,Bacilli,Lactobacillales,Lactobacillaceae,Lentilactobacillus,Lentilactobacillusbuchnerisubsp.silagei,J9W5S6,LBUCD034_1302,Lentilactobacillusbuchnerisubsp.silageiCD034,220,,WP_014940022.1;,J9W5S6;,
H5WZN6_9PSEU,Putative membrane protein,,Bacteria,Bacillati,Actinomycetota,Actinomycetes,Pseudonocardiales,Pseudonocardiaceae,Saccharomonospora,Saccharomonosporamarina,H5WZN6,SacmaDRAFT_2525,SaccharomonosporamarinaXMU15,236,,WP_009154153.1;,H5WZN6;,
K2P7Z8_9HYPH,Peptidase S54 rhomboid domain-containing protein,Peptidase S54 family,Bacteria,Bacteria,Pseudomonadota,Alphaproteobacteria,Hyphomicrobiales,Rhizobiaceae,Agrobacterium,Agrobacteriumalbertimagni,K2P7Z8,QWE_22276,AgrobacteriumalbertimagniAOL15,258,,WP_006728440.1;,K2P7Z8;,
B3EQD2_CHLPB,Rhomboid family protein,,Bacteria,Bacteria,Chlorobiota,Chlorobiia,Chlorobiales,Chlorobiaceae,Chlorobium,Chlorobiumphaeobacteroides,B3EQD2,Cphamn1_2536,Chlorobiumphaeobacteroides(strainBS1),273,,,B3EQD2;,
A0A0E0B3S9_9ORYZ,Peptidase S54 rhomboid domain-containing protein,Peptidase S54 family,Eukaryota,Viridiplantae,Streptophytina,Petrosaviidae,Poales,Oryzoideae,Oryza,,A0A0E0B3S9,,Oryzaglumipatula,328,,,,
R5MUR4_9MOLU,Peptidase S54 (Rhomboid) family protein,Peptidase S54 family,Bacteria,Bacillati,Mycoplasmatota,unclassifiedMycoplasma,Mycoplasmatales,Mycoplasmataceae,Mycoplasma,,R5MUR4,BN817_00642,Mycoplasmasp.CAG:956,374,,,R5MUR4;,
D6M388_STRSH,Rhomboid family protein,Peptidase S54 family,Bacteria,Bacillati,Actinomycetota,unclassifiedStreptomyces,Kitasatosporales,Streptomycetaceae,Streptomyces,,D6M388,SSBG_05764,Streptomycessp.(strainSPB074),338,,WP_008746833.1;,D6M388;,
I2GSI1_9BACT,Rhomboid family protein,Peptidase S54 family,Bacteria,Bacteria,Bacteroidota,Cytophagia,Cytophagales,Spirosomataceae,Fibrisoma,Fibrisomalimi,I2GSI1,BN8_06249,FibrisomalimiBUZ3,206,,WP_009285421.1;,I2GSI1;,
I1DSX7_9GAMM,GlpG protein,,Bacteria,Bacteria,Pseudomonadota,Gammaproteobacteria,Chromatiales,Chromatiaceae,Rheinheimera,Rheinheimerananhaiensis,I1DSX7,glpGRNAN_0118,RheinheimerananhaiensisE407-8,273,,WP_008217657.1;,I1DSX7;,
F0RZL7_SPHGB,"Peptidase S54, rhomboid domain",Peptidase S54 family,Bacteria,Bacteria,Spirochaetota,Spirochaetia,Spirochaetales,Sphaerochaetaceae,Sphaerochaeta,Sphaerochaetaglobosa,F0RZL7,SpiBuddy_2961,Sphaerochaetaglobosa(strainATCCBAA-1886/DSM22777/Buddy)(Spirochaetasp.(strainBuddy)),212,,WP_013608611.1;,F0RZL7;,
Q1QXZ4_CHRSD,Rhomboid-like protein,Peptidase S54 family,Bacteria,Bacteria,Pseudomonadota,Gammaproteobacteria,Oceanospirillales,Halomonadaceae,Chromohalobacter,Chromohalobactersalexigens,Q1QXZ4,Csal_1309,Chromohalobactersalexigens(strainATCCBAA-138/DSM3043/CIP106854/NCIMB13768/1H11),285,,WP_011506610.1;,Q1QXZ4;,
A0A0N1G2Q2_9ACTN,"Peptidase S54, rhomboid domain containing protein",Peptidase S54 family,Bacteria,Bacillati,Actinomycetota,unclassifiedActinomycetes,,,,,A0A0N1G2Q2,OK006_1096,ActinobacteriabacteriumOK006,303,,,A0A0N1G2Q2;,
A7HE04_ANADF,Rhomboid family protein,Peptidase S54 family,Bacteria,Bacteria,Myxococcota,unclassifiedAnaeromyxobacter,Cystobacterineae,Anaeromyxobacteraceae,Anaeromyxobacter,,A7HE04,Anae109_2750,Anaeromyxobactersp.(strainFw109-5),369,,,A7HE04;,
A1U5B7_MARN8,Rhomboid family protein,Peptidase S54 family,Bacteria,Bacteria,Pseudomonadota,Gammaproteobacteria,Pseudomonadales,Marinobacteraceae,Marinobacter,Marinobacternauticus,A1U5B7,Maqu_3112,Marinobacternauticus(strainATCC700491/DSM11845/VT8)(Marinobacteraquaeolei),199,,,A1U5B7;,
A0A0F2PIM0_9FIRM,Protease,Peptidase S54 family,Bacteria,Bacillati,Bacillota,unclassifiedPeptococcaceae,Eubacteriales,Peptococcaceae,,,A0A0F2PIM0,VR67_09235,PeptococcaceaebacteriumBRH_c8a,228,,,A0A0F2PIM0;,
A0A0F6QYX4_9CORY,Putative membrane protein,,Bacteria,Bacillati,Actinomycetota,Actinomycetes,Mycobacteriales,Corynebacteriaceae,Corynebacterium,,A0A0F6QYX4,UL82_03110,Corynebacteriumkutscheri,222,,,A0A0F6QYX4;,
A0A0G0ID71_9BACT,Peptidase S54 rhomboid domain-containing protein,,Bacteria,Bacteria,,unclassifiedMicrogenomatesgroup,,,,,A0A0G0ID71,US72_C0007G0026,MicrogenomatesgroupbacteriumGW2011_GWC1_38_12,225,,,A0A0G0ID71;,
D3FRX6_ALKPO,Peptidase S54 rhomboid domain-containing protein,Peptidase S54 family,Bacteria,Bacillati,Bacillota,Bacilli,Bacillales,Bacillaceae,Alkalihalophilus,Alkalihalophiluspseudofirmus,D3FRX6,BpOF4_09150,Alkalihalophiluspseudofirmus(strainATCCBAA-2126/JCM17055/OF4)(Bacilluspseudofirmus),246,,WP_012957252.1;,D3FRX6;,
G3ANJ5_SPAPN,Rhomboid-type serine protease (EC 3.4.21.105),Peptidase S54 family,Eukaryota,Dikarya,Saccharomycotina,Pichiomycetes,Serinales,Debaryomycetaceae,Spathaspora,Spathasporapassalidarum,G3ANJ5,SPAPADRAFT_61590,Spathasporapassalidarum(strainNRRLY-27907/11-Y1),555,3.4.21.105,XP_007375800.1;,G3ANJ5;,
J9JSR3_ACYPI,,,,,,,,,,,J9JSR3,,,,,,,
J5N2X9_PASMD,,,,,,,,,,,J5N2X9,,,,,,,
A4EV95_9RHOB,Rhomboid family protein,,Bacteria,Bacteria,Pseudomonadota,unclassifiedRoseobacter,Rhodobacterales,Roseobacteraceae,Roseobacter,,A4EV95,RSK20926_22109,Roseobactersp.SK209-2-6,287,,,A4EV95;,
N0AMK7_9BACI,S54 family peptidase,Peptidase S54 family,Bacteria,Bacillati,Bacillota,unclassifiedBacillus,Bacillales,Bacillaceae,Bacillus,,N0AMK7,B1NLA3E_00920,Bacillussp.1NLA3E,244,,WP_015592033.1;,N0AMK7;,
E0NQD4_9BACT,"Peptidase, S54 family (EC 3.4.21.-)",,Bacteria,Bacteria,Bacteroidota,Bacteroidia,Bacteroidales,Prevotellaceae,Hoylesella,Hoylesellamarshii,E0NQD4,HMPREF0658_0385,HoylesellamarshiiDSM16973=JCM13450,316,3.4.21.-,,E0NQD4;,
A4JE72_BURVG,Rhomboid family protein,,Bacteria,Bacteria,Pseudomonadota,Betaproteobacteria,Burkholderiales,Burkholderiaceae,Burkholderia,Burkholderiavietnamiensis,A4JE72,Bcep1808_1568,Burkholderiavietnamiensis(strainG4/LMG22486)(Burkholderiacepacia(strainR1808)),643,,,A4JE72;,
I0AJ25_IGNAJ,Uncharacterized protein,,Bacteria,Bacteria,Ignavibacteriota,Ignavibacteria,Ignavibacteriales,Ignavibacteriaceae,Ignavibacterium,Ignavibacteriumalbum,I0AJ25,IALB_1272,Ignavibacteriumalbum(strainDSM19864/JCM16511/NBRC101810/Mat9-16),267,,,I0AJ25;,
D7LUM3_ARALL,RHOMBOID-like protein (EC 3.4.21.105),Peptidase S54 family,Eukaryota,Viridiplantae,Streptophytina,Magnoliopsida,Brassicales,Brassicaceae,Arabidopsis,Arabidopsislyrata,D7LUM3,ARALYDRAFT_323917,Arabidopsislyratasubsp.lyrata(Lyre-leavedrock-cress),393,3.4.21.105,XP_002877941.1;,D7LUM3;,
F2J523_POLGS,"Peptidase, S54 (Rhomboid) family, putative",,Bacteria,Bacteria,Pseudomonadota,Alphaproteobacteria,Rhodobacterales,Paracoccaceae,Polymorphum,Polymorphumgilvum,F2J523,SL003B_1637,Polymorphumgilvum(strainLMG25793/CGMCC1.9160/SL003B-26A1),257,,,F2J523;,
B0CPF1_LACBS,Rhomboid-type serine protease (EC 3.4.21.105),Peptidase S54 family,Eukaryota,Dikarya,Agaricomycotina,Agaricomycetidae,Agaricineae,Hydnangiaceae,Laccaria,Laccariabicolor,B0CPF1,LACBIDRAFT_229109,Laccariabicolor(strainS238N-H82/ATCCMYA-4686)(Bicoloureddeceiver)(Laccarialaccatavar.bicolor),332,3.4.21.105,XP_001873156.1;,B0CPF1;,
C0XRA1_CORLD,"Peptidase, S54 family (EC 3.4.21.-)",,Bacteria,Bacillati,Actinomycetota,Actinomycetes,Mycobacteriales,Corynebacteriaceae,Corynebacterium,Corynebacteriumlipophiloflavum,C0XRA1,HMPREF0298_0971,Corynebacteriumlipophiloflavum(strainATCC700352/DSM44291/CCUG37336/JCM10383/DMMZ1944),245,3.4.21.-,,C0XRA1;,
A0A0K9NS94_ZOSMR,RHOMBOID-like protein (EC 3.4.21.105),Peptidase S54 family,Eukaryota,Viridiplantae,Streptophytina,Magnoliopsida,Alismatales,Zosteraceae,Zostera,,A0A0K9NS94,ZOSMA_66G00460,Zosteramarina(Eelgrass),347,3.4.21.105,,A0A0K9NS94;,
I0K7V2_9BACT,Rhomboid family protein,Peptidase S54 family,Bacteria,Bacteria,Bacteroidota,Cytophagia,Cytophagales,Spirosomataceae,Fibrella,Fibrellaaestuarina,I0K7V2,FAES_2196,FibrellaaestuarinaBUZ2,207,,WP_015331304.1;,I0K7V2;,
W0E7T6_9FIRM,Protease,,Bacteria,Bacillati,Bacillota,Clostridia,Eubacteriales,Desulfitobacteriaceae,Desulfitobacterium,Desulfitobacteriummetallireducens,W0E7T6,DESME_07470,DesulfitobacteriummetallireducensDSM15288,317,,,W0E7T6;,
S2JM99_MUCC1,Rhomboid-type serine protease (EC 3.4.21.105),Peptidase S54 family,Eukaryota,Fungi,Mucoromycotina,Mucoromycetes,Mucorineae,Mucoraceae,Mucor,Mucorcircinelloides,S2JM99,HMPREF1544_01773,Mucorcircinelloidesf.circinelloides(strain1006PhL)(Mucormycosisagent)(Calyptromycescircinelloides),428,3.4.21.105,,S2JM99;,
G2LGL9_CHLTF,Putative membrane protein,Peptidase S54 family,Bacteria,Bacteria,Acidobacteriota,Blastocatellia,,,Chloracidobacterium,Chloracidobacteriumthermophilum,G2LGL9,Cabther_A0368,Chloracidobacteriumthermophilum(strainB),244,,WP_014098868.1;,G2LGL9;,
A0A0M8YG89_9ACTN,Membrane protein,,Bacteria,Bacillati,Actinomycetota,unclassifiedStreptomyces,Kitasatosporales,Streptomycetaceae,Streptomyces,,A0A0M8YG89,ADL06_15635,Streptomycessp.NRRLF-6491,244,,WP_053640506.1;,A0A0M8YG89;,
A9WG74_CHLAA,Rhomboid family protein,,Bacteria,Bacillati,Chloroflexota,Chloroflexia,Chloroflexineae,Chloroflexaceae,Chloroflexus,Chloroflexusaurantiacus,A9WG74,Caur_0757,Chloroflexusaurantiacus(strainATCC29366/DSM635/J-10-fl),271,,WP_012256651.1;YP_001634384.1;,A9WG74;,
A3DMI4_STAMF,Rhomboid family protein,,Archaea,Thermoproteati,Thermoproteota,Thermoprotei,Desulfurococcales,Desulfurococcaceae,Staphylothermus,Staphylothermusmarinus,A3DMI4,Smar_0743,Staphylothermusmarinus(strainATCC43588/DSM3639/JCM9404/F1),262,,,A3DMI4;,
H2FY93_OCESG,GlpG protein,,Bacteria,Bacteria,Pseudomonadota,unclassifiedOceanimonas,Aeromonadales,Aeromonadaceae,Oceanimonas,,H2FY93,GU3_03290,Oceanimonassp.(strainGK1/IBRC-M10197),279,,WP_014291151.1;,H2FY93;,
Q1DEJ4_MYXXD,"Peptidase, S54 (Rhomboid) family (EC 3.4.21.-)",,Bacteria,Bacteria,Myxococcota,Myxococcia,Cystobacterineae,Myxococcaceae,Myxococcus,Myxococcusxanthus,Q1DEJ4,MXAN_0661,Myxococcusxanthus(strainDK1622),257,3.4.21.-,WP_011550792.1;,Q1DEJ4;,
A0A0M2S2A6_9ACTN,Rhomboid family protein,Peptidase S54 family,Bacteria,Bacillati,Actinomycetota,unclassifiedMicromonospora,Micromonosporales,Micromonosporaceae,Micromonospora,,A0A0M2S2A6,LQ51_12295,Micromonosporasp.HK10,310,,WP_046565888.1;,A0A0M2S2A6;,
G2G7W2_9ACTN,Integral membrane protein,,Bacteria,Bacillati,Actinomycetota,Actinomycetes,Kitasatosporales,Streptomycetaceae,Streptomyces,Streptomyceszinciresistens,G2G7W2,SZN_07879,StreptomyceszinciresistensK42,249,,WP_007493069.1;,G2G7W2;,
H5WRW2_9BURK,Rhomboid family,,Bacteria,Bacteria,Pseudomonadota,unclassifiedBurkholderiales,Burkholderiales,,,,H5WRW2,BurJ1DRAFT_4623,BurkholderialesbacteriumJOSHI_001,200,,,H5WRW2;,
Q53MA5_ORYSJ,RHOMBOID-like protein (EC 3.4.21.105),Peptidase S54 family,Eukaryota,Viridiplantae,Streptophytina,Petrosaviidae,Poales,Oryzoideae,Oryza,Oryzasativa,Q53MA5,LOC_Os11g47840Os11g0704800OSNPB_110704800,Oryzasativasubsp.japonica(Rice),374,3.4.21.105,XP_015615259.1;,Q53MA5;,
G1QQG1_NOMLE,Rhomboid domain containing 3,,Eukaryota,Metazoa,Craniata,Mammalia,Catarrhini,Hylobatidae,Nomascus,,G1QQG1,RHBDD3,Nomascusleucogenys(Northernwhite-cheekedgibbon)(Hylobatesleucogenys),375,,,G1QQG1;,
W9XY33_9EURO,Peptidase S54 rhomboid domain-containing protein,Peptidase S54 family,Eukaryota,Dikarya,Pezizomycotina,Chaetothyriomycetidae,Chaetothyriales,Herpotrichiellaceae,Cladophialophora,Cladophialophorapsammophila,W9XY33,A1O5_01895,CladophialophorapsammophilaCBS110553,584,,XP_007740701.1;,W9XY33;,
I4N0J1_9PSED,Rhomboid family protein,Peptidase S54 family,Bacteria,Bacteria,Pseudomonadota,unclassifiedPseudomonas,Pseudomonadales,Pseudomonadaceae,Pseudomonas,,I4N0J1,PMM47T1_18550,Pseudomonassp.M47T1,291,,WP_008371635.1;,I4N0J1;,
H0J887_9PSED,,,,,,,,,,,H0J887,,,,,,,
F0SE60_PSESL,Rhomboid family protein,Peptidase S54 family,Bacteria,Bacteria,Bacteroidota,Sphingobacteriia,Sphingobacteriales,Sphingobacteriaceae,Pseudopedobacter,Pseudopedobactersaltans,F0SE60,Pedsa_3448,Pseudopedobactersaltans(strainATCC51119/DSM12145/JCM21818/CCUG39354/LMG10337/NBRC100064/NCIMB13643)(Pedobactersaltans),250,,WP_013634465.1;,F0SE60;,
G6CI49_DANPL,,,,,,,,,,,G6CI49,,,,,,,
H1ZBR8_MYROD,,,,,,,,,,,H1ZBR8,,,,,,,
D4L1Q0_9FIRM,Uncharacterized membrane protein (Homolog of Drosophila rhomboid),Peptidase S54 family,Bacteria,Bacillati,Bacillota,Clostridia,Lachnospirales,Lachnospiraceae,Roseburia,Roseburiaintestinalis,D4L1Q0,RO1_32130,RoseburiaintestinalisXB6B4,348,,,D4L1Q0;,
D6XXZ0_BACIE,Rhomboid family protein,Peptidase S54 family,Bacteria,Bacillati,Bacillota,Bacilli,Bacillales,Bacillaceae,Salisediminibacterium,Salisediminibacteriumselenitireducens,D6XXZ0,Bsel_0527,Bacillusselenitireducens(strainATCC700615/DSM15326/MLS10),255,,WP_013171492.1;,D6XXZ0;,
W4FXV8_APHAT,rhomboid protease (EC 3.4.21.105),Peptidase S54 family,Eukaryota,Eukaryota,Oomycota,,Saprolegniales,Saprolegniaceae,Aphanomyces,,W4FXV8,H257_13364,Aphanomycesastaci(Crayfishplagueagent),263,3.4.21.105,XP_009839163.1;,W4FXV8;,
R6XKN8_9FIRM,Peptidase S54 family,Peptidase S54 family,Bacteria,Bacillati,Bacillota,unclassifiedDorea,Lachnospirales,Lachnospiraceae,Dorea,,R6XKN8,BN605_00384,Doreasp.CAG:317,204,,,R6XKN8;,
A4XWI1_ECTM1,Rhomboid family protein,Peptidase S54 family,Bacteria,Bacteria,Pseudomonadota,Gammaproteobacteria,Pseudomonadales,Pseudomonadaceae,Ectopseudomonas,Ectopseudomonasmendocina,A4XWI1,Pmen_2942,Ectopseudomonasmendocina(strainymp)(Pseudomonasmendocina),286,,,A4XWI1;,
G4N4Z4_PYRO7,Peptidase S54 rhomboid domain-containing protein,Peptidase S54 family,Eukaryota,Dikarya,Pezizomycotina,Sordariomycetidae,Magnaporthales,Pyriculariaceae,Pyricularia,Pyriculariaoryzae,G4N4Z4,MGG_13226,Pyriculariaoryzae(strain70-15/ATCCMYA-4617/FGSC8958)(Riceblastfungus)(Magnaportheoryzae),324,,XP_003711913.1;,G4N4Z4;,
A0A0F4PWZ6_9GAMM,Peptidase S54 rhomboid domain-containing protein,,Bacteria,Bacteria,Pseudomonadota,Gammaproteobacteria,Alteromonadales,Pseudoalteromonadaceae,Pseudoalteromonas,,A0A0F4PWZ6,TW72_09025,Pseudoalteromonasruthenica,184,,WP_045978458.1;,A0A0F4PWZ6;,
A0A0F5VDJ6_9GAMM,Intramembrane serine protease GlpG,,Bacteria,Bacteria,Pseudomonadota,Gammaproteobacteria,Vibrionales,Vibrionaceae,Photobacterium,,A0A0F5VDJ6,KY46_09670,Photobacteriumhalotolerans,283,,WP_046220434.1;,A0A0F5VDJ6;,
A9UNI6_MONBE,Peptidase S54 rhomboid domain-containing protein,,Eukaryota,Eukaryota,,Choanoflagellata,Craspedida,Salpingoecidae,Monosiga,,A9UNI6,MONBRDRAFT_13868,Monosigabrevicollis(Choanoflagellate),323,,XP_001742907.1;,A9UNI6;,
A0A090I941_9GAMM,Hypothetical GlpG protein,,Bacteria,Bacteria,Pseudomonadota,Gammaproteobacteria,Alteromonadales,Moritellaceae,Moritella,,A0A090I941,NVI5450_2956,Moritellaviscosa,282,,WP_045108646.1;,,
I0YQM4_COCSC,Rhomboid-domain-containing protein,Peptidase S54 family,Eukaryota,Viridiplantae,Chlorophyta,Trebouxiophyceae,,,Coccomyxa,Coccomyxasubellipsoidea,I0YQM4,COCSUDRAFT_18120,Coccomyxasubellipsoidea(strainC-169)(Greenmicroalga),238,,XP_005645237.1;,I0YQM4;,
F4H3V1_CELFA,Rhomboid family protein,Peptidase S54 family,Bacteria,Bacillati,Actinomycetota,Actinomycetes,Micrococcales,Cellulomonadaceae,Cellulomonas,Cellulomonasfimi,F4H3V1,Celf_0023,Cellulomonasfimi(strainATCC484/DSM20113/JCM1341/CCUG24087/LMG16345/NBRC15513/NCIMB8980/NCTC7547/NRS-133),286,,,F4H3V1;,
A0A0M2GXH3_9MICO,Rhomboid protease GluP (EC 3.4.21.105),Peptidase S54 family,Bacteria,Bacillati,Actinomycetota,Actinomycetes,Micrococcales,Microbacteriaceae,Microbacterium,,A0A0M2GXH3,gluPRS81_02717,Microbacteriumterrae,292,3.4.21.105,WP_045276622.1;,A0A0M2GXH3;,
A0A0E3YT18_9BACT,Uncharacterized protein,Peptidase S54 family,Bacteria,Bacteria,Verrucomicrobiota,unclassifiedVerrucomicrobiota,,,,,A0A0E3YT18,IMCC26134_04255,VerrucomicrobiabacteriumIMCC26134,298,,,A0A0E3YT18;,
W0IVN6_9BACT,Peptidase S54,,Bacteria,Bacteria,Verrucomicrobiota,unclassifiedOpitutaceae,Opitutales,Opitutaceae,,,W0IVN6,OPIT5_08105,OpitutaceaebacteriumTAV5,231,,,W0IVN6;,
J2JL94_9FLAO,Putative membrane protein,Peptidase S54 family,Bacteria,Bacteria,Bacteroidota,Flavobacteriia,Flavobacteriales,Weeksellaceae,Chryseobacterium,,J2JL94,PMI13_03552,Chryseobacteriumpopuli,251,,WP_007846146.1;,J2JL94;,
B7G8B9_PHATC,rhomboid protease (EC 3.4.21.105),Peptidase S54 family,Eukaryota,Eukaryota,Bacillariophyta,Bacillariophyceae,Naviculales,Phaeodactylaceae,Phaeodactylum,Phaeodactylumtricornutum,B7G8B9,PHATRDRAFT_15482,Phaeodactylumtricornutum(strainCCAP1055/1),253,3.4.21.105,XP_002183442.1;,B7G8B9;,
A0A0C5VT88_9GAMM,Putative membrane protein,Peptidase S54 family,Bacteria,Bacteria,Pseudomonadota,Gammaproteobacteria,Oceanospirillales,Saccharospirillaceae,Gynuella,Gynuellasunshinyii,A0A0C5VT88,YC6258_05371,GynuellasunshinyiiYC6258,167,,,A0A0C5VT88;,
L0J860_9MYCO,Putative membrane protein,Peptidase S54 family,Bacteria,Bacillati,Actinomycetota,unclassifiedMycobacterium,Mycobacteriales,Mycobacteriaceae,Mycobacterium,,L0J860,Mycsm_06369,Mycobacteriumsp.JS623,287,,,L0J860;,
B9XFZ8_PEDPL,Rhomboid family protein,Peptidase S54 family,Bacteria,Bacteria,Verrucomicrobiota,Verrucomicrobiia,Limisphaerales,,Pedosphaera,Pedosphaeraparvula,B9XFZ8,Cflav_PD3877,Pedosphaeraparvula(strainEllin514),299,,,B9XFZ8;,
A0A089KW57_9BACL,Rhomboid family protein,Peptidase S54 family,Bacteria,Bacillati,Bacillota,unclassifiedPaenibacillus,Bacillales,Paenibacillaceae,Paenibacillus,,A0A089KW57,R70331_11255,Paenibacillussp.FSLR7-0331,208,,WP_042175310.1;,A0A089KW57;,
A0A077HM28_9CORY,Peptidase S54 rhomboid domain-containing protein,,Bacteria,Bacillati,Actinomycetota,Actinomycetes,Mycobacteriales,Corynebacteriaceae,Corynebacterium,,A0A077HM28,CUREI_09170,Corynebacteriumureicelerivorans,212,,,A0A077HM28;,
D4GT94_HALVD,Rhomboid family protease (EC 3.4.21.105),,Archaea,Methanobacteriati,Methanobacteriota,Halobacteria,Halobacteriales,Haloferacaceae,Haloferax,Haloferaxvolcanii,D4GT94,HVO_0727,Haloferaxvolcanii(strainATCC29605/DSM3757/JCM8879/NBRC14742/NCIMB2012/VKMB-1768/DS2)(Halobacteriumvolcanii),296,3.4.21.105,WP_004044210.1;,D4GT94;,
C0W4S3_9ACTO,"Peptidase, S54 family (EC 3.4.21.-)",Peptidase S54 family,Bacteria,Bacillati,Actinomycetota,Actinomycetes,Actinomycetales,Actinomycetaceae,Actinomyces,Actinomycesurogenitalis,C0W4S3,HMPREF0058_0867,ActinomycesurogenitalisDSM15434,282,3.4.21.-,WP_006547834.1;,C0W4S3;,
E0S2W4_BUTPB,Membrane-associated peptidase rhomboid family,,Bacteria,Bacillati,Bacillota,Clostridia,Lachnospirales,Lachnospiraceae,Butyrivibrio,Butyrivibrioproteoclasticus,E0S2W4,bpr_III057,Butyrivibrioproteoclasticus(strainATCC51982/DSM14932/B316)(Clostridiumproteoclasticum),187,,WP_013282398.1;,E0S2W4;,
R5WRG1_9BACT,,,,,,,,,,,R5WRG1,,,,,,,
B8GU46_THISH,"Membrane protein, rhomboid family",,Bacteria,Bacteria,Pseudomonadota,Gammaproteobacteria,Chromatiales,Ectothiorhodospiraceae,Thioalkalivibrio,Thioalkalivibriosulfidiphilus,B8GU46,Tgr7_0230,Thioalkalivibriosulfidiphilus(strainHL-EbGR7),193,,WP_012636818.1;,B8GU46;,
H1XQ84_CALAY,"Membrane associated serine protease, rhomboid family (Rhomboid family protein)",,Bacteria,Bacteria,Calditrichota,Calditrichia,Calditrichales,Calditrichaceae,Caldithrix,Caldithrixabyssi,H1XQ84,Cabys_2754Calab_3792,CaldithrixabyssiDSM13497,282,,WP_006931016.1;,H1XQ84;,
R5K4B2_9CLOT,,,,,,,,,,,R5K4B2,,,,,,,
R6Q0E2_9FIRM,Peptidase S54 family,,Bacteria,Bacillati,Bacillota,unclassifiedFaecalibacterium,Eubacteriales,Oscillospiraceae,Faecalibacterium,,R6Q0E2,BN792_00346,Faecalibacteriumsp.CAG:82,253,,,R6Q0E2;,
A0A0K9NT51_ZOSMR,RHOMBOID-like protein (EC 3.4.21.105),Peptidase S54 family,Eukaryota,Viridiplantae,Streptophytina,Magnoliopsida,Alismatales,Zosteraceae,Zostera,,A0A0K9NT51,ZOSMA_6G01550,Zosteramarina(Eelgrass),319,3.4.21.105,,A0A0K9NT51;,
A0A068SP19_NEOGA,Rhomboid family protein,,Bacteria,Bacteria,Pseudomonadota,Alphaproteobacteria,Hyphomicrobiales,Rhizobiaceae,Neorhizobium,Neorhizobiumgalegae,A0A068SP19,RG540_CH18720,Neorhizobiumgalegaebv.orientalisstr.HAMBI540,252,,,A0A068SP19;,
B0UUY6_HISS2,,,,,,,,,,,B0UUY6,,,,,,,
Q5A3N6_CANAL,,,,,,,,,,,Q5A3N6,,,,,,,
A0A024QBL4_9BACI,Rhomboid protease GluP,Peptidase S54 family,Bacteria,Bacillati,Bacillota,Bacilli,Bacillales,Bacillaceae,Virgibacillus,,A0A024QBL4,gluP_1BN990_01969,Virgibacillusmassiliensis,523,,WP_038243752.1;,A0A024QBL4;,
U5LDH1_9BACI,Serine protease,Peptidase S54 family,Bacteria,Bacillati,Bacillota,Bacilli,Bacillales,Bacillaceae,Bacillus,Bacillusinfantis,U5LDH1,N288_18140,BacillusinfantisNRRLB-14911,511,,WP_022544189.1;,U5LDH1;,
I6ZGC2_PSEST,,,,,,,,,,,I6ZGC2,,,,,,,
A0A0B5EAH7_9RHOB,Peptidase S54 rhomboid domain-containing protein,,Bacteria,Bacteria,Pseudomonadota,Alphaproteobacteria,Rhodobacterales,Roseobacteraceae,Celeribacter,,A0A0B5EAH7,P73_4557,Celeribacterindicus,193,,WP_043872291.1;,A0A0B5EAH7;,
A0A0B5F6V7_STRA4,Integral membrane protein,,Bacteria,Bacillati,Actinomycetota,Actinomycetes,Kitasatosporales,Streptomycetaceae,Streptomyces,Streptomycesalbussubsp.albus,A0A0B5F6V7,SLNWT_5741,Streptomycesalbus(strainATCC21838/DSM41398/FERMP-419/JCM4703/NBRC107858),242,,,A0A0B5F6V7;,
A8NA23_COPC7,Peptidase S54 rhomboid domain-containing protein,Peptidase S54 family,Eukaryota,Dikarya,Agaricomycotina,Agaricomycetidae,Agaricineae,Psathyrellaceae,Coprinopsis,Coprinopsiscinerea,A8NA23,CC1G_05750,Coprinopsiscinerea(strainOkayama-7/130/ATCCMYA-4618/FGSC9003)(Inkycapfungus)(Hormographiellaaspergillata),367,,XP_001831679.2;,A8NA23;,
K6WTG8_9MICO,Rhomboid family protein,Peptidase S54 family,Bacteria,Bacillati,Actinomycetota,Actinomycetes,Micrococcales,Dermatophilaceae,Kineosphaera,Kineosphaeralimosa,K6WTG8,KILIM_019_00340,KineosphaeralimosaNBRC100340,213,,,K6WTG8;,
W5YTC5_9GAMM,Protease,Peptidase S54 family,Bacteria,Bacteria,Pseudomonadota,Gammaproteobacteria,Pseudomonadales,Marinobacteraceae,Marinobacter,,W5YTC5,AU15_18230,Marinobactersalarius,364,,WP_041335449.1;,W5YTC5;,
C4GCS9_9FIRM,"Peptidase, S54 family (EC 3.4.21.-)",,Bacteria,Bacillati,Bacillota,Clostridia,Lachnospirales,Lachnospiraceae,Shuttleworthella,Shuttleworthellasatelles,C4GCS9,GCWU000342_01773,ShuttleworthellasatellesDSM14600,130,3.4.21.-,,C4GCS9;,
A7TK23_VANPO,Rhomboid-type serine protease 2 (EC 3.4.21.105) (Rhomboid protein 2),Peptidase S54 family,Eukaryota,Dikarya,Saccharomycotina,Saccharomycetes,Saccharomycetales,Saccharomycetaceae,Vanderwaltozyma,Vanderwaltozymapolyspora,A7TK23,Kpol_1060p25,Vanderwaltozymapolyspora(strainATCC22028/DSM70294/BCRC21397/CBS2163/NBRC10782/NRRLY-8283/UCD57-17)(Kluyveromycespolysporus),283,3.4.21.105,XP_001645227.1;,A7TK23;,
A0A0B1P0Q9_UNCNE,Rhomboid-type serine protease (EC 3.4.21.105),Peptidase S54 family,Eukaryota,Dikarya,Pezizomycotina,Leotiomycetes,Erysiphales,Erysiphaceae,Erysiphe,,A0A0B1P0Q9,EV44_g1231,Uncinulanecator(Grapepowderymildew),530,3.4.21.105,,A0A0B1P0Q9;,
A6LLE4_THEM4,Rhomboid family protein,,Bacteria,Bacteria,Thermotogota,Thermotogae,Thermotogales,Fervidobacteriaceae,Thermosipho,Thermosiphomelanesiensis,A6LLE4,Tmel_0884,Thermosiphomelanesiensis(strainDSM12029/CIP104789/BI429),233,,WP_012057106.1;,A6LLE4;,
A0A098C2E7_9BACT,"Peptidase, S54 family",Peptidase S54 family,Bacteria,Bacteria,Bacteroidota,Bacteroidia,Bacteroidales,Dysgonomonadaceae,Fermentimonas,,A0A098C2E7,ING2E5B_1840,Fermentimonascaenicola,215,,,A0A098C2E7;,
I3MSZ5_ICTTR,Rhomboid-related protein 2 (EC 3.4.21.105),Peptidase S54 family,Eukaryota,Metazoa,Craniata,Mammalia,Sciuromorpha,Xerinae,Ictidomys,,I3MSZ5,RHBDL2,Ictidomystridecemlineatus(Thirteen-linedgroundsquirrel)(Spermophilustridecemlineatus),228,3.4.21.105,XP_005317904.2;,I3MSZ5;,
N6UIZ3_DENPD,EF-hand domain-containing protein,Peptidase S54 family,Eukaryota,Metazoa,Hexapoda,Neoptera,Cucujiformia,Scolytinae,Dendroctonus,,N6UIZ3,D910_10820YQE_01882,Dendroctonusponderosae(Mountainpinebeetle),382,,,,
A0A0F4PRM3_9GAMM,Rhomboid family protein,Peptidase S54 family,Bacteria,Bacteria,Pseudomonadota,Gammaproteobacteria,Alteromonadales,Pseudoalteromonadaceae,Pseudoalteromonas,,A0A0F4PRM3,TW72_00045,Pseudoalteromonasruthenica,360,,WP_045978882.1;,A0A0F4PRM3;,
U1FV57_ENDPU,Rhomboid-type serine protease (EC 3.4.21.105),Peptidase S54 family,Eukaryota,Dikarya,Pezizomycotina,Chaetothyriomycetidae,Verrucariales,Verrucariaceae,Endocarpon,Endocarponpusillum,U1FV57,EPUS_05743,Endocarponpusillum(strainZ07020/HMAS-L-300199)(Lichen-formingfungus),510,3.4.21.105,XP_007805666.1;,U1FV57;,
A0A0F4KT36_9LACO,Membrane-associated serine protease,,Bacteria,Bacillati,Bacillota,Bacilli,Lactobacillales,Lactobacillaceae,Bombilactobacillus,,A0A0F4KT36,JG29_06090,Bombilactobacillusmellis,224,,,A0A0F4KT36;,
A8I5H3_CHLRE,,,,,,,,,,,A8I5H3,,,,,,,
F2NJN1_DESAR,"Peptidase S54, rhomboid domain protein",Peptidase S54 family,Bacteria,Bacteria,Thermodesulfobacteriota,Desulfobaccia,Desulfobaccales,Desulfobaccaceae,Desulfobacca,Desulfobaccaacetoxidans,F2NJN1,Desac_1847,Desulfobaccaacetoxidans(strainATCC700848/DSM11109/ASRB2),236,,WP_013706795.1;,F2NJN1;,
A0A094XDJ4_ALKAL,Peptidase S54 rhomboid domain-containing protein,Peptidase S54 family,Bacteria,Bacillati,Bacillota,Bacilli,Bacillales,Bacillaceae,Alkalihalobacillus,Alkalihalobacillusalcalophilus,A0A094XDJ4,AJ85_20815BALCAV_0213975,AlkalihalobacillusalcalophilusATCC27647=CGMCC1.3604,519,,,A0A094XDJ4;,
F4LTF0_TEPAE,"Peptidase S54, rhomboid domain protein",,Bacteria,Bacillati,Bacillota,Clostridia,Thermosediminibacterales,Tepidanaerobacteraceae,Tepidanaerobacter,Tepidanaerobacteracetatoxydans,F4LTF0,TEPIRE1_0310,Tepidanaerobacteracetatoxydans(strainDSM21804/JCM16047/Re1),220,,WP_013777405.1;,F4LTF0;,
Q67MW3_SYMTH,Peptidase S54 rhomboid domain-containing protein,,Bacteria,Bacillati,Bacillota,Clostridia,Eubacteriales,Symbiobacteriaceae,Symbiobacterium,Symbiobacteriumthermophilum,Q67MW3,STH1995,Symbiobacteriumthermophilum(strainDSM24528/JCM14929/IAM14863/T),230,,,Q67MW3;,
E7MQ01_9FIRM,"Peptidase, S54 family (EC 3.4.21.-)",Peptidase S54 family,Bacteria,Bacillati,Bacillota,Erysipelotrichia,Erysipelotrichales,Erysipelotrichaceae,Solobacterium,Solobacteriummoorei,E7MQ01,HMPREF9430_01727,SolobacteriummooreiF0204,266,3.4.21.-,WP_006526531.1;,E7MQ01;,
Q1LGJ7_CUPMC,Intramembrane serine protease,Peptidase S54 family,Bacteria,Bacteria,Pseudomonadota,Betaproteobacteria,Burkholderiales,Burkholderiaceae,Cupriavidus,Cupriavidusmetallidurans,Q1LGJ7,Rmet_3861,Cupriavidusmetallidurans(strainATCC43123/DSM2839/NBRC102507/CH34)(Ralstoniametallidurans),554,,WP_011518376.1;,Q1LGJ7;,
A0A0M9DSV4_9BACT,Peptidase S54 rhomboid domain-containing protein,,Bacteria,Bacteria,,unclassifiedBacteroidota/Chlorobiotagroup,,,,,A0A0M9DSV4,AD998_12090,bacterium336/3,196,,,A0A0M9DSV4;,
W8RVD8_STUST,Peptidase S54,,Bacteria,Bacteria,Pseudomonadota,Gammaproteobacteria,Pseudomonadales,Pseudomonadaceae,Stutzerimonas,,W8RVD8,CH92_13260,Stutzerimonasstutzeri(Pseudomonasstutzeri),291,,WP_025242209.1;,W8RVD8;,
U3GSI0_9CORY,Peptidase S54 rhomboid domain-containing protein,Peptidase S54 family,Bacteria,Bacillati,Actinomycetota,Actinomycetes,Mycobacteriales,Corynebacteriaceae,Corynebacterium,Corynebacteriumargentoratense,U3GSI0,CARG_00130,CorynebacteriumargentoratenseDSM44202,193,,WP_020975355.1;,U3GSI0;,
B3PH76_CELJU,"Peptidase, rhomboid family",,Bacteria,Bacteria,Pseudomonadota,Gammaproteobacteria,Cellvibrionales,Cellvibrionaceae,Cellvibrio,Cellvibriojaponicus,B3PH76,CJA_0273,Cellvibriojaponicus(strainUeda107)(Pseudomonasfluorescenssubsp.cellulosa),385,,,B3PH76;,
E4PG84_MARAH,Rhomboid family protein,Peptidase S54 family,Bacteria,Bacteria,Pseudomonadota,Gammaproteobacteria,Pseudomonadales,Marinobacteraceae,Marinobacter,Marinobacteradhaerens,E4PG84,HP15_1062,Marinobacteradhaerens(strainDSM23420/HP15),281,,,E4PG84;,
F4L4K2_HALH1,Rhomboid family protein,,Bacteria,Bacteria,Bacteroidota,Saprospiria,Saprospirales,Haliscomenobacteraceae,Haliscomenobacter,Haliscomenobacterhydrossis,F4L4K2,Halhy_4157,Haliscomenobacterhydrossis(strainATCC27775/DSM1100/LMG10767/O),303,,,F4L4K2;,
A0YLP9_LYNSP,Peptidase S54 rhomboid domain-containing protein,,Bacteria,Bacillati,Cyanobacteriota,unclassifiedLyngbya,Oscillatoriales,Microcoleaceae,Lyngbya,,A0YLP9,L8106_24970,Lyngbyasp.(strainPCC8106)(Lyngbyaaestuarii(strainCCY9616)),241,,WP_009783403.1;,A0YLP9;,
J9E162_9PROT,Peptidase S54 rhomboid domain-containing protein,,Bacteria,Bacteria,Pseudomonadota,Alphaproteobacteria,,,,,J9E162,IMCC14465_14450,alphaproteobacteriumIMCC14465,248,,,J9E162;,
M2PI02_CERS8,Peptidase S54 rhomboid domain-containing protein,Peptidase S54 family,Eukaryota,Dikarya,Agaricomycotina,Agaricomycetes,Polyporales,Gelatoporiaceae,Gelatoporia,Ceriporiopsissubvermispora,M2PI02,CERSUDRAFT_115690,Ceriporiopsissubvermispora(strainB)(White-rotfungus)(Gelatoporiasubvermispora),365,,,M2PI02;,
B9QWU3_LABAD,,,,,,,,,,,B9QWU3,,,,,,,
Q7N1V7_PHOLL,Photorhabdus luminescens subsp. laumondii TTO1 complete genome segment 12/17,,Bacteria,Bacteria,Pseudomonadota,Gammaproteobacteria,Enterobacterales,Morganellaceae,Photorhabdus,Photorhabduslaumondiisubsp.laumondii,Q7N1V7,plu3362,Photorhabduslaumondiisubsp.laumondii(strainDSM15139/CIP105565/TT01)(Photorhabdusluminescenssubsp.laumondii),204,,WP_011147546.1;,Q7N1V7;,
E0MKZ5_9HYPH,Rhomboid family protein,,Bacteria,Bacteria,Pseudomonadota,unclassifiedAhrensia,Hyphomicrobiales,Ahrensiaceae,Ahrensia,,E0MKZ5,R2A130_0538,Ahrensiasp.R2A130,237,,WP_009463629.1;,E0MKZ5;,
S2W2T3_9ACTN,Peptidase S54 rhomboid domain-containing protein,Peptidase S54 family,Bacteria,Bacillati,Actinomycetota,Actinomycetes,Propionibacteriales,Propionibacteriaceae,Propionimicrobium,Propionimicrobiumlymphophilum,S2W2T3,HMPREF9306_01344,PropionimicrobiumlymphophilumACS-093-V-SCH5,268,,,S2W2T3;,
J5GIK6_9FIRM,"Peptidase, S54 family (EC 3.4.21.-)",Peptidase S54 family,Bacteria,Bacillati,Bacillota,unclassifiedLachnoanaerobaculum,Lachnospirales,Lachnospiraceae,Lachnoanaerobaculum,,J5GIK6,HMPREF1140_0799,Lachnoanaerobaculumsp.ICM7,193,3.4.21.-,WP_009663278.1;,J5GIK6;,
A8UVF7_9AQUI,Peptidase S54 rhomboid domain-containing protein,,Bacteria,Bacteria,Aquificota,unclassifiedHydrogenivirga,Aquificales,Aquificaceae,Hydrogenivirga,,A8UVF7,HG1285_00080,Hydrogenivirgasp.128-5-R1-1,229,,WP_008287184.1;,A8UVF7;,
A0A022QD02_ERYGU,Peptidase S54 rhomboid domain-containing protein,Peptidase S54 family,Eukaryota,Viridiplantae,Streptophytina,Magnoliopsida,Lamiales,Phrymaceae,Erythranthe,,A0A022QD02,MIMGU_mgv1a009623mg,Erythrantheguttata(Yellowmonkeyflower)(Mimulusguttatus),336,,XP_012850463.1;,A0A022QD02;,
B3RMB8_TRIAD,Peptidase S54 rhomboid domain-containing protein,Peptidase S54 family,Eukaryota,Metazoa,Placozoa,Uniplacotomia,Trichoplacea,Trichoplacidae,Trichoplax,,B3RMB8,TRIADDRAFT_53891,Trichoplaxadhaerens(Trichoplaxreptans),348,,XP_002110171.1;,B3RMB8;,
D5EBW9_METMS,Rhomboid family protein,Peptidase S54 family,Archaea,Methanobacteriati,Methanobacteriota,Methanomicrobia,Methanosarcinales,Methanosarcinaceae,Methanohalophilus,Methanohalophilusmahii,D5EBW9,Mmah_1165,Methanohalophilusmahii(strainATCC35705/DSM5219/SLP),292,,WP_013037612.1;,D5EBW9;,
I6X6E9_ARAPF,,,,,,,,,,,I6X6E9,,,,,,,
A0A0N5D0A2_THECL,Rhomboid protease,Peptidase S54 family,Eukaryota,Metazoa,Nematoda,Chromadorea,Spiruromorpha,Thelaziidae,Thelazia,,A0A0N5D0A2,TCLT_LOCUS6205,Thelaziacallipaeda(Orientaleyeworm)(Parasiticnematode),348,,,,
D5ELK3_CORAD,Rhomboid family protein,Peptidase S54 family,Bacteria,Bacteria,Verrucomicrobiota,Opitutia,Puniceicoccales,Coraliomargaritaceae,Coraliomargarita,Coraliomargaritaakajimensis,D5ELK3,Caka_2121,Coraliomargaritaakajimensis(strainDSM45221/IAM15411/JCM23193/KCTC12865/04OKA010-24),312,,,D5ELK3;,
B2A0H6_NATTJ,Rhomboid family protein,Peptidase S54 family,Bacteria,Bacillati,Bacillota,Clostridia,Natranaerobiales,Natranaerobiaceae,Natranaerobius,Natranaerobiusthermophilus,B2A0H6,Nther_0953,Natranaerobiusthermophilus(strainATCCBAA-1301/DSM18059/JW/NM-WN-LF),218,,WP_012447415.1;,B2A0H6;,
Q8FMU3_COREF,Peptidase S54 rhomboid domain-containing protein,,Bacteria,Bacillati,Actinomycetota,Actinomycetes,Mycobacteriales,Corynebacteriaceae,Corynebacterium,Corynebacteriumefficiens,Q8FMU3,,Corynebacteriumefficiens(strainDSM44549/YS-314/AJ12310/JCM11189/NBRC100395),253,,WP_011075905.1;,Q8FMU3;,
Q6LVS9_PHOPR,Hypothetical GlpG protein,,Bacteria,Bacteria,Pseudomonadota,Gammaproteobacteria,Vibrionales,Vibrionaceae,Photobacterium,Photobacteriumprofundum,Q6LVS9,PLU0196PBPRA0157,Photobacteriumprofundum(strainSS9),280,,WP_011216974.1;,Q6LVS9;,
I3U2U5_ENTFD,S54 family peptidase,Peptidase S54 family,Bacteria,Bacillati,Bacillota,Bacilli,Lactobacillales,Enterococcaceae,Enterococcus,Enterococcusfaecium,I3U2U5,HMPREF0351_11709,Enterococcusfaecium(strainATCCBAA-472/TX0016/DO),238,,YP_006376315.1;,I3U2U5;,
R5AD71_9FIRM,,,,,,,,,,,R5AD71,,,,,,,
H3SJ22_9BACL,Peptidase S54 rhomboid domain-containing protein,Peptidase S54 family,Bacteria,Bacillati,Bacillota,Bacilli,Bacillales,Paenibacillaceae,Paenibacillus,Paenibacillusdendritiformis,H3SJ22,PDENDC454_17738,PaenibacillusdendritiformisC454,199,,WP_006678036.1;,H3SJ22;,
A0A0K0GER4_9FIRM,Peptidase S54 rhomboid domain-containing protein,Peptidase S54 family,Bacteria,Bacillati,Bacillota,unclassifiedBacilli,,,,,A0A0K0GER4,WH51_01290,BacillibacteriumVT-13-104,512,,,A0A0K0GER4;,
R5IW38_9FIRM,Rhomboid family protein,Peptidase S54 family,Bacteria,Bacillati,Bacillota,unclassifiedBacillota,,,,,R5IW38,BN793_00074,FirmicutesbacteriumCAG:822,380,,,R5IW38;,
U7PPI1_SPOS1,Peptidase S54 rhomboid domain-containing protein,Peptidase S54 family,Eukaryota,Dikarya,Pezizomycotina,Sordariomycetidae,Ophiostomatales,Ophiostomataceae,Sporothrix,Sporothrixschenckii,U7PPI1,HMPREF1624_05655,Sporothrixschenckii(strainATCC58251/dePerez2211183)(Rose-picker'sdiseasefungus),321,,,U7PPI1;,
Q6A9A5_CUTAK,Conserved protein,,Bacteria,Bacillati,Actinomycetota,Actinomycetes,Propionibacteriales,Propionibacteriaceae,Cutibacterium,Cutibacteriumacnes,Q6A9A5,PPA0908,Cutibacteriumacnes(strainDSM16379/KPA171202)(Propionibacteriumacnes),250,,,Q6A9A5;,
B5JER5_9BACT,"Peptidase, S54 (Rhomboid) family",Peptidase S54 family,Bacteria,Bacteria,Verrucomicrobiota,unclassifiedVerrucomicrobiia,,,,,B5JER5,VDG1235_3770,VerrucomicrobiiabacteriumDG1235,218,,,B5JER5;,
A9TRA1_PHYPA,Peptidase S54 rhomboid domain-containing protein,Peptidase S54 family,Eukaryota,Viridiplantae,Streptophytina,Funariidae,Funariales,Funariaceae,Physcomitrium,,A9TRA1,PHYPA_001972,Physcomitriumpatens(Spreading-leavedearthmoss)(Physcomitrellapatens),391,,XP_001781137.1;,A9TRA1;,
H8L6F5_FRAAD,Putative membrane protein,,Bacteria,Bacteria,Pseudomonadota,Gammaproteobacteria,Lysobacterales,Rhodanobacteraceae,Frateuria,Frateuriaaurantia,H8L6F5,Fraau_1525,Frateuriaaurantia(strainATCC33424/DSM6220/KCTC2777/LMG1558/NBRC3245/NCIMB13370)(Acetobacteraurantius),216,,WP_014402949.1;,H8L6F5;,
A0A0F4GNX4_9PEZI,Rhomboid-type serine protease (EC 3.4.21.105),Peptidase S54 family,Eukaryota,Dikarya,Pezizomycotina,Dothideomycetidae,Mycosphaerellales,Mycosphaerellaceae,Zymoseptoria,,A0A0F4GNX4,TI39_contig382g00009,Zymoseptoriabrevis,496,3.4.21.105,,A0A0F4GNX4;,
E0SR85_IGNAA,Rhomboid family protein,,Archaea,Thermoproteati,Thermoproteota,Thermoprotei,Desulfurococcales,Desulfurococcaceae,Ignisphaera,Ignisphaeraaggregans,E0SR85,Igag_0394,Ignisphaeraaggregans(strainDSM17230/JCM13409/AQ1.S1),452,,,E0SR85;,
A0A0C5V687_9GAMM,Putative membrane protein,,Bacteria,Bacteria,Pseudomonadota,Gammaproteobacteria,Oceanospirillales,Saccharospirillaceae,Gynuella,Gynuellasunshinyii,A0A0C5V687,YC6258_02942,GynuellasunshinyiiYC6258,202,,WP_044617390.1;,A0A0C5V687;,
C0ZLF8_RHOE4,Conserved hypothetical membrane protein,Peptidase S54 family,Bacteria,Bacillati,Actinomycetota,Actinomycetes,Mycobacteriales,Nocardiaceae,Rhodococcus,Rhodococcuserythropolis,C0ZLF8,RER_00180,Rhodococcuserythropolis(strainPR4/NBRC100887),266,,,C0ZLF8;,
D0LNZ5_HALO1,Rhomboid family protein,Peptidase S54 family,Bacteria,Bacteria,Myxococcota,Polyangia,Haliangiales,Kofleriaceae,Haliangium,Haliangiumochraceum,D0LNZ5,Hoch_6351,Haliangiumochraceum(strainDSM14365/JCM11303/SMP-2),332,,WP_012831413.1;,D0LNZ5;,
Q6ME15_PARUW,Peptidase S54 rhomboid domain-containing protein,Peptidase S54 family,Bacteria,Bacteria,Chlamydiota,Chlamydiia,Parachlamydiales,Parachlamydiaceae,CandidatusProtochlamydia,CandidatusProtochlamydiaamoebophila,Q6ME15,PC_RS02235,Protochlamydiaamoebophila(strainUWE25),391,,WP_011175010.1;,Q6ME15;,
K7VUT2_9NOST,Serine protease,Peptidase S54 family,Bacteria,Bacillati,Cyanobacteriota,unclassifiedAnabaena,Nostocales,Nostocaceae,Anabaena,,K7VUT2,ANA_C11137,Anabaenasp.90,233,,WP_015079084.1;,K7VUT2;,
E8W0J1_STRFA,,,,,,,,,,,E8W0J1,,,,,,,
Q7NPH4_GLOVI,Glr0081 protein,,Bacteria,Bacillati,Cyanobacteriota,Cyanophyceae,Gloeobacterales,Gloeobacteraceae,Gloeobacter,Gloeobacterviolaceus,Q7NPH4,glr0081,Gloeobacterviolaceus(strainATCC29082/PCC7421),197,,NP_923027.1;WP_011140085.1;,Q7NPH4;,
F3YXU9_DESAF,Rhomboid family protein,Peptidase S54 family,Bacteria,Bacteria,Thermodesulfobacteriota,Desulfovibrionia,Desulfovibrionales,Desulfovibrionaceae,Desulfocurvibacter,Desulfocurvibacterafricanussubsp.africanus,F3YXU9,Desaf_2327,Desulfocurvibacterafricanussubsp.africanusstr.WalvisBay,342,,WP_014260359.1;,F3YXU9;,
B1VPG7_STRGG,Membrane protein,Peptidase S54 family,Bacteria,Bacillati,Actinomycetota,Actinomycetes,Kitasatosporales,Streptomycetaceae,Streptomyces,Streptomycesgriseussubsp.griseus,B1VPG7,SGR_3717,Streptomycesgriseussubsp.griseus(strainJCM4626/CBS651.72/NBRC13350/KCCS-0626/ISP5235),285,,,B1VPG7;,
F5YPY0_TREPZ,Rhomboid family protein,,Bacteria,Bacteria,Spirochaetota,Spirochaetia,Spirochaetales,Treponemataceae,Treponema,Treponemaprimitia,F5YPY0,TREPR_2810,Treponemaprimitia(strainATCCBAA-887/DSM12427/ZAS-2),189,,WP_015707425.1;,F5YPY0;,
Q6MP01_BDEBA,Integral membrane protein,,Bacteria,Bacteria,Bdellovibrionota,Bdellovibrionia,Bdellovibrionales,Pseudobdellovibrionaceae,Bdellovibrio,Bdellovibrio bacteriovorus,Q6MP01,Bd1071,Bdellovibriobacteriovorus(strainATCC15356/DSM50701/NCIMB9529/HD100),244,,,Q6MP01;,
V2Z203_MONRO,Rhomboid-type serine protease (EC 3.4.21.105),Peptidase S54 family,Eukaryota,Dikarya,Agaricomycotina,Agaricomycetidae,Marasmiineae,Marasmiaceae,Moniliophthora,Moniliophthoraroreri,V2Z203,Moror_932,Moniliophthoraroreri(strainMCA2997)(Cocoafrostypodrotfungus)(Crinipellisroreri),369,3.4.21.105,XP_007842733.1;,V2Z203;,
D8RJR1_SELML,UBA domain-containing protein,Peptidase S54 family,Eukaryota,Viridiplantae,Streptophytina,Lycopodiopsida,Selaginellales,Selaginellaceae,Selaginella,,D8RJR1,SELMODRAFT_147697,Selaginellamoellendorffii(Spikemoss),413,,XP_002971354.1;,D8RJR1;,
J2B034_9HYPH,Putative membrane protein,Peptidase S54 family,Bacteria,Bacteria,Pseudomonadota,unclassifiedRhizobium,Hyphomicrobiales,Rhizobiaceae,Rhizobium,,J2B034,PMI11_02497,Rhizobiumsp.CF142,575,,WP_007817287.1;,J2B034;,
A5VKU1_LIMRD,Rhomboid family protein,,Bacteria,Bacillati,Bacillota,Bacilli,Lactobacillales,Lactobacillaceae,Limosilactobacillus,Limosilactobacillusreuteri,A5VKU1,Lreu_1208,Limosilactobacillusreuteri(strainDSM20016)(Lactobacillusreuteri),219,,WP_003668442.1;,A5VKU1;,
J3JCG4_9LACO,Membrane-associated serine protease,Peptidase S54 family,Bacteria,Bacillati,Bacillota,Bacilli,Lactobacillales,Lactobacillaceae,Loigolactobacillus,Loigolactobacilluscoryniformissubsp.coryniformis,J3JCG4,A11Y_164579,Loigolactobacilluscoryniformissubsp.coryniformisCECT5711,223,,WP_003677316.1;,J3JCG4;,
A0A067C2B3_SAPPC,rhomboid protease (EC 3.4.21.105),Peptidase S54 family,Eukaryota,Eukaryota,Oomycota,,Saprolegniales,Saprolegniaceae,Saprolegnia,Saprolegniaparasitica,A0A067C2B3,SPRG_09573,Saprolegniaparasitica(strainCBS223.65),370,3.4.21.105,XP_012204389.1;,A0A067C2B3;,
K6WJ53_9ACTN,Rhomboid family protein,Peptidase S54 family,Bacteria,Bacillati,Actinomycetota,Actinomycetes,Mycobacteriales,Gordoniaceae,Gordonia,Gordoniarhizosphera,K6WJ53,GORHZ_167_00210,GordoniarhizospheraNBRC16068,254,,,K6WJ53;,
A0A0F5Q7J2_9HYPH,Peptidase S54 rhomboid domain-containing protein,,Bacteria,Bacteria,Pseudomonadota,Alphaproteobacteria,Hyphomicrobiales,Devosiaceae,Devosia,,A0A0F5Q7J2,WH87_13230,Devosiaepidermidihirudinis,244,,WP_046138797.1;,A0A0F5Q7J2;,
R5UN96_9BACE,,,,,,,,,,,R5UN96,,,,,,,
E3I8K4_RHOVT,Rhomboid family protein,,Bacteria,Bacteria,Pseudomonadota,Alphaproteobacteria,Hyphomicrobiales,Hyphomicrobiaceae,Rhodomicrobium,Rhodomicrobiumvannielii,E3I8K4,Rvan_1663,Rhodomicrobiumvannielii(strainATCC17100/DSM162/LMG4299/NCIMB10020/ATH3.1.1),259,,,E3I8K4;,
C4Y940_CLAL4,Rhomboid-type serine protease (EC 3.4.21.105),Peptidase S54 family,Eukaryota,Dikarya,Saccharomycotina,Pichiomycetes,Serinales,Metschnikowiaceae,Clavispora,Clavisporalusitaniae,C4Y940,CLUG_04717,Clavisporalusitaniae(strainATCC42720)(Yeast)(Candidalusitaniae),596,3.4.21.105,XP_002615835.1;,C4Y940;,
A0A089PFF2_PLUGE,Rhomboid protease GlpG,Peptidase S54 family,Bacteria,Bacteria,Pseudomonadota,Gammaproteobacteria,Enterobacterales,Enterobacteriaceae,Pluralibacter,,A0A089PFF2,glpGABW06_18315LG71_03070QEG54_002674RBJ30_06005,Pluralibactergergoviae(Enterobactergergoviae),276,3.4.21.105,WP_043081211.1;,A0A089PFF2;,
D4ZKV4_SHEVD,Rhomboid family protein,,Bacteria,Bacteria,Pseudomonadota,Gammaproteobacteria,Alteromonadales,Shewanellaceae,Shewanella,Shewanellaviolacea,D4ZKV4,SVI_2332,Shewanellaviolacea(strainJCM10179/CIP106290/LMG19151/DSS12),205,,,D4ZKV4;,
L7LKK1_9ACTN,Rhomboid family protein,Peptidase S54 family,Bacteria,Bacillati,Actinomycetota,Actinomycetes,Mycobacteriales,Gordoniaceae,Gordonia,Gordoniasihwensis,L7LKK1,GSI01S_16_01310,GordoniasihwensisNBRC108236,248,,WP_006896806.1;,L7LKK1;,
A6GYR2_FLAPJ,Rhomboid family protein,Peptidase S54 family,Bacteria,Bacteria,Bacteroidota,Flavobacteriia,Flavobacteriales,Flavobacteriaceae,Flavobacterium,Flavobacteriumpsychrophilum,A6GYR2,FP1148,Flavobacteriumpsychrophilum(strainATCC49511/DSM21280/CIP103535/JIP02/86),246,,WP_011963286.1;YP_001296046.1;,A6GYR2;,
C3KMY8_SINFN,Rhomboid family protein,,Bacteria,Bacteria,Pseudomonadota,Alphaproteobacteria,Hyphomicrobiales,Rhizobiaceae,Sinorhizobium,Rhizobiumfredii,C3KMY8,NGR_b00920,Sinorhizobiumfredii(strainNBRC101917/NGR234),254,,WP_012706165.1;YP_002822314.1;,C3KMY8;,
E8QWK9_ISOPI,Rhomboid family protein,Peptidase S54 family,Bacteria,Bacteria,Planctomycetota,Planctomycetia,Isosphaerales,Isosphaeraceae,Isosphaera,Isosphaerapallida,E8QWK9,Isop_1315,Isosphaerapallida(strainATCC43644/DSM9630/IS1B),694,,,E8QWK9;,
G4Z4M0_PHYSP,Peptidase S54 rhomboid domain-containing protein,,Eukaryota,Eukaryota,Oomycota,,Peronosporales,Peronosporaceae,Phytophthora,Phytophthorasojae,G4Z4M0,PHYSODRAFT_259388,Phytophthorasojae(strainP6497)(Soybeanstemandrootrotagent)(Phytophthoramegaspermaf.sp.glycines),235,,XP_009523581.1;,G4Z4M0;,
F2G8M7_ALTMD,Protease,,Bacteria,Bacteria,Pseudomonadota,Gammaproteobacteria,Alteromonadales,Alteromonadaceae,Alteromonas,Alteromonasmediterranea,F2G8M7,MADE_1013015,Alteromonasmediterranea(strainDSM17117/CIP110805/LMG28347/Deepecotype),179,,WP_012519029.1;,F2G8M7;,
F7XMA2_METZD,Rhomboid family protein,Peptidase S54 family,Archaea,Methanobacteriati,Methanobacteriota,Methanomicrobia,Methanosarcinales,Methanosarcinaceae,Methanosalsum,Methanosalsumzhilinae,F7XMA2,Mzhil_1138,Methanosalsumzhilinae(strainDSM4017/NBRC107636/OCM62/WeN5)(Methanohalophiluszhilinae),276,,,F7XMA2;,
B7VMA3_VIBA3,Thiosulfate sulfurtransferase glpG,,Bacteria,Bacteria,Pseudomonadota,Gammaproteobacteria,Vibrionales,Vibrionaceae,Vibrio,Vibrioatlanticus,B7VMA3,VS_3016,Vibrioatlanticus(strainLGP32)(Vibriosplendidus(strainMel32)),280,,,B7VMA3;,
D5DWS9_PRIM1,"Peptidase, S54 (Rhomboid) family protein (EC 3.4.21.-)",Peptidase S54 family,Bacteria,Bacillati,Bacillota,Bacilli,Bacillales,Bacillaceae,Priestia,Priestiamegaterium,D5DWS9,BMQ_0223,Priestiamegaterium(strainATCC12872/QMB1551)(Bacillusmegaterium),200,3.4.21.-,WP_013054999.1;,D5DWS9;,
A0A078J999_BRANA,RHOMBOID-like protein (EC 3.4.21.105),Peptidase S54 family,Eukaryota,Viridiplantae,Streptophytina,Magnoliopsida,Brassicales,Brassicaceae,Brassica,,A0A078J999,BnaC05g49300DDARMORV10_C05P10550.1GSBRNA2T00028398001,Brassicanapus(Rape),358,3.4.21.105,,A0A078J999;,
Q1G9D3_LACDA,Conserved hypothetical membrane protein,,Bacteria,Bacillati,Bacillota,Bacilli,Lactobacillales,Lactobacillaceae,Lactobacillus,Lactobacillusdelbrueckiisubsp.bulgaricus,Q1G9D3,Ldb1479,Lactobacillusdelbrueckiisubsp.bulgaricus(strainATCC11842/DSM20081/BCRC10696/JCM1002/NBRC13953/NCIMB11778/NCTC12712/WDCM00102/Lb14),215,,,Q1G9D3;,
K8Z672_NANGC,,,,,,,,,,,K8Z672,,,,,,,
F4BYX7_METSG,Rhomboid family protein,Peptidase S54 family,Archaea,Methanobacteriati,Methanobacteriota,Methanomicrobia,Methanotrichales,Methanotrichaceae,Methanothrix,Methanothrixsoehngenii,F4BYX7,MCON_2480,Methanothrixsoehngenii(strainATCC5969/DSM3671/JCM10134/NBRC103675/OCM69/GP-6)(Methanosaetaconcilii),251,,WP_013719953.1;,F4BYX7;,
B5HHG5_STRE2,Rhomboid protein,,Bacteria,Bacillati,Actinomycetota,Actinomycetes,Kitasatosporales,Streptomycetaceae,Streptomyces,Streptomycespristinaespiralis,B5HHG5,SSDG_04686,Streptomycespristinaespiralis(strainATCC25486/DSM40338/CBS914.69/JCM4507/KCCS-0507/NBRC13074/NRRL2958/5647),196,,WP_005313888.1;,B5HHG5;,
A0A0K9PHN4_ZOSMR,Rhomboid-like protein,Peptidase S54 family,Eukaryota,Viridiplantae,Streptophytina,Magnoliopsida,Alismatales,Zosteraceae,Zostera,,A0A0K9PHN4,ZOSMA_25G01320,Zosteramarina(Eelgrass),323,,,A0A0K9PHN4;,
F9VGR1_LACGL,Peptidase S54 rhomboid domain-containing protein,Peptidase S54 family,Bacteria,Bacillati,Bacillota,Bacilli,Lactobacillales,Streptococcaceae,Lactococcus,Lactococcusgarvieae,F9VGR1,LCGL_0084,Lactococcusgarvieae(strainLg2)(Enterococcusseriolicida),230,,WP_014024129.1;,F9VGR1;,
E6KST1_9ACTO,Rhomboid family protein,Peptidase S54 family,Bacteria,Bacillati,Actinomycetota,unclassifiedActinomyces,Actinomycetales,Actinomycetaceae,Actinomyces,Actinomycessp.oraltaxon180,E6KST1,HMPREF9006_1283,Actinomycessp.oraltaxon180str.F0310,256,,,E6KST1;,
Q2LYH2_SYNAS,Hypothetical membrane protein,Peptidase S54 family,Bacteria,Bacteria,Thermodesulfobacteriota,Syntrophia,Syntrophales,Syntrophaceae,Syntrophus,Syntrophusaciditrophicus,Q2LYH2,SYN_00033,Syntrophusaciditrophicus(strainSB),220,,WP_011415969.1;,Q2LYH2;,
Q9KCZ8_HALH5,BH1421 protein,Peptidase S54 family,Bacteria,Bacillati,Bacillota,Bacilli,Bacillales,Bacillaceae,Halalkalibacterium,Halalkalibacteriumhalodurans,Q9KCZ8,BH1421,Halalkalibacteriumhalodurans(strainATCCBAA-125/DSM18197/FERM7344/JCM9153/C-125)(Bacillushalodurans),514,,WP_010897586.1;,Q9KCZ8;,
I2B491_SHIBC,Rhomboid protease GlpG,Peptidase S54 family,Bacteria,Bacteria,Pseudomonadota,Gammaproteobacteria,Enterobacterales,Enterobacteriaceae,Shimwellia,Shimwelliablattae,I2B491,glpGEBL_c02100,Shimwelliablattae(strainATCC29907/DSM4481/JCM1650/NBRC105725/CDC9005-74)(Escherichiablattae),277,3.4.21.105,WP_002440545.1;,I2B491;,
K0Z6H2_9ACTO,Peptidase S54 rhomboid domain-containing protein,Peptidase S54 family,Bacteria,Bacillati,Actinomycetota,Actinomycetes,Actinomycetales,Actinomycetaceae,Schaalia,Schaaliaturicensis,K0Z6H2,HMPREF9241_00432,SchaaliaturicensisACS-279-V-Col4,284,,WP_006680638.1;,K0Z6H2;,
K8GPN7_9CYAN,Putative membrane protein,Peptidase S54 family,Bacteria,Bacillati,Cyanobacteriota,unclassifiedLeptolyngbyaceae,Leptolyngbyales,Leptolyngbyaceae,,,K8GPN7,OsccyDRAFT_2330,LeptolyngbyaceaecyanobacteriumJSC-12,238,,,K8GPN7;,
A6LHY8_PARD8,Rhomboid family protein,Peptidase S54 family,Bacteria,Bacteria,Bacteroidota,Bacteroidia,Bacteroidales,Tannerellaceae,Parabacteroides,Parabacteroidesdistasonis,A6LHY8,BDI_3604,Parabacteroidesdistasonis(strainATCC8503/DSM20701/CIP104284/JCM5825/NCTC11152),292,,WP_012056087.1;,A6LHY8;,
F0Y6P0_AURAN,Protein kinase domain-containing protein,PP2C family,Eukaryota,Eukaryota,,Pelagophyceae,Pelagomonadales,Pelagomonadaceae,Aureococcus,,F0Y6P0,AURANDRAFT_63657,Aureococcusanophagefferens(Harmfulbloomalga),1186,,XP_009036260.1;,F0Y6P0;,
A0A090KFL1_9BACT,Uncultured bacterium genome assembly Metasoil_fosmids_resub,,Bacteria,Bacteria,,,,,,,A0A090KFL1,,unculturedbacterium,413,,,A0A090KFL1;,
H9UK36_SPIAZ,Putative membrane protein,,Bacteria,Bacteria,Spirochaetota,Spirochaetia,Spirochaetales,Spirochaetaceae,Spirochaeta,Spirochaetaafricana,H9UK36,Spiaf_1822,Spirochaetaafricana(strainATCC700263/DSM8902/Z-7692),185,,WP_014455862.1;,H9UK36;,
D4ZU41_ARTPN,,,,,,,,,,,D4ZU41,,,,,,,
C1DPY4_AZOVD,Rhomboid family membrane protease,,Bacteria,Bacteria,Pseudomonadota,Gammaproteobacteria,Pseudomonadales,Azotobactergroup,Azotobacter,Azotobactervinelandii,C1DPY4,Avin_34050,Azotobactervinelandii(strainDJ/ATCCBAA-1303),281,,,C1DPY4;,
R5GVI1_9FIRM,,,,,,,,,,,R5GVI1,,,,,,,
A0A0E3UPC9_9GAMM,Membrane protein,,Bacteria,Bacteria,Pseudomonadota,Gammaproteobacteria,Lysobacterales,Lysobacteraceae,Pseudoxanthomonas,,A0A0E3UPC9,WQ53_14025,Pseudoxanthomonassuwonensis,224,,WP_052633316.1;,A0A0E3UPC9;,
A0A0M2XV19_9SPHI,Transmembrane rhomboid family protein,,Bacteria,Bacteria,Bacteroidota,unclassifiedSphingobacterium,Sphingobacteriales,Sphingobacteriaceae,Sphingobacterium,,A0A0M2XV19,AAW12_11030,Sphingobacteriumsp.Ag1,228,,WP_046673684.1;,A0A0M2XV19;,
R5JJ22_9BACE,Uncharacterized protein,Peptidase S54 family,Bacteria,Bacteria,Bacteroidota,unclassifiedBacteroides,Bacteroidales,Bacteroidaceae,Bacteroides,,R5JJ22,BN523_00992,Bacteroidessp.CAG:189,301,,,R5JJ22;,
G4QEV8_GLANF,Putative glpG protein,Peptidase S54 family,Bacteria,Bacteria,Pseudomonadota,Gammaproteobacteria,Alteromonadales,Alteromonadaceae,Glaciecola,Glaciecolanitratireducens,G4QEV8,glpGGNIT_0066,Glaciecolanitratireducens(strainJCM12485/KCTC12276/FR1064),323,,WP_014107100.1;,G4QEV8;,
A0A0N4UIJ8_DRAME,rhomboid protease (EC 3.4.21.105),Peptidase S54 family,Eukaryota,Metazoa,Nematoda,Chromadorea,Spirurina,Dracunculidae,Dracunculus,,A0A0N4UIJ8,DME_LOCUS10000,Dracunculusmedinensis(Guineaworm),163,3.4.21.105,,A0A0N4UIJ8;,
G6Y3I1_9HYPH,Rhomboid family protein,,Bacteria,Bacteria,Pseudomonadota,Alphaproteobacteria,Hyphomicrobiales,Phyllobacteriaceae,Mesorhizobium,Mesorhizobiumamorphae,G6Y3I1,MEA186_02387,MesorhizobiumamorphaeCCNWGS0123,267,,WP_006199889.1;,G6Y3I1;,
R6VZS6_9BACT,,,,,,,,,,,R6VZS6,,,,,,,
E7M167_YEASV,,,,,,,,,,,E7M167,,,,,,,
F7W6D2_SORMK,"WGS project CABT00000000 data, contig 2.34",Peptidase S54 family,Eukaryota,Dikarya,Pezizomycotina,Sordariomycetidae,Sordariales,Sordariaceae,Sordaria,Sordariamacrospora,F7W6D2,SMAC_06289,Sordariamacrospora(strainATCCMYA-333/DSM997/K(L3346)/K-hell),329,,XP_003345888.1;,F7W6D2;,
A0C1R4_PARTE,"Chromosome undetermined scaffold_142, whole genome shotgun sequence",Peptidase S54 family,Eukaryota,Eukaryota,Intramacronucleata,Oligohymenophorea,Peniculida,Parameciidae,Paramecium,,A0C1R4,GSPATT00034208001,Parameciumtetraurelia,221,,XP_001432128.1;,A0C1R4;,
D2B9J4_STRRD,Membrane protein-like protein,,Bacteria,Bacillati,Actinomycetota,Actinomycetes,Streptosporangiales,Streptosporangiaceae,Streptosporangium,Streptosporangiumroseum,D2B9J4,Sros_0999,Streptosporangiumroseum(strainATCC12428/DSM43021/JCM3005/KCTC9067/NCIMB10171/NRRL2505/NI9100),214,,WP_012887746.1;,D2B9J4;,
E7NQ34_TREPH,,,,,,,,,,,E7NQ34,,,,,,,
A0A0G0TZH8_9BACT,Peptidase S54 family protein,Peptidase S54 family,Bacteria,Bacteria,CandidatusDaviesbacteria,,,,,,A0A0G0TZH8,UU29_C0016G0015,CandidatusDaviesbacteriabacteriumGW2011_GWA2_40_9,217,,,A0A0G0TZH8;,
E6J5F1_9ACTN,,,,,,,,,,,E6J5F1,,,,,,,
R7CCP1_9FIRM,,,,,,,,,,,R7CCP1,,,,,,,
F5Z5Z1_ALTNA,Putative glpG protein,Peptidase S54 family,Bacteria,Bacteria,Pseudomonadota,Gammaproteobacteria,Alteromonadales,Alteromonadaceae,Alteromonas,,F5Z5Z1,ambt_18655,Alteromonasnaphthalenivorans,292,,WP_013786136.1;,F5Z5Z1;,
E8TKG4_MESCW,Rhomboid family protein,,Bacteria,Bacteria,Pseudomonadota,Alphaproteobacteria,Hyphomicrobiales,Phyllobacteriaceae,Mesorhizobium,Mesorhizobiumciceri,E8TKG4,Mesci_3543,Mesorhizobiumciceribiovarbiserrulae(strainHAMBI2942/LMG23838/WSM1271),252,,WP_013531343.1;YP_004142713.1;,E8TKG4;,
M4R730_BIBTR,,,,,,,,,,,M4R730,,,,,,,
K0EFK7_NOCB7,Putative membrane-bound rhomboid protease,Peptidase S54 family,Bacteria,Bacillati,Actinomycetota,Actinomycetes,Mycobacteriales,Nocardiaceae,Nocardia,Nocardiabrasiliensis,K0EFK7,O3I_000100,Nocardiabrasiliensis(strainATCC700358/HUJEG-1),235,,,K0EFK7;,
A3K5A0_SAGS3,Rhomboid family protein,,Bacteria,Bacteria,Pseudomonadota,Alphaproteobacteria,Rhodobacterales,Roseobacteraceae,Sagittula,Sagittulastellata,A3K5A0,SSE37_13983,Sagittulastellata(strainATCC700073/DSM11524/E-37),247,,WP_005860133.1;,A3K5A0;,
F8B0L2_9ACTN,Rhomboid family protein,Peptidase S54 family,Bacteria,Bacillati,Actinomycetota,Actinomycetes,Frankiales,Frankiaceae,Protofrankia,,F8B0L2,FsymDg_2386,CandidatusProtofrankiadatiscae,280,,WP_013873698.1;,F8B0L2;,
Q1JZ12_DESA6,Rhomboid-like protein,,Bacteria,Bacteria,Thermodesulfobacteriota,Desulfuromonadia,Desulfuromonadales,Desulfuromonadaceae,Desulfuromonas,Desulfuromonasacetoxidans,Q1JZ12,Dace_1344,Desulfuromonasacetoxidans(strainDSM684/11070),621,,WP_006000809.1;,Q1JZ12;,
A0A0B5DT01_9ACTN,Peptidase S54 family protein (Rhomboid family intramembrane serine protease),,Bacteria,Bacillati,Actinomycetota,Actinomycetes,Kitasatosporales,Streptomycetaceae,Streptomyces,,A0A0B5DT01,CP978_26980SNOD_26685,Streptomycesnodosus,238,,WP_043445047.1;,A0A0B5DT01;,
A0A0M8SFG4_9ACTN,,,,,,,,,,,A0A0M8SFG4,,,,,,,
I1G709_AMPQE,,,,,,,,,,,I1G709,,,,,,,
A6LKF9_THEM4,Rhomboid family protein,Peptidase S54 family,Bacteria,Bacteria,Thermotogota,Thermotogae,Thermotogales,Fervidobacteriaceae,Thermosipho,Thermosiphomelanesiensis,A6LKF9,Tmel_0543,Thermosiphomelanesiensis(strainDSM12029/CIP104789/BI429),223,,WP_012056771.1;,A6LKF9;,
B4WQ52_SYNS7,"Peptidase, S54 (Rhomboid) family",,Bacteria,Bacillati,Cyanobacteriota,unclassifiedSynechococcus,Synechococcales,Synechococcaceae,Synechococcus,,B4WQ52,S7335_2431,Synechococcussp.(strainATCC29403/PCC7335),189,,WP_006454481.1;,B4WQ52;,
G1WDT3_9BACT,Uncharacterized protein,,Bacteria,Bacteria,Bacteroidota,Bacteroidia,Bacteroidales,Prevotellaceae,Segatella,Segatellaoulorum,G1WDT3,HMPREF9431_01984,SegatellaoulorumF0390,320,,WP_004381056.1;,G1WDT3;,
A4AEX1_9ACTN,Rhomboid family membrane protein,Peptidase S54 family,Bacteria,Bacillati,Actinomycetota,unclassifiedActinomycetes,,,,,A4AEX1,A20C1_09834,marineactinobacteriumPHSC20C1,214,,,A4AEX1;,
F4BZG1_METSG,Rhomboid family protein,Peptidase S54 family,Archaea,Methanobacteriati,Methanobacteriota,Methanomicrobia,Methanotrichales,Methanotrichaceae,Methanothrix,Methanothrixsoehngenii,F4BZG1,MCON_2616,Methanothrixsoehngenii(strainATCC5969/DSM3671/JCM10134/NBRC103675/OCM69/GP-6)(Methanosaetaconcilii),235,,,F4BZG1;,
R7IHC9_9FIRM,,,,,,,,,,,R7IHC9,,,,,,,
H8KUV2_SOLCM,Putative membrane protein,,Bacteria,Bacteria,Bacteroidota,Sphingobacteriia,Sphingobacteriales,Sphingobacteriaceae,Solitalea,Solitaleacanadensis,H8KUV2,Solca_2618,Solitaleacanadensis(strainATCC29591/DSM3403/JCM21819/LMG8368/NBRC15130/NCIMB12057/USAM9D)(Flexibactercanadensis),234,,WP_014680879.1;,H8KUV2;,
A9SJC3_PHYPA,,,,,,,,,,,A9SJC3,,,,,,,
D5BKB5_ZUNPS,Rhomboid family protein,Peptidase S54 family,Bacteria,Bacteria,Bacteroidota,Flavobacteriia,Flavobacteriales,Flavobacteriaceae,Zunongwangia,Zunongwangiaprofunda,D5BKB5,ZPR_1459,Zunongwangiaprofunda(strainDSM18752/CCTCCAB206139/SM-A87)(Wangiaprofunda),249,,WP_013070947.1;,D5BKB5;,
M1Y243_NATM8,Probable rhomboid family protease (EC 3.4.21.105),,Archaea,Methanobacteriati,Methanobacteriota,Halobacteria,Halobacteriales,Haloarculaceae,Natronomonas,Natronomonasmoolapensis,M1Y243,Nmlp_2365,Natronomonasmoolapensis(strainDSM18674/CECT7526/JCM14361/8.8.11),200,3.4.21.105,WP_015409332.1;,M1Y243;,
A9F371_SORC5,Rhomboid family membrane protein,Peptidase S54 family,Bacteria,Bacteria,Myxococcota,Polyangia,Polyangiales,Polyangiaceae,Sorangium,Sorangiumcellulosum,A9F371,sce4392,Sorangiumcellulosum(strainSoce56)(Polyangiumcellulosum(strainSoce56)),272,,,A9F371;,
R5Y933_9MOLU,Rhomboid family protein,Peptidase S54 family,Bacteria,Bacillati,Mycoplasmatota,unclassifiedMycoplasma,Mycoplasmatales,Mycoplasmataceae,Mycoplasma,,R5Y933,BN735_00068,Mycoplasmasp.CAG:611,381,,,R5Y933;,
V6K2I4_STRNV,,,,,,,,,,,V6K2I4,,,,,,,
T1EFA5_HELRO,Peptidase S54 rhomboid domain-containing protein,Peptidase S54 family,Eukaryota,Metazoa,Annelida,Hirudinea,Rhynchobdellida,Glossiphoniidae,Helobdella,,T1EFA5,20195257HELRODRAFT_111355,Helobdellarobusta(Californianleech),493,,XP_009016816.1;,T1EFA5;,
K6UAY5_9CLOT,Putative membrane protein,Peptidase S54 family,Bacteria,Bacillati,Bacillota,unclassifiedClostridium,Eubacteriales,Clostridiaceae,Clostridium,,K6UAY5,A370_02341,Clostridiumsp.MaddingleyMBC34-26,512,,,K6UAY5;,
D5EQ04_CORAD,Rhomboid family protein,Peptidase S54 family,Bacteria,Bacteria,Verrucomicrobiota,Opitutia,Puniceicoccales,Coraliomargaritaceae,Coraliomargarita,Coraliomargaritaakajimensis,D5EQ04,Caka_2722,Coraliomargaritaakajimensis(strainDSM45221/IAM15411/JCM23193/KCTC12865/04OKA010-24),223,,WP_013044459.1;,D5EQ04;,
B0SQV8_LEPBP,Peptidase S54 rhomboid domain-containing protein,Peptidase S54 family,Bacteria,Bacteria,Spirochaetota,Spirochaetia,Leptospirales,Leptospiraceae,Leptospira,Leptospirabiflexa,B0SQV8,LEPBI_I3290,LeptospirabiflexaserovarPatoc(strainPatoc1/ATCC23582/Paris),220,,WP_012390211.1;,B0SQV8;,
E6M784_STALU,,,,,,,,,,,E6M784,,,,,,,
W8VQQ8_9FLAO,Rhomboid family protein,Peptidase S54 family,Bacteria,Bacteria,Bacteroidota,Flavobacteriia,Flavobacteriales,Flavobacteriaceae,Nonlabens,Nonlabensmarinus,W8VQQ8,NMS_1825,NonlabensmarinusS1-08,231,,WP_041496363.1;,W8VQQ8;,
A6GA97_9BACT,Rhomboid family protein,,Bacteria,Bacteria,Myxococcota,Polyangia,Nannocystales,Nannocystaceae,Plesiocystis,Plesiocystispacifica,A6GA97,PPSIR1_26658,PlesiocystispacificaSIR-1,339,,WP_006973639.1;,A6GA97;,
A0A0B5AID0_9BACL,Peptidase S54 rhomboid domain-containing protein,Peptidase S54 family,Bacteria,Bacillati,Bacillota,Bacilli,Bacillales,Planococcaceae,Jeotgalibacillus,,A0A0B5AID0,JMA_08230,Jeotgalibacillusmalaysiensis,198,,,A0A0B5AID0;,
K1WAU4_MARBU,Peptidase S54 rhomboid domain-containing protein,Peptidase S54 family,Eukaryota,Dikarya,Pezizomycotina,Leotiomycetes,Helotiales,Drepanopezizaceae,Drepanopeziza,Drepanopezizabrunnea,K1WAU4,MBM_07635,Marssoninabrunneaf.sp.multigermtubi(strainMB_m1)(Marssoninaleafspotfungus),332,,XP_007295524.1;,K1WAU4;,
A0A0A1MUB9_9BACI,Rhomboid protease GluP,Peptidase S54 family,Bacteria,Bacillati,Bacillota,Bacilli,Bacillales,Bacillaceae,Oceanobacillus,,A0A0A1MUB9,gluP_1BN997_02389,Oceanobacillusoncorhynchi,261,,WP_042532408.1;,A0A0A1MUB9;,
A0A0G0WML1_9BACT,Peptidase S54 rhomboid domain-containing protein,Peptidase S54 family,Bacteria,Bacteria,CandidatusDaviesbacteria,,,,,,A0A0G0WML1,UU67_C0010G0011,CandidatusDaviesbacteriabacteriumGW2011_GWB1_41_5,236,,,A0A0G0WML1;,
A0A0L0NHY4_TOLOC,Rhomboid-type serine protease (EC 3.4.21.105),Peptidase S54 family,Eukaryota,Dikarya,Pezizomycotina,Hypocreomycetidae,Hypocreales,Ophiocordycipitaceae,Tolypocladium,Tolypocladiumophioglossoides,A0A0L0NHY4,TOPH_01811,Tolypocladiumophioglossoides(strainCBS100239)(Golden-threadcordyceps)(Elaphocordycepsophioglossoides),526,3.4.21.105,,A0A0L0NHY4;,
F7DW85_HORSE,Rhomboid-related protein 2 (EC 3.4.21.105),Peptidase S54 family,Eukaryota,Metazoa,Craniata,Mammalia,Perissodactyla,Equidae,Equus,,F7DW85,RHBDL2,Equuscaballus(Horse),302,3.4.21.105,,F7DW85;,
R3X0R7_9ENTE,Peptidase S54 rhomboid domain-containing protein,Peptidase S54 family,Bacteria,Bacillati,Bacillota,Bacilli,Lactobacillales,Enterococcaceae,Enterococcus,Enterococcusphoeniculicola,R3X0R7,UC3_00618,EnterococcusphoeniculicolaATCCBAA-412,233,,WP_010767291.1;,R3X0R7;,
A9D9U2_HOEPD,Putative membrane protein,,Bacteria,Bacteria,Pseudomonadota,Alphaproteobacteria,Hyphomicrobiales,Rhizobiaceae,Hoeflea,Hoefleaphototrophica,A9D9U2,HPDFL43_08549,Hoefleaphototrophica(strainDSM17068/NCIMB14078/DFL-43),231,,WP_007197489.1;,A9D9U2;,
A9SF81_PHYPA,,,,,,,,,,,A9SF81,,,,,,,
C5R8K7_WEIPA,"Peptidase, S54 family (EC 3.4.21.-)",,Bacteria,Bacillati,Bacillota,Bacilli,Lactobacillales,Lactobacillaceae,Weissella,Weissellaparamesenteroides,C5R8K7,HMPREF0877_0302,WeissellaparamesenteroidesATCC33313,225,3.4.21.-,WP_002827810.1;,C5R8K7;,
A0A0M2RAW0_9PROT,Peptidase S54 rhomboid domain-containing protein,,Bacteria,Bacteria,Pseudomonadota,Alphaproteobacteria,Rhodospirillales,Kiloniellaceae,Kiloniella,,A0A0M2RAW0,WH95_07705,Kiloniellalitopenaei,243,,,A0A0M2RAW0;,
A0A023B0P3_GRENI,Rhomboid-like protease (EC 3.4.21.105),Peptidase S54 family,Eukaryota,Eukaryota,Apicomplexa,Gregarinasina,Eugregarinorida,Gregarinidae,Gregarina,,A0A023B0P3,GNI_137850,Gregarinaniphandrodes(Septateeugregarine),448,3.4.21.105,XP_011132472.1;,A0A023B0P3;,
A0A0D2ZR62_BRAOL,RHOMBOID-like protein (EC 3.4.21.105),Peptidase S54 family,Eukaryota,Viridiplantae,Streptophytina,Magnoliopsida,Brassicales,Brassicaceae,Brassica,Brassicaoleracea,A0A0D2ZR62,,Brassicaoleraceavar.oleracea,319,3.4.21.105,XP_013613901.1;,A0A0D2ZR62;,
A0A0F4QK73_9GAMM,,,,,,,,,,,A0A0F4QK73,,,,,,,
B9HDD8_POPTR,Peptidase S54 rhomboid domain-containing protein,Peptidase S54 family,Eukaryota,Viridiplantae,Streptophytina,Magnoliopsida,Malpighiales,Salicaceae,Populus,,B9HDD8,POPTR_006G227300,Populustrichocarpa(Westernbalsampoplar)(Populusbalsamiferasubsp.trichocarpa),331,,XP_002309495.2;,B9HDD8;,
L0JY00_9EURY,Putative membrane protein,Peptidase S54 family,Archaea,Methanobacteriati,Methanobacteriota,Halobacteria,Halobacteriales,Natrialbaceae,Natronococcus,Natronococcusoccultus,L0JY00,Natoc_2123,NatronococcusoccultusSP4,219,,WP_015321351.1;,L0JY00;,
B8HT35_CYAP4,Rhomboid family protein,,Bacteria,Bacillati,Cyanobacteriota,unclassifiedCyanothece,Gomontiellales,Cyanothecaceae,Cyanothece,,B8HT35,Cyan7425_0440,Cyanothecesp.(strainPCC7425/ATCC29141),194,,,B8HT35;,
A8KXY0_FRASN,,,,,,,,,,,A8KXY0,,,,,,,
G4T7J1_SERID,Peptidase S54 rhomboid domain-containing protein,Peptidase S54 family,Eukaryota,Dikarya,Agaricomycotina,Agaricomycetes,Sebacinales,Serendipitaceae,Serendipita,Serendipitaindica,G4T7J1,PIIN_01114,Serendipitaindica(strainDSM11827)(Rootendophytefungus)(Piriformosporaindica),203,,,G4T7J1;,
R6PJS0_9BACT,Rhomboid family protein,,Bacteria,Bacteria,Bacteroidota,unclassifiedPrevotella,Bacteroidales,Prevotellaceae,Prevotella,,R6PJS0,BN637_01297,Prevotellasp.CAG:386,313,,,R6PJS0;,
H6RJC2_BLASD,Putative rhomboid protease,Peptidase S54 family,Bacteria,Bacillati,Actinomycetota,Actinomycetes,Geodermatophilales,Geodermatophilaceae,Blastococcus,Blastococcussaxobsidens,H6RJC2,BLASA_0030,Blastococcussaxobsidens(strainDD2),253,,WP_014373952.1;,H6RJC2;,
Q4FR55_PSYA2,Possible rhomboid family protein,Peptidase S54 family,Bacteria,Bacteria,Pseudomonadota,Gammaproteobacteria,Moraxellales,Moraxellaceae,Psychrobacter,Psychrobacterarcticus,Q4FR55,Psyc_1655,Psychrobacterarcticus(strainDSM17307/VKMB-2377/273-4),376,,WP_011280919.1;,Q4FR55;,
A0A0J8C2Y6_BETVU,,,,,,,,,,,A0A0J8C2Y6,,,,,,,
A0A0F0HU00_9PSEU,Peptidase S54 rhomboid domain-containing protein,Peptidase S54 family,Bacteria,Bacillati,Actinomycetota,unclassifiedSaccharothrix,Pseudonocardiales,Pseudonocardiaceae,Saccharothrix,,A0A0F0HU00,UK12_13865,Saccharothrixsp.ST-888,297,,WP_045303224.1;,A0A0F0HU00;,
B1KGW1_SHEWM,Rhomboid family protein,,Bacteria,Bacteria,Pseudomonadota,Gammaproteobacteria,Alteromonadales,Shewanellaceae,Shewanella,Shewanellawoodyi,B1KGW1,Swoo_2553,Shewanellawoodyi(strainATCC51908/MS32),202,,WP_012325171.1;,B1KGW1;,
C4L3I7_EXISA,Rhomboid family protein,Peptidase S54 family,Bacteria,Bacillati,Bacillota,unclassifiedExiguobacterium,Bacillales,,Exiguobacterium,,C4L3I7,EAT1b_0553,Exiguobacteriumsp.(strainATCCBAA-1283/AT1b),350,,WP_012726604.1;,C4L3I7;,
D5UFI0_CELFN,Rhomboid family protein,Peptidase S54 family,Bacteria,Bacillati,Actinomycetota,Actinomycetes,Micrococcales,Cellulomonadaceae,Cellulomonas,Cellulomonasflavigena,D5UFI0,Cfla_0019,Cellulomonasflavigena(strainATCC482/DSM20109/BCRC11376/JCM18109/NBRC3775/NCIMB8073/NRS134),238,,WP_013115273.1;,D5UFI0;,
K9X5N3_9NOST,Putative membrane protein,Peptidase S54 family,Bacteria,Bacillati,Cyanobacteriota,Cyanophyceae,Nostocales,Nostocaceae,Cylindrospermum,Cylindrospermumstagnale,K9X5N3,Cylst_5991,CylindrospermumstagnalePCC7417,223,,WP_015211198.1;,K9X5N3;,
A4C1N4_9FLAO,Putative transmembrane rhomboid family protein,Peptidase S54 family,Bacteria,Bacteria,Bacteroidota,Flavobacteriia,Flavobacteriales,Flavobacteriaceae,Polaribacter,Polaribacterirgensii,A4C1N4,PI23P_11907,Polaribacterirgensii23-P,244,,WP_004570997.1;,A4C1N4;,
T2KNF9_FORAG,Rhomboid family protein,Peptidase S54 family,Bacteria,Bacteria,Bacteroidota,Flavobacteriia,Flavobacteriales,Flavobacteriaceae,Formosa,Formosaagariphila,T2KNF9,BN863_22590,Formosaagariphila(strainDSM15362/KCTC12365/LMG23005/KMM3901/M-2Alg35-1),293,,WP_038530612.1;,T2KNF9;,
A0A0E9MMA7_9SPHN,Peptidase S54 family protein,Peptidase S54 family,Bacteria,Bacteria,Pseudomonadota,Alphaproteobacteria,Sphingomonadales,Sphingomonadaceae,Sphingomonas,Sphingomonaschangbaiensis,A0A0E9MMA7,SCH01S_16_01620,SphingomonaschangbaiensisNBRC104936,209,,,A0A0E9MMA7;,
G8NTS1_GRAMM,"Peptidase S54, rhomboid domain protein",Peptidase S54 family,Bacteria,Bacteria,Acidobacteriota,Terriglobia,Terriglobales,Acidobacteriaceae,Granulicella,Granulicellamallensis,G8NTS1,AciX8_2065,Granulicellamallensis(strainATCCBAA-1857/DSM23137/MP5ACTX8),284,,,G8NTS1;,
K9S3I4_9CYAN,Rhomboid family protein,Peptidase S54 family,Bacteria,Bacillati,Cyanobacteriota,unclassifiedGeitlerinema,Geitlerinematales,Geitlerinemataceae,Geitlerinema,,K9S3I4,GEI7407_0248,Geitlerinemasp.PCC7407,232,,WP_015170321.1;,K9S3I4;,
B1ZXP8_OPITP,Rhomboid family protein,Peptidase S54 family,Bacteria,Bacteria,Verrucomicrobiota,Opitutia,Opitutales,Opitutaceae,Opitutus,Opitutusterrae,B1ZXP8,Oter_0982,Opitutusterrae(strainDSM11246/JCM15787/PB90-1),283,,WP_012373808.1;,B1ZXP8;,
I4VJI8_9GAMM,Peptidase S54 rhomboid domain-containing protein,Peptidase S54 family,Bacteria,Bacteria,Pseudomonadota,Gammaproteobacteria,Lysobacterales,Rhodanobacteraceae,Rhodanobacter,Rhodanobacterfulvus,I4VJI8,UU9_16426,RhodanobacterfulvusJip2,217,,WP_007082907.1;,I4VJI8;,
A0A0A3X1L2_9GAMM,Rhombosortase,,Bacteria,Bacteria,Pseudomonadota,unclassifiedAcinetobacter,Moraxellales,Moraxellaceae,Acinetobacter,,A0A0A3X1L2,GW12_21170,Acinetobactersp.HR7,192,,WP_034587434.1;,A0A0A3X1L2;,
D0BJH6_9LACT,Peptidase S54 rhomboid domain-containing protein,Peptidase S54 family,Bacteria,Bacillati,Bacillota,Bacilli,Lactobacillales,Carnobacteriaceae,Granulicatella,Granulicatellaelegans,D0BJH6,HMPREF0446_00111,GranulicatellaelegansATCC700633,235,,WP_006702384.1;,D0BJH6;,
A9RDY0_PHYPA,,,,,,,,,,,A9RDY0,,,,,,,
A0A0N0YX23_9ACTN,,,,,,,,,,,A0A0N0YX23,,,,,,,
A0A066VW66_9AGAM,,,,,,,,,,,A0A066VW66,,,,,,,
R7F5T7_9BACI,,,,,,,,,,,R7F5T7,,,,,,,
D8LQJ6_ECTSI,Peptidase S54 rhomboid domain-containing protein,Peptidase S54 family,Eukaryota,Eukaryota,,Phaeophyceae,Ectocarpales,Ectocarpaceae,Ectocarpus,,D8LQJ6,Esi_0006_0147,Ectocarpussiliculosus(Brownalga)(Confervasiliculosa),317,,,D8LQJ6;,
B3E0Y8_METI4,Membrane associated serine protease,,Bacteria,Bacteria,Verrucomicrobiota,Methylacidiphilae,Methylacidiphilales,Methylacidiphilaceae,Methylacidiphilum,CandidatusMethylacidiphiluminfernorum,B3E0Y8,glpGMinf_2411,Methylacidiphiluminfernorum(isolateV4)(Methylokorusinfernorum(strainV4)),240,,WP_012464745.1;,B3E0Y8;,
C7NYQ6_HALMD,Rhomboid family protein,,Archaea,Methanobacteriati,Methanobacteriota,Halobacteria,Halobacteriales,Haloarculaceae,Halomicrobium,Halomicrobiummukohataei,C7NYQ6,Hmuk_2487,Halomicrobiummukohataei(strainATCC700874/DSM12286/JCM9738/NCIMB13541)(Haloarculamukohataei),560,,WP_015763437.1;,C7NYQ6;,
E1R4Q5_SEDSS,Rhomboid family protein,,Bacteria,Bacteria,Spirochaetota,Spirochaetia,Spirochaetales,Spirochaetaceae,Sediminispirochaeta,Sediminispirochaetasmaragdinae,E1R4Q5,Spirs_3042,Sediminispirochaetasmaragdinae(strainDSM11293/JCM15392/SEBR4228)(Spirochaetasmaragdinae),185,,WP_013255602.1;,E1R4Q5;,
A0A0A2DQ27_9PORP,Membrane protein,,Bacteria,Bacteria,Bacteroidota,unclassifiedPorphyromonas,Bacteroidales,Porphyromonadaceae,Porphyromonas,,A0A0A2DQ27,JT26_09410,Porphyromonassp.COT-108OH1349,222,,WP_036848916.1;,A0A0A2DQ27;,
A0A089X695_STRGA,Rhomboid family protein,Peptidase S54 family,Bacteria,Bacillati,Actinomycetota,Actinomycetes,Kitasatosporales,Streptomycetaceae,Streptomyces,,A0A089X695,SGLAU_17115,Streptomycesglaucescens,297,,WP_043502432.1;,A0A089X695;,
G4L2I7_TETHN,,,,,,,,,,,G4L2I7,,,,,,,
K6XMU1_9ALTE,Peptidase S54 rhomboid domain-containing protein,,Bacteria,Bacteria,Pseudomonadota,Gammaproteobacteria,Alteromonadales,Alteromonadaceae,Paraglaciecola,Paraglaciecolaarctica,K6XMU1,GARC_5029,ParaglaciecolaarcticaBSs20135,189,,WP_007625481.1;,K6XMU1;,
R5WRK3_9FIRM,,,,,,,,,,,R5WRK3,,,,,,,
C9R7J8_AGGAD,,,,,,,,,,,C9R7J8,,,,,,,
B7RXV2_9GAMM,"Peptidase, S54 (Rhomboid) family, putative",,Bacteria,Bacteria,Pseudomonadota,unclassifiedHalieaceae,Cellvibrionales,Halieaceae,,,B7RXV2,GPB2148_2013,marinegammaproteobacteriumHTCC2148,288,,,B7RXV2;,
K7A216_9ALTE,"Membrane protein, Rhomboid family",,Bacteria,Bacteria,Pseudomonadota,Gammaproteobacteria,Alteromonadales,Alteromonadaceae,Paraglaciecola,Paraglaciecolapsychrophila,K7A216,C427_2976,Paraglaciecolapsychrophila170,197,,WP_007635717.1;,K7A216;,
G7WPF8_METH6,Rhomboid family protein,,Archaea,Methanobacteriati,Methanobacteriota,Methanomicrobia,Methanotrichales,Methanotrichaceae,Methanothrix,Methanothrixharundinacea,G7WPF8,Mhar_1801,Methanothrixharundinacea(strain6Ac)(Methanosaetaharundinacea),236,,WP_014587339.1;,G7WPF8;,
H8MGJ7_CORCM,Rhomboid family protein,Peptidase S54 family,Bacteria,Bacteria,Myxococcota,Myxococcia,Cystobacterineae,Myxococcaceae,Corallococcus,Corallococcuscoralloides,H8MGJ7,COCOR_03259,Corallococcuscoralloides(strainATCC25202/DSM2259/NBRC100086/M2)(Myxococcuscoralloides),669,,,H8MGJ7;,
A0A0H5C9N1_CYBJN,Rhomboid-type serine protease (EC 3.4.21.105),Peptidase S54 family,Eukaryota,Dikarya,Saccharomycotina,Saccharomycetes,Phaffomycetales,Phaffomycetaceae,Cyberlindnera,Cyberlindnerajadinii,A0A0H5C9N1,RRP1BN1211_5677,Cyberlindnerajadinii(strainATCC18201/CBS1600/BCRC20928/JCM3617/NBRC0987/NRRLY-1542)(Torulayeast)(Candidautilis),426,3.4.21.105,,A0A0H5C9N1;,
A0JQU4_ARTS2,Rhomboid family protein,Peptidase S54 family,Bacteria,Bacillati,Actinomycetota,unclassifiedArthrobacter,Micrococcales,Micrococcaceae,Arthrobacter,,A0JQU4,Arth_0013,Arthrobactersp.(strainFB24),293,,WP_011689884.1;,A0JQU4;,
W5CMC8_WHEAT,,,,,,,,,,,W5CMC8,,,,,,,
I2K7A1_9BACT,Peptidase S54 rhomboid domain-containing protein,,Bacteria,Bacteria,Campylobacterota,unclassifiedSulfurovum,Campylobacterales,Sulfurovaceae,Sulfurovum,,I2K7A1,SULAR_07038,Sulfurovumsp.AR,226,,,I2K7A1;,
A0A0G3HIJ5_9CORY,Putative membrane protein,,Bacteria,Bacillati,Actinomycetota,Actinomycetes,Mycobacteriales,Corynebacteriaceae,Corynebacterium,,A0A0G3HIJ5,CUTER_08870,Corynebacteriumuterequi,238,,,A0A0G3HIJ5;,
G2IIG0_SPHSK,Rhomboid-family protein,,Bacteria,Bacteria,Pseudomonadota,unclassifiedSphingobium,Sphingomonadales,Sphingomonadaceae,Sphingobium,,G2IIG0,SLG_24080,Sphingobiumsp.(strainNBRC103272/SYK-6),225,,,G2IIG0;,
A0A0G3H9M0_9CORY,Putative membrane protein,Peptidase S54 family,Bacteria,Bacillati,Actinomycetota,Actinomycetes,Mycobacteriales,Corynebacteriaceae,Corynebacterium,,A0A0G3H9M0,CUTER_00180,Corynebacteriumuterequi,215,,,A0A0G3H9M0;,
A1SZR0_PSYIN,Rhomboid family protein,Peptidase S54 family,Bacteria,Bacteria,Pseudomonadota,Gammaproteobacteria,Alteromonadales,Psychromonadaceae,Psychromonas,Psychromonasingrahamii,A1SZR0,Ping_3288,Psychromonasingrahamii(strainDSM17664/CCUG51855/37),188,,WP_011771527.1;,A1SZR0;,
A0A0F6AHW4_9GAMM,GlpG protein,Peptidase S54 family,Bacteria,Bacteria,Pseudomonadota,Gammaproteobacteria,Alteromonadales,Pseudoalteromonadaceae,Pseudoalteromonas,Pseudoalteromonasluteoviolacea,A0A0F6AHW4,N479_05020,PseudoalteromonasluteoviolaceaS4054,274,,WP_046354446.1;,A0A0F6AHW4;,
W4FXI3_APHAT,rhomboid protease (EC 3.4.21.105),Peptidase S54 family,Eukaryota,Eukaryota,Oomycota,,Saprolegniales,Saprolegniaceae,Aphanomyces,,W4FXI3,H257_13364,Aphanomycesastaci(Crayfishplagueagent),262,3.4.21.105,XP_009839162.1;,W4FXI3;,
A0A059BZ74_EUCGR,RHOMBOID-like protein (EC 3.4.21.105),Peptidase S54 family,Eukaryota,Viridiplantae,Streptophytina,Magnoliopsida,Myrtales,Myrtoideae,Eucalyptus,,A0A059BZ74,EUGRSUZ_F04386,Eucalyptusgrandis(Floodedgum),321,3.4.21.105,,A0A059BZ74;,
B0CDX0_ACAM1,Rhomboid family protein,Peptidase S54 family,Bacteria,Bacillati,Cyanobacteriota,Cyanophyceae,Acaryochloridales,Acaryochloridaceae,Acaryochloris,Acaryochlorismarina,B0CDX0,AM1_4343,Acaryochlorismarina(strainMBIC11017),537,,WP_012164648.1;,B0CDX0;,
K8DYR7_9FIRM,Rhomboid family protein,,Bacteria,Bacillati,Bacillota,Clostridia,Eubacteriales,Peptococcaceae,Desulforamulus,Desulforamulushydrothermalis,K8DYR7,DESHY_160216,DesulforamulushydrothermalisLam5=DSM18033,216,,WP_008411305.1;,K8DYR7;,
W6RB38_9HYPH,Peptidase S54 rhomboid domain-containing protein,,Bacteria,Bacteria,Pseudomonadota,Alphaproteobacteria,Hyphomicrobiales,Rhizobiaceae,Rhizobium,,W6RB38,LPU83_2393,Rhizobiumfavelukesii,255,,WP_024314801.1;,W6RB38;,
I1YVW4_PREI7,,,,,,,,,,,I1YVW4,,,,,,,
A9E7T2_9FLAO,Peptidase S54 rhomboid domain-containing protein,Peptidase S54 family,Bacteria,Bacteria,Bacteroidota,Flavobacteriia,Flavobacteriales,Flavobacteriaceae,Kordia,Kordiaalgicida,A9E7T2,KAOT1_08949,KordiaalgicidaOT-1,210,,WP_007094352.1;,A9E7T2;,
R6QIT7_9FIRM,Uncharacterized membrane protein (Homolog of Drosophila rhomboid),Peptidase S54 family,Bacteria,Bacillati,Bacillota,Clostridia,Lachnospirales,Lachnospiraceae,Butyrivibrio,,R6QIT7,BN606_00235,Butyrivibriosp.CAG:318,199,,,R6QIT7;,
A0A0A0LN15_CUCSA,RHOMBOID-like protein (EC 3.4.21.105),Peptidase S54 family,Eukaryota,Viridiplantae,Streptophytina,Magnoliopsida,Cucurbitales,Cucurbitaceae,Cucumis,,A0A0A0LN15,Csa_2G315900,Cucumissativus(Cucumber),452,3.4.21.105,,A0A0A0LN15;,
R6VN38_9FIRM,,,,,,,,,,,R6VN38,,,,,,,
A0A0Q9WV19_DROVI,"Uncharacterized protein, isoform B (EC 3.4.21.-)",Peptidase S54 family,Eukaryota,Metazoa,Hexapoda,Neoptera,Muscomorpha,Drosophilinae,Drosophila,,A0A0Q9WV19,Dvir\GJ12468Dvir_GJ12468,Drosophilavirilis(Fruitfly),322,3.4.21.-,XP_015030927.1;,A0A0Q9WV19;,
Q1YG87_AURMS,"Possible serine protease, rhomboid family",,Bacteria,Bacteria,Pseudomonadota,Alphaproteobacteria,Hyphomicrobiales,Aurantimonadaceae,Aurantimonas,Aurantimonasmanganoxydans,Q1YG87,SI859A1_02939,Aurantimonasmanganoxydans(strainATCCBAA-1229/DSM21871/SI85-9A1),290,,,Q1YG87;,
W1PIP8_AMBTC,Peptidase S54 rhomboid domain-containing protein,Peptidase S54 family,Eukaryota,Viridiplantae,Streptophytina,Magnoliopsida,Amborellales,Amborellaceae,Amborella,,W1PIP8,AMTR_s00157p00057370,Amborellatrichopoda,242,,,W1PIP8;,
A0A0N1NM44_9ACTN,,,,,,,,,,,A0A0N1NM44,,,,,,,
R5LB12_9FIRM,Rhomboid family protein,Peptidase S54 family,Bacteria,Bacillati,Bacillota,Clostridia,Lachnospirales,Lachnospiraceae,Eshraghiella,Eshraghiellacrossota,R5LB12,BN569_00159,EshraghiellacrossotaCAG:259,337,,,R5LB12;,
R6FZU3_9CLOT,,,,,,,,,,,R6FZU3,,,,,,,
A4X397_SALTO,Rhomboid family protein,Peptidase S54 family,Bacteria,Bacillati,Actinomycetota,Actinomycetes,Micromonosporales,Micromonosporaceae,Salinispora,Salinisporatropica,A4X397,Strop_0870,Salinisporatropica(strainATCCBAA-916/DSM44818/JCM13857/NBRC105044/CNB-440),217,,WP_011904781.1;,A4X397;,
Q8U1H9_PYRFU,Peptidase S54 rhomboid domain-containing protein,Peptidase S54 family,Archaea,Methanobacteriati,Methanobacteriota,Thermococci,Thermococcales,Thermococcaceae,Pyrococcus,Pyrococcusfuriosus,Q8U1H9,PF1228,Pyrococcusfuriosus(strainATCC43587/DSM3638/JCM8422/Vc1),193,,WP_011012371.1;,Q8U1H9;,
Q6N4C2_RHOPA,Lipocalin-related protein and Bos/Can/Equ allergen:Rhomboid-like protein (Rhomboid family intramembrane serine protease),,Bacteria,Bacteria,Pseudomonadota,Alphaproteobacteria,Hyphomicrobiales,Nitrobacteraceae,Rhodopseudomonas,Rhodopseudomonaspalustris,Q6N4C2,RPA3417TX73_017670,Rhodopseudomonaspalustris(strainATCCBAA-98/CGA009),256,,WP_011158959.1;,,
K6CAT6_SCHAZ,Peptidase S54 rhomboid domain-containing protein,Peptidase S54 family,Bacteria,Bacillati,Bacillota,Bacilli,Bacillales,Bacillaceae,Schinkia,Schinkiaazotoformans,K6CAT6,BAZO_05780,SchinkiaazotoformansLMG9581,198,,WP_003330370.1;,K6CAT6;,
B8CDU6_THAPS,Peptidase S54 rhomboid domain-containing protein,Peptidase S54 family,Eukaryota,Eukaryota,Bacillariophyta,Thalassiosirophycidae,Thalassiosirales,Thalassiosiraceae,Thalassiosira,,B8CDU6,THAPSDRAFT_10545,Thalassiosirapseudonana(Marinediatom)(Cyclotellanana),827,,XP_002294321.1;,B8CDU6;,
K5YLE8_9PSED,,,,,,,,,,,K5YLE8,,,,,,,
A0A0F0KYH6_9MICO,Rhomboid protease GluP (EC 3.4.21.105),Peptidase S54 family,Bacteria,Bacillati,Actinomycetota,Actinomycetes,Micrococcales,Microbacteriaceae,Microbacterium,,A0A0F0KYH6,gluPRL72_01543,Microbacteriumazadirachtae,296,3.4.21.105,WP_045250242.1;,A0A0F0KYH6;,
Q7UVD2_RHOBA,Probable glpG protein,Peptidase S54 family,Bacteria,Bacteria,Planctomycetota,Planctomycetia,Pirellulales,Pirellulaceae,Rhodopirellula,Rhodopirellulabaltica,Q7UVD2,RB2710,Rhodopirellulabaltica(strainDSM10527/NCIMB13988/SH1),340,,NP_865109.1;WP_011118998.1;,Q7UVD2;,
D3T274_NATMM,Rhomboid family protein,,Archaea,Methanobacteriati,Methanobacteriota,Halobacteria,Halobacteriales,Natrialbaceae,Natrialba,Natrialbamagadii,D3T274,Nmag_4170,Natrialbamagadii(strainATCC43099/DSM3394/CCM3739/CIP104546/IAM13178/JCM8861/NBRC102185/NCIMB2190/MS3)(Natronobacteriummagadii),214,,WP_012996985.1;,D3T274;,
B4MVE5_DROWI,Peptidase S54 rhomboid domain-containing protein,Peptidase S54 family,Eukaryota,Metazoa,Hexapoda,Neoptera,Muscomorpha,Drosophilinae,Sophophora,,B4MVE5,Dwil\GK14633Dwil_GK14633,Drosophilawillistoni(Fruitfly),201,,XP_002065504.2;,B4MVE5;,
I0I0D9_CALAS,Rhomboid family protein,,Bacteria,Bacillati,Chloroflexota,Caldilineae,Caldilineales,Caldilineaceae,Caldilinea,Caldilineaaerophila,I0I0D9,CLDAP_06870,Caldilineaaerophila(strainDSM14535/JCM11387/NBRC104270/STL-6-O1),260,,,I0I0D9;,
Q0AVB1_SYNWW,Uncharacterized membrane protein,Peptidase S54 family,Bacteria,Bacillati,Bacillota,Clostridia,Eubacteriales,Syntrophomonadaceae,Syntrophomonas,Syntrophomonaswolfeisubsp.wolfei,Q0AVB1,Swol_2049,Syntrophomonaswolfeisubsp.wolfei(strainDSM2245B/Goettingen),222,,WP_011641435.1;,Q0AVB1;,
Q9WZ53_THEMA,Peptidase S54 rhomboid domain-containing protein,Peptidase S54 family,Bacteria,Bacteria,Thermotogota,Thermotogae,Thermotogales,Thermotogaceae,Thermotoga,Thermotogamaritima,Q9WZ53,TM_0584,Thermotogamaritima(strainATCC43589/DSM3109/JCM10099/NBRC100826/MSB8),235,,NP_228394.1;WP_004081273.1;,Q9WZ53;,
G3B2N1_CANTC,Rhomboid-type serine protease (EC 3.4.21.105),Peptidase S54 family,Eukaryota,Dikarya,Saccharomycotina,Pichiomycetes,Serinales,Debaryomycetaceae,Yamadazyma,Candidatenuis,G3B2N1,CANTEDRAFT_103630,Candidatenuis(strainATCC10573/BCRC21748/CBS615/JCM9827/NBRC10315/NRRLY-1498/VKMY-70)(Yeast)(Yamadazymatenuis),535,3.4.21.105,XP_006685527.1;,G3B2N1;,
B7G850_PHATC,Peptidase S54 rhomboid domain-containing protein,Peptidase S54 family,Eukaryota,Eukaryota,Bacillariophyta,Bacillariophyceae,Naviculales,Phaeodactylaceae,Phaeodactylum,Phaeodactylumtricornutum,B7G850,PHATRDRAFT_48717,Phaeodactylumtricornutum(strainCCAP1055/1),687,,XP_002183413.1;,B7G850;,
B5IJ94_9CYAN,Rhomboid family,Peptidase S54 family,Bacteria,Bacillati,Cyanobacteriota,unclassifiedCyanobium,Synechococcales,Prochlorococcaceae,Cyanobium,,B5IJ94,CPCC7001_2266,Cyanobiumsp.PCC7001,189,,WP_006911303.1;,B5IJ94;,
X2H120_9GAMM,,,,,,,,,,,X2H120,,,,,,,
W0J2P0_9BACT,Protease,,Bacteria,Bacteria,Verrucomicrobiota,unclassifiedOpitutaceae,Opitutales,Opitutaceae,,,W0J2P0,OPIT5_22910,OpitutaceaebacteriumTAV5,232,,,W0J2P0;,
A0A0N1NK29_9ACTN,"Peptidase S54, rhomboid domain containing protein",,Bacteria,Bacillati,Actinomycetota,unclassifiedActinomycetes,,,,,A0A0N1NK29,OK006_3871,ActinobacteriabacteriumOK006,247,,,A0A0N1NK29;,
A1ALH9_PELPD,Rhomboid family protein,,Bacteria,Bacteria,Thermodesulfobacteriota,Desulfuromonadia,Desulfuromonadales,Desulfuromonadaceae,Pelobacter,Pelobacterpropionicus,A1ALH9,Ppro_0568,Pelobacterpropionicus(strainDSM2379/NBRC103807/OttBd1),249,,,A1ALH9;,
A0A0E9LTX7_9BACT,Peptidase S54 rhomboid domain-containing protein,,Bacteria,Bacteria,Bacteroidota,Bacteroidia,Marinilabiliales,Marinilabiliaceae,Geofilum,Geofilumrubicundum,A0A0E9LTX7,JCM15548_1877,GeofilumrubicundumJCM15548,224,,WP_062122481.1;,A0A0E9LTX7;,
A0A077ENG3_9FLAO,Rhomboid family protein,Peptidase S54 family,Bacteria,Bacteria,Bacteroidota,Flavobacteriia,Flavobacteriales,Weeksellaceae,Elizabethkingia,Elizabethkingiaanophelis,A0A077ENG3,BD94_3969,ElizabethkingiaanophelisNUHP1,254,,WP_024563909.1;,A0A077ENG3;,
J0QXG9_9HYPH,Peptidase S54 rhomboid domain-containing protein,,Bacteria,Bacteria,Pseudomonadota,Alphaproteobacteria,Hyphomicrobiales,Bartonellaceae,Bartonella,Bartonellatamiae,J0QXG9,ME5_01152,BartonellatamiaeTh239,237,,WP_008039282.1;,J0QXG9;,
D0MDJ0_RHOM4,Rhomboid family protein,,Bacteria,Bacteria,Rhodothermota,Rhodothermia,Rhodothermales,Rhodothermaceae,Rhodothermus,Rhodothermusmarinus,D0MDJ0,Rmar_0277,Rhodothermusmarinus(strainATCC43812/DSM4252/R-10)(Rhodothermusobamensis),293,,,D0MDJ0;,
S0KTA2_9ENTE,Peptidase S54 rhomboid domain-containing protein,,Bacteria,Bacillati,Bacillota,Bacilli,Lactobacillales,Enterococcaceae,Enterococcus,Enterococcuscolumbae,S0KTA2,I568_00258,EnterococcuscolumbaeDSM7374=ATCC51263,225,,WP_016183110.1;,S0KTA2;,
G9ZIR1_9GAMM,"Peptidase, S54 family",,Bacteria,Bacteria,Pseudomonadota,Gammaproteobacteria,Cardiobacteriales,Cardiobacteriaceae,Cardiobacterium,Cardiobacteriumvalvarum,G9ZIR1,HMPREF9080_02672,CardiobacteriumvalvarumF0432,190,,WP_006986664.1;,G9ZIR1;,
F0R8I1_PHOSB,"Peptidase S54, rhomboid domain",Peptidase S54 family,Bacteria,Bacteria,Bacteroidota,Bacteroidia,Bacteroidales,Bacteroidaceae,Phocaeicola,Phocaeicolasalanitronis,F0R8I1,Bacsa_0438,Phocaeicolasalanitronis(strainDSM18170/JCM13657/CCUG60908/BL78)(Bacteroidessalanitronis),963,,,F0R8I1;,
C4XSM9_SOLM1,Rhomboid family protein,Peptidase S54 family,Bacteria,Bacteria,Thermodesulfobacteriota,Desulfovibrionia,Desulfovibrionales,Desulfovibrionaceae,Solidesulfovibrio,Solidesulfovibriomagneticus,C4XSM9,DMR_23600,Solidesulfovibriomagneticus(strainATCC700980/DSM13731/RS-1)(Desulfovibriomagneticus),240,,WP_015861032.1;,C4XSM9;,
Q3IT65_NATPD,,,,,,,,,,,Q3IT65,,,,,,,
U4KRZ1_9MOLU,Rhomboid family protein,Peptidase S54 family,Bacteria,Bacillati,Mycoplasmatota,Mollicutes,Acholeplasmatales,Acholeplasmataceae,Paracholeplasma,,U4KRZ1,BN85311620,Paracholeplasmabrassicae,217,,WP_030005043.1;,U4KRZ1;,
H8KMU9_SOLCM,Putative membrane protein,Peptidase S54 family,Bacteria,Bacteria,Bacteroidota,Sphingobacteriia,Sphingobacteriales,Sphingobacteriaceae,Solitalea,Solitaleacanadensis,H8KMU9,Solca_4362,Solitaleacanadensis(strainATCC29591/DSM3403/JCM21819/LMG8368/NBRC15130/NCIMB12057/USAM9D)(Flexibactercanadensis),236,,,H8KMU9;,
K7W538_9NOST,Rhomboid family protein (EC 3.4.21.-),Peptidase S54 family,Bacteria,Bacillati,Cyanobacteriota,unclassifiedAnabaena,Nostocales,Nostocaceae,Anabaena,,K7W538,ANA_C13398,Anabaenasp.90,219,3.4.21.-,WP_015081209.1;,K7W538;,
C1AB11_GEMAT,Hypothetical membrane protein,,Bacteria,Bacteria,Gemmatimonadota,Gemmatimonadia,Gemmatimonadales,Gemmatimonadaceae,Gemmatimonas,Gemmatimonasaurantiaca,C1AB11,GAU_2375,Gemmatimonasaurantiaca(strainDSM14586/JCM11422/NBRC100505/T-27),256,,WP_015894186.1;,C1AB11;,
T2KM56_FORAG,Rhomboid family protein,Peptidase S54 family,Bacteria,Bacteria,Bacteroidota,Flavobacteriia,Flavobacteriales,Flavobacteriaceae,Formosa,Formosaagariphila,T2KM56,BN863_22600,Formosaagariphila(strainDSM15362/KCTC12365/LMG23005/KMM3901/M-2Alg35-1),235,,,T2KM56;,
Q6LNW7_PHOPR,Peptidase S54 rhomboid domain-containing protein,,Bacteria,Bacteria,Pseudomonadota,Gammaproteobacteria,Vibrionales,Vibrionaceae,Photobacterium,Photobacteriumprofundum,Q6LNW7,VV10016PBPRA2630,Photobacteriumprofundum(strainSS9),187,,,Q6LNW7;,
M2QNZ7_CERS8,Peptidase S54 rhomboid domain-containing protein,Peptidase S54 family,Eukaryota,Dikarya,Agaricomycotina,Agaricomycetes,Polyporales,Gelatoporiaceae,Gelatoporia,Ceriporiopsissubvermispora,M2QNZ7,CERSUDRAFT_112527,Ceriporiopsissubvermispora(strainB)(White-rotfungus)(Gelatoporiasubvermispora),474,,,M2QNZ7;,
E4KLZ4_9LACT,"Peptidase, S54 family (EC 3.4.21.-)",Peptidase S54 family,Bacteria,Bacillati,Bacillota,Bacilli,Lactobacillales,Aerococcaceae,Eremococcus,Eremococcuscoleocola,E4KLZ4,HMPREF9257_0977,EremococcuscoleocolaACS-139-V-Col8,229,3.4.21.-,WP_006417588.1;,E4KLZ4;,
K6DRS8_9BACI,Peptidase S54 rhomboid domain-containing protein,Peptidase S54 family,Bacteria,Bacillati,Bacillota,Bacilli,Bacillales,Bacillaceae,Neobacillus,Neobacillusbataviensis,K6DRS8,BABA_02602,NeobacillusbataviensisLMG21833,193,,WP_007083561.1;,K6DRS8;,
G1PJP2_MYOLU,Rhomboid domain containing 3,,Eukaryota,Metazoa,Craniata,Mammalia,Yangochiroptera,Vespertilionidae,Myotis,,G1PJP2,RHBDD3,Myotislucifugus(Littlebrownbat),383,,XP_006099353.1;XP_006099354.1;XP_006099355.1;,G1PJP2;,
B0SZ31_CAUSK,Rhomboid family protein,Peptidase S54 family,Bacteria,Bacteria,Pseudomonadota,unclassifiedCaulobacter,Caulobacterales,Caulobacteraceae,Caulobacter,,B0SZ31,Caul_2815,Caulobactersp.(strainK31),241,,,B0SZ31;,
B9Y837_9FIRM,"Peptidase, S54 family (EC 3.4.21.-)",Peptidase S54 family,Bacteria,Bacillati,Bacillota,Erysipelotrichia,Erysipelotrichales,Erysipelotrichaceae,Holdemania,Holdemaniafiliformis,B9Y837,HOLDEFILI_01983,HoldemaniafiliformisDSM12042,424,3.4.21.-,WP_006059172.1;,B9Y837;,
U5DJ94_AMBTC,RHOMBOID-like protein (EC 3.4.21.105),Peptidase S54 family,Eukaryota,Viridiplantae,Streptophytina,Magnoliopsida,Amborellales,Amborellaceae,Amborella,,U5DJ94,AMTR_s00070p00195850,Amborellatrichopoda,387,3.4.21.105,,U5DJ94;,
R6SCA3_9FIRM,,,,,,,,,,,R6SCA3,,,,,,,
A0A0B5S1F8_MYRPR,,,,,,,,,,,A0A0B5S1F8,,,,,,,
A0A0D5LU15_MAREN,Membrane protein,,Bacteria,Bacteria,Pseudomonadota,Alphaproteobacteria,Hyphomicrobiales,Aurantimonadaceae,Martelella,,A0A0D5LU15,TM49_20140,Martelellaendophytica,241,,WP_045683849.1;,A0A0D5LU15;,
K6SY19_9CLOT,Putative membrane protein,Peptidase S54 family,Bacteria,Bacillati,Bacillota,unclassifiedClostridium,Eubacteriales,Clostridiaceae,Clostridium,,K6SY19,A370_05200,Clostridiumsp.MaddingleyMBC34-26,332,,,K6SY19;,
A0A0G4JUH8_9GAMM,Rhomboid protease GlpG,Peptidase S54 family,Bacteria,Bacteria,Pseudomonadota,Gammaproteobacteria,Enterobacterales,Pectobacteriaceae,Brenneria,,A0A0G4JUH8,glpGBN1221_01997,Brenneriagoodwinii,276,3.4.21.105,WP_048637172.1;,A0A0G4JUH8;,
R5QAN7_9FIRM,Peptidase S54 rhomboid domain-containing protein,Peptidase S54 family,Bacteria,Bacillati,Bacillota,Clostridia,Lachnospirales,Lachnospiraceae,Mediterraneibacter,[Ruminococcus]torques,R5QAN7,BN734_01492,[Ruminococcus]torquesCAG:61,200,,WP_009242952.1;,R5QAN7;,
J7QFG6_METSZ,Rhomboid family protein,Peptidase S54 family,Bacteria,Bacteria,Pseudomonadota,unclassifiedMethylocystis,Hyphomicrobiales,Methylocystaceae,Methylocystis,,J7QFG6,BN69_0860,Methylocystissp.(strainSC2),232,,WP_014890345.1;,J7QFG6;,
N0BAJ8_9HYPH,Rhomboid family protein,,Bacteria,Bacteria,Pseudomonadota,Alphaproteobacteria,Hyphomicrobiales,Hyphomicrobiaceae,Hyphomicrobium,Hyphomicrobiumdenitrificans,N0BAJ8,HYPDE_41703,Hyphomicrobiumdenitrificans1NES1,219,,WP_015600022.1;,N0BAJ8;,
Q5L3G8_GEOKA,Hypothetical conserved protein,Peptidase S54 family,Bacteria,Bacillati,Bacillota,Bacilli,Bacillales,Bacillaceae,Geobacillus,Geobacilluskaustophilus,Q5L3G8,GK0227,Geobacilluskaustophilus(strainHTA426),205,,WP_011229737.1;,Q5L3G8;,
A0A078LB52_9CHLA,,,,,,,,,,,A0A078LB52,,,,,,,
Q12I33_SHEDO,Rhomboid-like protein,Peptidase S54 family,Bacteria,Bacteria,Pseudomonadota,Gammaproteobacteria,Alteromonadales,Shewanellaceae,Shewanella,Shewanelladenitrificans,Q12I33,Sden_3618,Shewanelladenitrificans(strainOS217/ATCCBAA-1090/DSM15013),280,,WP_011498032.1;,Q12I33;,
D6TME0_KTERA,Rhomboid family protein,,Bacteria,Bacillati,Chloroflexota,Ktedonobacteria,Ktedonobacterales,Ktedonobacteraceae,Ktedonobacter,Ktedonobacterracemifer,D6TME0,Krac_8258,KtedonobacterracemiferDSM44963,383,,,D6TME0;,
R5EAJ1_9CLOT,Peptidase S54 family,Peptidase S54 family,Bacteria,Bacillati,Bacillota,unclassifiedClostridium,Eubacteriales,Clostridiaceae,Clostridium,,R5EAJ1,BN724_00766,Clostridiumsp.CAG:590,338,,,R5EAJ1;,
Q11XW7_CYTH3,,,,,,,,,,,Q11XW7,,,,,,,
A0A0M3BS50_9HYPH,Membrane protein,,Bacteria,Bacteria,Pseudomonadota,unclassifiedRhizobium,Hyphomicrobiales,Rhizobiaceae,Rhizobium,,A0A0M3BS50,YH62_00695,Rhizobiumsp.LC145,246,,,A0A0M3BS50;,
A5V3E2_RHIWR,,,,,,,,,,,A5V3E2,,,,,,,
K9QQN0_NOSS7,Putative membrane protein,Peptidase S54 family,Bacteria,Bacillati,Cyanobacteriota,unclassifiedNostoc,Nostocales,Nostocaceae,Nostoc,,K9QQN0,Nos7524_1591,Nostocsp.(strainATCC29411/PCC7524),239,,WP_015137919.1;,K9QQN0;,
A0A0G4J644_PLABS,Peptidase S54 rhomboid domain-containing protein,,Eukaryota,Eukaryota,Endomyxa,Phytomyxea,Plasmodiophorida,Plasmodiophoridae,Plasmodiophora,,A0A0G4J644,PBRA_009210,Plasmodiophorabrassicae(Clubrootdiseaseagent),288,,,A0A0G4J644;,
C7HWD3_9FIRM,"Peptidase, S54 family (EC 3.4.21.-)",Peptidase S54 family,Bacteria,Bacillati,Bacillota,Tissierellia,Tissierellales,Peptoniphilaceae,Anaerococcus,Anaerococcusvaginalis,C7HWD3,HMPREF0078_1584,AnaerococcusvaginalisATCC51170,216,3.4.21.-,,C7HWD3;,
V4Z806_TOXGV,Rhomboid-like protease (EC 3.4.21.105),Peptidase S54 family,Eukaryota,Eukaryota,Apicomplexa,Coccidia,Eimeriorina,Sarcocystidae,Toxoplasma,Toxoplasmagondii,V4Z806,TGVEG_268590,Toxoplasmagondii(strainATCC50861/VEG),665,3.4.21.105,,V4Z806;,
A0A0M0JIR7_9EUKA,rhomboid protease (EC 3.4.21.105),Peptidase S54 family,Eukaryota,Eukaryota,Haptophyta,,Prymnesiales,Chrysochromulinaceae,Chrysochromulina,,A0A0M0JIR7,Ctob_012916,Chrysochromulinatobinii,557,3.4.21.105,,A0A0M0JIR7;,
C5EMC1_9FIRM,,,,,,,,,,,C5EMC1,,,,,,,
A0A0G3AI46_9ACTN,,,,,,,,,,,A0A0G3AI46,,,,,,,
B5YLI1_THAPS,rhomboid protease (EC 3.4.21.105),Peptidase S54 family,Eukaryota,Eukaryota,Bacillariophyta,Thalassiosirophycidae,Thalassiosirales,Thalassiosiraceae,Thalassiosira,,B5YLI1,THAPS_38132,Thalassiosirapseudonana(Marinediatom)(Cyclotellanana),148,3.4.21.105,XP_002295369.1;,B5YLI1;,
A0A0M2R3U8_9PROT,Peptidase S54 rhomboid domain-containing protein,Peptidase S54 family,Bacteria,Bacteria,Pseudomonadota,Alphaproteobacteria,Rhodospirillales,Kiloniellaceae,Kiloniella,,A0A0M2R3U8,WH95_14075,Kiloniellalitopenaei,190,,WP_046508355.1;,A0A0M2R3U8;,
A5N0T8_CLOK5,Peptidase S54 rhomboid domain-containing protein,Peptidase S54 family,Bacteria,Bacillati,Bacillota,Clostridia,Eubacteriales,Clostridiaceae,Clostridium,Clostridiumkluyveri,A5N0T8,CKL_2722,Clostridiumkluyveri(strainATCC8527/DSM555/NBRC12016/NCIMB10680/K1),338,,WP_012103064.1;,A5N0T8;,
A0A0N1BB95_9HYPH,Peptidase S54 rhomboid domain-containing protein,,Bacteria,Bacteria,Pseudomonadota,unclassifiedBosea,Hyphomicrobiales,Boseaceae,Bosea,,A0A0N1BB95,IP69_05785,Boseasp.AAP35,273,,,A0A0N1BB95;,
R6SF56_9FIRM,,,,,,,,,,,R6SF56,,,,,,,
A2D941_TRIV3,"Clan S-, family S54, Rhomboid-like serine peptidase",Peptidase S54 family,Eukaryota,Eukaryota,Parabasalia,,Trichomonadida,Trichomonadidae,Trichomonas,Trichomonasvaginalis,A2D941,TVAG_183030,Trichomonasvaginalis(strainATCCPRA-98/G3),256,,XP_001584053.1;,A2D941;,
H8GNW1_METAL,Putative membrane protein,,Bacteria,Bacteria,Pseudomonadota,Gammaproteobacteria,Methylococcales,Methylococcaceae,Methylomicrobium,Methylomicrobiumalbum,H8GNW1,Metal_0533,MethylomicrobiumalbumBG8,251,,WP_005369365.1;,H8GNW1;,
H8L074_FRAAD,Putative membrane protein,,Bacteria,Bacteria,Pseudomonadota,Gammaproteobacteria,Lysobacterales,Rhodanobacteraceae,Frateuria,Frateuriaaurantia,H8L074,Fraau_2771,Frateuriaaurantia(strainATCC33424/DSM6220/KCTC2777/LMG1558/NBRC3245/NCIMB13370)(Acetobacteraurantius),208,,WP_014404115.1;,H8L074;,
B2HKR2_MYCMM,Rhomboid family serine protease,Peptidase S54 family,Bacteria,Bacillati,Actinomycetota,Actinomycetes,Mycobacteriales,Mycobacteriaceae,Mycobacterium,Mycobacteriummarinum,B2HKR2,MMAR_0300,Mycobacteriummarinum(strainATCCBAA-535/M),289,,WP_012392287.1;,B2HKR2;,
Q3ADW0_CARHZ,Rhomboid family protein,Peptidase S54 family,Bacteria,Bacillati,Bacillota,Clostridia,Thermoanaerobacterales,Thermoanaerobacteraceae,Carboxydothermus,Carboxydothermushydrogenoformans,Q3ADW0,CHY_0820,Carboxydothermushydrogenoformans(strainATCCBAA-161/DSM6008/Z-2901),236,,WP_011343750.1;,Q3ADW0;,
H9GNT4_ANOCA,rhomboid protease (EC 3.4.21.105),Peptidase S54 family,Eukaryota,Metazoa,Craniata,Lepidosauria,Iguania,Dactyloidae,Anolis,,H9GNT4,,Anoliscarolinensis(Greenanole)(Americanchameleon),397,3.4.21.105,,H9GNT4;,
E8MZR7_ANATU,Rhomboid family protein,,Bacteria,Bacillati,Chloroflexota,Anaerolineae,Anaerolineales,Anaerolineaceae,Anaerolinea,Anaerolineathermophila,E8MZR7,ANT_25890,Anaerolineathermophila(strainDSM14523/JCM11388/NBRC100420/UNI-1),232,,WP_013560970.1;,E8MZR7;,
B7FPD5_PHATC,rhomboid protease (EC 3.4.21.105),Peptidase S54 family,Eukaryota,Eukaryota,Bacillariophyta,Bacillariophyceae,Naviculales,Phaeodactylaceae,Phaeodactylum,Phaeodactylumtricornutum,B7FPD5,PHATRDRAFT_42743,Phaeodactylumtricornutum(strainCCAP1055/1),669,3.4.21.105,XP_002176692.1;,B7FPD5;,
A0A0B2VGM7_TOXCA,Rhomboid-related protein 1,Peptidase S54 family,Eukaryota,Metazoa,Nematoda,Chromadorea,Ascaridomorpha,Toxocaridae,Toxocara,,A0A0B2VGM7,rom-1Tcan_07494,Toxocaracanis(Canineroundworm),476,,,A0A0B2VGM7;,
Q3J4G6_CERS4,Membrane protein,Peptidase S54 family,Bacteria,Bacteria,Pseudomonadota,Alphaproteobacteria,Rhodobacterales,Paracoccaceae,Cereibacter,Cereibactersphaeroides,Q3J4G6,RSP_2167,Cereibactersphaeroides(strainATCC17023/DSM158/JCM6121/CCUG31486/LMG2827/NBRC12203/NCIMB8253/ATH2.4.1.)(Rhodobactersphaeroides),246,,WP_011337281.1;YP_352219.1;,Q3J4G6;,
F0ICE0_9FLAO,Rhomboid family protein,Peptidase S54 family,Bacteria,Bacteria,Bacteroidota,unclassifiedCapnocytophaga,Flavobacteriales,Flavobacteriaceae,Capnocytophaga,Capnocytophagasp.oraltaxon338,F0ICE0,HMPREF9071_0180,Capnocytophagasp.oraltaxon338str.F0234,246,,WP_009744641.1;,F0ICE0;,
F4KUC0_HALH1,Rhomboid family protein,Peptidase S54 family,Bacteria,Bacteria,Bacteroidota,Saprospiria,Saprospirales,Haliscomenobacteraceae,Haliscomenobacter,Haliscomenobacterhydrossis,F4KUC0,Halhy_3343,Haliscomenobacterhydrossis(strainATCC27775/DSM1100/LMG10767/O),230,,WP_013765743.1;,F4KUC0;,
I4Z2X3_9HYPH,Putative membrane protein,Peptidase S54 family,Bacteria,Bacteria,Pseudomonadota,Alphaproteobacteria,Hyphomicrobiales,Methylobacteriaceae,Microvirga,,I4Z2X3,MicloDRAFT_00008150,Microvirgalotononidis,271,,WP_009489442.1;,I4Z2X3;,
A3QEN1_SHELP,Rhomboid family protein,,Bacteria,Bacteria,Pseudomonadota,Gammaproteobacteria,Alteromonadales,Shewanellaceae,Shewanella,Shewanellaloihica,A3QEN1,Shew_2063,Shewanellaloihica(strainATCCBAA-1088/PV-4),194,,WP_011865861.1;,A3QEN1;,
H6L399_SAPGL,Rhomboid family protein,Peptidase S54 family,Bacteria,Bacteria,Bacteroidota,Saprospiria,Saprospirales,Saprospiraceae,Saprospira,Saprospiragrandis,H6L399,SGRA_2197,Saprospiragrandis(strainLewin),240,,WP_015692542.1;,H6L399;,
B1L6D3_KORCO,Rhomboid family protein,Peptidase S54 family,Archaea,Thermoproteati,Thermoproteota,CandidatusKorarchaeia,CandidatusKorarchaeales,CandidatusKorarchaeaceae,CandidatusKorarchaeum,CandidatusKorarchaeumcryptofilum,B1L6D3,Kcr_1266,Korarchaeumcryptofilum(strainOPF8),227,,WP_012309909.1;,B1L6D3;,
W7TU50_9STRA,"Peptidase S54, rhomboid domain protein",Peptidase S54 family,Eukaryota,Eukaryota,,Eustigmatophyceae,Eustigmatales,Monodopsidaceae,Nannochloropsis,,W7TU50,Naga_100056g39,Nannochloropsisgaditana,451,,,W7TU50;,
E1WZ25_HALMS,Probable membrane protein,Peptidase S54 family,Bacteria,Bacteria,Bdellovibrionota,Bacteriovoracia,Bacteriovoracales,Halobacteriovoraceae,Halobacteriovorax,Halobacteriovoraxmarinus,E1WZ25,glpGBMS_1248,Halobacteriovoraxmarinus(strainATCCBAA-682/DSM15412/SJ)(Bacteriovoraxmarinus),297,,WP_014243906.1;,E1WZ25;,
B8KXW2_9GAMM,Rhomboid family protein,,Bacteria,Bacteria,Pseudomonadota,Gammaproteobacteria,Cellvibrionales,Halieaceae,Luminiphilus,Luminiphilussyltensis,B8KXW2,NOR51B_2096,LuminiphilussyltensisNOR5-1B,207,,WP_009020892.1;,B8KXW2;,
A9DVE2_9RHOB,,,,,,,,,,,A9DVE2,,,,,,,
A0A0F5FT55_9HYPH,Peptidase S54 rhomboid domain-containing protein,,Bacteria,Bacteria,Pseudomonadota,Alphaproteobacteria,Hyphomicrobiales,Devosiaceae,Devosia,,A0A0F5FT55,VE25_09670,Devosiageojensis,250,,WP_046108402.1;,A0A0F5FT55;,
A1R4A5_PAEAT,Putative rhomboid family membrane protein,,Bacteria,Bacillati,Actinomycetota,Actinomycetes,Micrococcales,Micrococcaceae,Paenarthrobacter,Paenarthrobacteraurescens,A1R4A5,AAur_1284,Paenarthrobacteraurescens(strainTC1),204,,,A1R4A5;,
A3DC19_ACET2,Rhomboid family protein,,Bacteria,Bacillati,Bacillota,Clostridia,Eubacteriales,Oscillospiraceae,Acetivibrio,Acetivibriothermocellus,A3DC19,Cthe_0259,Acetivibriothermocellus(strainATCC27405/DSM1237/JCM9322/NBRC103400/NCIMB10682/NRRLB-4536/VPI7372)(Clostridiumthermocellum),194,,WP_003512397.1;,A3DC19;,
A0A075LQR0_9BACI,Peptidase S54 rhomboid domain-containing protein,Peptidase S54 family,Bacteria,Bacillati,Bacillota,Bacilli,Bacillales,Bacillaceae,Terribacillus,,A0A075LQR0,GZ22_09190,Terribacillusgoriensis,510,,WP_038561317.1;,A0A075LQR0;,
K2CRV9_9BACT,Rhomboid family protein,,Bacteria,Bacteria,,,,,,,K2CRV9,ACD_34C00417G0002,unculturedbacterium,215,,,K2CRV9;,
F2I9Q4_FLUTR,Rhomboid family protein,Peptidase S54 family,Bacteria,Bacteria,Bacteroidota,Flavobacteriia,Flavobacteriales,Crocinitomicaceae,Fluviicola,Fluviicolataffensis,F2I9Q4,Fluta_1052,Fluviicolataffensis(strainDSM16823/NCIMB13979/RW262),277,,WP_013685822.1;,F2I9Q4;,
A0A023B066_GRENI,Rhomboid-like protease (EC 3.4.21.105),Peptidase S54 family,Eukaryota,Eukaryota,Apicomplexa,Gregarinasina,Eugregarinorida,Gregarinidae,Gregarina,,A0A023B066,GNI_148110,Gregarinaniphandrodes(Septateeugregarine),350,3.4.21.105,XP_011132683.1;,A0A023B066;,
A0A090M7A2_OSTTA,"Peptidase S54, rhomboid domain",Peptidase S54 family,Eukaryota,Viridiplantae,Chlorophyta,Mamiellophyceae,Mamiellales,Bathycoccaceae,Ostreococcus,,A0A090M7A2,OT_ostta05g02140,Ostreococcustauri,274,,,A0A090M7A2;,
B4JNP1_DROGR,GH24104,Peptidase S54 family,Eukaryota,Metazoa,Hexapoda,Neoptera,Muscomorpha,Drosophilinae,Drosophila,,B4JNP1,Dgri\GH24104Dgri_GH24104,Drosophilagrimshawi(Hawaiianfruitfly)(Idiomyiagrimshawi),420,,XP_001992627.1;,B4JNP1;,
I3YY93_AEQSU,Putative membrane protein,Peptidase S54 family,Bacteria,Bacteria,Bacteroidota,Flavobacteriia,Flavobacteriales,Flavobacteriaceae,Aequorivita,Aequorivitasublithincola,I3YY93,Aeqsu_2504,Aequorivitasublithincola(strainDSM14238/LMG21431/ACAM643/9-3),291,,WP_014783210.1;,I3YY93;,
Q5HP00_STAEQ,Rhomboid family protein,Peptidase S54 family,Bacteria,Bacillati,Bacillota,Bacilli,Bacillales,Staphylococcaceae,Staphylococcus,Staphylococcusepidermidis,Q5HP00,SERP1114,Staphylococcusepidermidis(strainATCC35984/DSM28319/BCRC17069/CCUG31568/BM3577/RP62A),486,,WP_001832757.1;,Q5HP00;,
G9ZEQ1_9GAMM,"Peptidase, S54 family",,Bacteria,Bacteria,Pseudomonadota,Gammaproteobacteria,Cardiobacteriales,Cardiobacteriaceae,Cardiobacterium,Cardiobacteriumvalvarum,G9ZEQ1,HMPREF9080_01231,CardiobacteriumvalvarumF0432,195,,,G9ZEQ1;,
F2JQI4_CELLD,"Peptidase S54, rhomboid domain",Peptidase S54 family,Bacteria,Bacillati,Bacillota,Clostridia,Lachnospirales,Cellulosilyticaceae,Cellulosilyticum,Cellulosilyticumlentocellum,F2JQI4,Clole_3276,Cellulosilyticumlentocellum(strainATCC49066/DSM5427/NCIMB11756/RHM5)(Clostridiumlentocellum),518,,WP_013658246.1;,F2JQI4;,
A0A0N5AZW2_9BILA,Rhomboid protease,Peptidase S54 family,Eukaryota,Metazoa,Nematoda,Chromadorea,Oxyuridomorpha,Oxyuridae,Syphacia,,A0A0N5AZW2,,Syphaciamuris,374,,,A0A0N5AZW2;,
A0A0H4KQF4_9BACI,Peptidase S54 rhomboid domain-containing protein,Peptidase S54 family,Bacteria,Bacillati,Bacillota,Bacilli,Bacillales,Bacillaceae,Priestia,,A0A0H4KQF4,BEH_19800,Priestiafilamentosa,382,,,A0A0H4KQF4;,
A0A0F2CCI4_9MICO,Rhomboid family protein,,Bacteria,Bacillati,Actinomycetota,unclassifiedMicrobacterium,Micrococcales,Microbacteriaceae,Microbacterium,,A0A0F2CCI4,RS85_00899,Microbacteriumsp.SA39,205,,,A0A0F2CCI4;,
E4TFY6_CALNY,Rhomboid family protein,Peptidase S54 family,Bacteria,Bacteria,Deferribacterota,Deferribacteres,Deferribacterales,Calditerrivibrionaceae,Calditerrivibrio,Calditerrivibrionitroreducens,E4TFY6,Calni_1736,Calditerrivibrionitroreducens(strainDSM19672/NBRC101217/Yu37-1),240,,WP_013451853.1;,E4TFY6;,
E6VTQ5_PSEA9,Rhomboid family protein,,Bacteria,Bacteria,Thermodesulfobacteriota,Desulfovibrionia,Desulfovibrionales,Desulfovibrionaceae,Pseudodesulfovibrio,Pseudodesulfovibrioaespoeensis,E6VTQ5,Daes_2337,Pseudodesulfovibrioaespoeensis(strainATCC700646/DSM10631/Aspo-2)(Desulfovibrioaespoeensis),243,,WP_013515254.1;,E6VTQ5;,
C7R9C8_KANKD,Rhomboid family protein,Peptidase S54 family,Bacteria,Bacteria,Pseudomonadota,Gammaproteobacteria,Kangiellales,Kangiellaceae,Kangiella,Kangiellakoreensis,C7R9C8,Kkor_0599,Kangiellakoreensis(strainDSM16069/JCM12317/KCTC12182/SW-125),495,,WP_012800533.1;,C7R9C8;,
D5U0R9_THEAM,Rhomboid family protein,Peptidase S54 family,Archaea,Thermoproteati,Thermoproteota,Thermoprotei,Desulfurococcales,Desulfurococcaceae,Thermosphaera,Thermosphaeraaggregans,D5U0R9,Tagg_0444,Thermosphaeraaggregans(strainDSM11486/M11TL),447,,WP_013129312.1;,D5U0R9;,
S0JKW2_9ENTE,Peptidase S54 rhomboid domain-containing protein,Peptidase S54 family,Bacteria,Bacillati,Bacillota,Bacilli,Lactobacillales,Enterococcaceae,Enterococcus,Enterococcussaccharolyticussubsp.saccharolyticus,S0JKW2,OMQ_01672,Enterococcussaccharolyticussubsp.saccharolyticusATCC43076,229,,WP_016175463.1;,S0JKW2;,
A8HNC7_CHLRE,Peptidase S54 rhomboid domain-containing protein,Peptidase S54 family,Eukaryota,Viridiplantae,Chlorophyta,Chlorophyceae,Chlamydomonadales,Chlamydomonadaceae,Chlamydomonas,,A8HNC7,CHLRE_01g050350v5,Chlamydomonasreinhardtii(Chlamydomonassmithii),394,,XP_001690243.1;,A8HNC7;,
J7QLA1_METSZ,Peptidase S54 rhomboid domain-containing protein,Peptidase S54 family,Bacteria,Bacteria,Pseudomonadota,unclassifiedMethylocystis,Hyphomicrobiales,Methylocystaceae,Methylocystis,,J7QLA1,BN69_0387,Methylocystissp.(strainSC2),496,,WP_014889872.1;,J7QLA1;,
C3PIN9_CORA7,Putative membrane protein,,Bacteria,Bacillati,Actinomycetota,Actinomycetes,Mycobacteriales,Corynebacteriaceae,Corynebacterium,Corynebacteriumaurimucosum,C3PIN9,cauri_2100,Corynebacteriumaurimucosum(strainATCC700975/DSM44827/CIP107346/CN-1)(Corynebacteriumnigricans),240,,WP_012715271.1;,C3PIN9;,
Q2CBQ0_OCEGH,Rhomboid family protein,Peptidase S54 family,Bacteria,Bacteria,Pseudomonadota,Alphaproteobacteria,Rhodobacterales,Roseobacteraceae,Oceanicola,Oceanicolagranulosus,Q2CBQ0,OG2516_06409,Oceanicolagranulosus(strainATCCBAA-861/DSM15982/KCTC12143/HTCC2516),262,,WP_007254808.1;,Q2CBQ0;,
K0CIN3_ALCDB,"Peptidase, S54 (Rhomboid) family, putative",Peptidase S54 family,Bacteria,Bacteria,Pseudomonadota,Gammaproteobacteria,Oceanospirillales,Alcanivoracaceae,Alloalcanivorax,Alloalcanivoraxdieselolei,K0CIN3,B5T_03320,Alcanivoraxdieselolei(strainDSM16502/CGMCC1.3690/MCCC1A00001/B-5)(Alloalcanivoraxdieselolei),274,,WP_014995649.1;,K0CIN3;,
D2R7K3_PIRSD,Rhomboid family protein,Peptidase S54 family,Bacteria,Bacteria,Planctomycetota,Planctomycetia,Pirellulales,Pirellulaceae,Pirellula,Pirellulastaleyi,D2R7K3,Psta_2763,Pirellulastaleyi(strainATCC27377/DSM6068/ICPB4128)(Pirellastaleyi),346,,WP_012911691.1;,D2R7K3;,
H8XVT1_FLAIG,Rhomboid family protein,Peptidase S54 family,Bacteria,Bacteria,Bacteroidota,Flavobacteriia,Flavobacteriales,Flavobacteriaceae,Flavobacterium,Flavobacteriumindicum,H8XVT1,KQS_10595,Flavobacteriumindicum(strainDSM17447/CIP109464/GPTSA100-9),268,,WP_014389163.1;,H8XVT1;,
E4TL13_MARTH,Rhomboid family protein,,Bacteria,Bacteria,Bacteroidota,Cytophagia,Cytophagales,Marivirgaceae,Marivirga,Marivirgatractuosa,E4TL13,Ftrac_3316,Marivirgatractuosa(strainATCC23168/DSM4126/NBRC15989/NCIMB1408/VKMB-1430/H-43)(Microscillatractuosa)(Flexibactertractuosus),302,,WP_013455432.1;,E4TL13;,
L0F8I1_DESDL,Putative membrane protein,Peptidase S54 family,Bacteria,Bacillati,Bacillota,Clostridia,Eubacteriales,Desulfitobacteriaceae,Desulfitobacterium,Desulfitobacteriumdichloroeliminans,L0F8I1,Desdi_1896,Desulfitobacteriumdichloroeliminans(strainLMGP-21439/DCA1),321,,,L0F8I1;,
L0IE11_HALRX,Putative membrane protein,,Archaea,Methanobacteriati,Methanobacteriota,Halobacteria,Halobacteriales,Natrialbaceae,Halovivax,Halovivaxruber,L0IE11,Halru_2417,Halovivaxruber(strainDSM18193/JCM13892/XH-70),201,,,L0IE11;,
D3F216_CONWI,Rhomboid family protein,Peptidase S54 family,Bacteria,Bacillati,Actinomycetota,Thermoleophilia,Solirubrobacterales,Conexibacteraceae,Conexibacter,Conexibacterwoesei,D3F216,Cwoe_1764,Conexibacterwoesei(strainDSM14684/CCUG47730/CIP108061/JCM11494/NBRC100937/ID131577),274,,,D3F216;,
Q8F6T2_LEPIN,Intramembrane serine protease,Peptidase S54 family,Bacteria,Bacteria,Spirochaetota,Spirochaetia,Leptospirales,Leptospiraceae,Leptospira,Leptospirainterrogans,Q8F6T2,glpGLA_1219,LeptospirainterrogansserogroupIcterohaemorrhagiaeserovarLai(strain56601),272,,NP_711400.2;WP_000145885.1;,Q8F6T2;,
A0A0G3UKL5_9ACTN,Rhomboid family protein,Peptidase S54 family,Bacteria,Bacillati,Actinomycetota,unclassifiedStreptomyces,Kitasatosporales,Streptomycetaceae,Streptomyces,,A0A0G3UKL5,M444_17875,Streptomycessp.Mg1,290,,WP_037797881.1;,A0A0G3UKL5;,
F8JSE3_STREN,Peptidase S54 rhomboid domain-containing protein,Peptidase S54 family,Bacteria,Bacillati,Actinomycetota,Actinomycetes,Kitasatosporales,Streptomycetaceae,Streptantibioticus,Streptantibioticuscattleyicolor,F8JSE3,SCATT_30890,Streptantibioticuscattleyicolor(strainATCC35852/DSM46488/JCM4925/NBRC14057/NRRL8057)(Streptomycescattleya),282,,WP_014143832.1;,F8JSE3;,
R4VF65_9GAMM,Rhomboid family protein,Peptidase S54 family,Bacteria,Bacteria,Pseudomonadota,Gammaproteobacteria,Chromatiales,Ectothiorhodospiraceae,Spiribacter,Spiribactersalinus,R4VF65,SPISAL_04010,SpiribactersalinusM19-40,220,,,R4VF65;,
R5TJY9_9CLOT,,,,,,,,,,,R5TJY9,,,,,,,
V4KBF9_9ACTN,,,,,,,,,,,V4KBF9,,,,,,,
R4W8K8_9EURY,Rhomboid family protein,Peptidase S54 family,Archaea,Methanobacteriati,Methanobacteriota,unclassifiedSalinarchaeum,Halobacteriales,Natronoarchaeaceae,Salinarchaeum,,R4W8K8,L593_09765,Salinarchaeumsp.Harcht-Bsk1,203,,WP_020446792.1;,R4W8K8;,
C2BFS7_9FIRM,"Peptidase, S54 family (EC 3.4.21.-)",Peptidase S54 family,Bacteria,Bacillati,Bacillota,Tissierellia,Tissierellales,Peptoniphilaceae,Anaerococcus,Anaerococcuslactolyticus,C2BFS7,HMPREF0072_1197,AnaerococcuslactolyticusATCC51172,227,3.4.21.-,WP_004829779.1;,C2BFS7;,
Q8XR63_RALN1,Uncharacterized membrane transmembrane protein,,Bacteria,Bacteria,Pseudomonadota,Betaproteobacteria,Burkholderiales,Burkholderiaceae,Ralstonia,Ralstoniapseudosolanacearum,Q8XR63,RSp0998,Ralstonianicotianae(strainATCCBAA-1114/GMI1000)(Ralstoniasolanacearum),197,,WP_011004288.1;,Q8XR63;,
D4C2G3_PRORE,,,,,,,,,,,D4C2G3,,,,,,,
Q8Y7E6_LISMO,Lmo1337 protein,Peptidase S54 family,Bacteria,Bacillati,Bacillota,Bacilli,Bacillales,Listeriaceae,Listeria,Listeriamonocytogenes,Q8Y7E6,lmo1337,Listeriamonocytogenesserovar1/2a(strainATCCBAA-679/EGD-e),512,,NP_464862.1;WP_010990098.1;,Q8Y7E6;,
J7LHG7_NOCAA,Rhomboid family protein,Peptidase S54 family,Bacteria,Bacillati,Actinomycetota,Actinomycetes,Streptosporangiales,Nocardiopsidaceae,Nocardiopsis,Nocardiopsisalba,J7LHG7,B005_2307,Nocardiopsisalba(strainATCCBAA-2165/BE74),204,,WP_014912491.1;,J7LHG7;,
A0A0G1DEE5_9BACT,Rhomboid family protein,,Bacteria,Bacteria,CandidatusGottesmanbacteria,,,,,,A0A0G1DEE5,UV73_C0012G0020,CandidatusGottesmanbacteriabacteriumGW2011_GWA2_43_14,224,,,A0A0G1DEE5;,
R5TUT8_MEDGN,Peptidase S54 rhomboid domain-containing protein,Peptidase S54 family,Bacteria,Bacillati,Bacillota,Clostridia,Lachnospirales,Lachnospiraceae,Mediterraneibacter,Mediterraneibactergnavus,R5TUT8,BN481_02267,MediterraneibactergnavusCAG:126,200,,,R5TUT8;,
M4VBL5_9BACT,Putative integral membrane protein,,Bacteria,Bacteria,Bdellovibrionota,Bdellovibrionia,Bdellovibrionales,Pseudobdellovibrionaceae,Pseudobdellovibrio,Pseudobdellovibrioexovorus,M4VBL5,A11Q_1659,PseudobdellovibrioexovorusJSS,315,,WP_015470365.1;,M4VBL5;,
D9VHH0_9ACTN,,,,,,,,,,,D9VHH0,,,,,,,
A0A0N0E7X5_9HYPH,Peptidase S54 rhomboid domain-containing protein,,Bacteria,Bacteria,Pseudomonadota,Alphaproteobacteria,Hyphomicrobiales,Ahrensiaceae,Ahrensia,,A0A0N0E7X5,SU32_06895,Ahrensiamarina,238,,WP_053998627.1;,A0A0N0E7X5;,
A0A0N1H6G2_9EURO,Rhomboid-type serine protease (EC 3.4.21.105),Peptidase S54 family,Eukaryota,Dikarya,Pezizomycotina,Chaetothyriomycetidae,Chaetothyriales,Cyphellophoraceae,Cyphellophora,,A0A0N1H6G2,AB675_12123,Cyphellophoraattinorum,537,3.4.21.105,XP_017998258.1;,A0A0N1H6G2;,
A0A0M9ZDS2_9ACTN,Membrane protein,,Bacteria,Bacillati,Actinomycetota,unclassifiedStreptomyces,Kitasatosporales,Streptomycetaceae,Streptomyces,,A0A0M9ZDS2,ADL00_44250,Streptomycessp.AS58,243,,WP_053764009.1;,A0A0M9ZDS2;,
A0A0A8EQ16_9ACTN,Peptidase S54 rhomboid domain-containing protein,,Bacteria,Bacillati,Actinomycetota,unclassifiedStreptomyces,Kitasatosporales,Streptomycetaceae,Streptomyces,,A0A0A8EQ16,GZL_04975,Streptomycessp.769,189,,,A0A0A8EQ16;,
F2LGD7_BURGS,Rhomboid-like protein,Peptidase S54 family,Bacteria,Bacteria,Pseudomonadota,Betaproteobacteria,Burkholderiales,Burkholderiaceae,Burkholderia,Burkholderiagladioli,F2LGD7,bgla_1g37630,Burkholderiagladioli(strainBSR3),553,,WP_013699680.1;,F2LGD7;,
Q48AM2_COLP3,Putative glpG protein,Peptidase S54 family,Bacteria,Bacteria,Pseudomonadota,Gammaproteobacteria,Alteromonadales,Colwelliaceae,Colwellia,Colwelliapsychrerythraea,Q48AM2,CPS_0123,Colwelliapsychrerythraea(strain34H/ATCCBAA-681)(Vibriopsychroerythus),295,,,Q48AM2;,
I0GJ78_CALEA,,,,,,,,,,,I0GJ78,,,,,,,
E3FIM0_STIAD,"Peptidase, S54 (Rhomboid) family (EC 3.4.21.-)",,Bacteria,Bacteria,Myxococcota,Myxococcia,Cystobacterineae,Archangiaceae,Stigmatella,Stigmatellaaurantiaca,E3FIM0,STAUR_7612,Stigmatellaaurantiaca(strainDW4/3-1),257,3.4.21.-,WP_013377932.1;,E3FIM0;,
C5C836_MICLC,Uncharacterized membrane protein,Peptidase S54 family,Bacteria,Bacillati,Actinomycetota,Actinomycetes,Micrococcales,Micrococcaceae,Micrococcus,Micrococcusluteus,C5C836,Mlut_00720,Micrococcusluteus(strainATCC4698/DSM20030/JCM1464/CCM169/CCUG5858/IAM1056/NBRC3333/NCIMB9278/NCTC2665/VKMAc-2230)(Micrococcuslysodeikticus),313,,,C5C836;,
A0A068NZ37_FIMGI,Rhomboid family protein,Peptidase S54 family,Bacteria,Bacillati,Armatimonadota,Fimbriimonadia,Fimbriimonadales,Fimbriimonadaceae,Fimbriimonas,Fimbriimonasginsengisoli,A0A068NZ37,OP10G_4526,FimbriimonasginsengisoliGsoil348,306,,,A0A068NZ37;,
K4KJX3_SIMAS,Integral membrane protein,Peptidase S54 family,Bacteria,Bacteria,Pseudomonadota,Gammaproteobacteria,Cellvibrionales,Cellvibrionaceae,Simiduia,Simiduiaagarivorans,K4KJX3,M5M_11410,Simiduiaagarivorans(strainDSM21679/JCM13881/BCRC17597/SA1),473,,WP_015047623.1;,K4KJX3;,
Q26BW5_FLABB,Putative transmembrane rhomboid family protein,Peptidase S54 family,Bacteria,Bacteria,Bacteroidota,unclassifiedFlavobacteriia,,,,,Q26BW5,BBFL7_00595,Flavobacteriabacterium(strainBBFL7),287,,,Q26BW5;,
F7YQ51_VIBA7,,,,,,,,,,,F7YQ51,,,,,,,
R6QU26_9FIRM,Rhomboid family protein,Peptidase S54 family,Bacteria,Bacillati,Bacillota,Clostridia,Lachnospirales,Lachnospiraceae,Butyrivibrio,,R6QU26,BN606_01926,Butyrivibriosp.CAG:318,321,,,R6QU26;,
A0A078L3I7_9GAMM,Rhomboid family protein,Peptidase S54 family,Bacteria,Bacteria,Pseudomonadota,Gammaproteobacteria,Legionellales,Legionellaceae,Legionella,,A0A078L3I7,BN59_03001,Legionellamassiliensis,198,,WP_044011804.1;,A0A078L3I7;,
Q8EQ06_OCEIH,Hypothetical conserved protein,Peptidase S54 family,Bacteria,Bacillati,Bacillota,Bacilli,Bacillales,Bacillaceae,Oceanobacillus,Oceanobacillusiheyensis,Q8EQ06,OB1923,Oceanobacillusiheyensis(strainDSM14371/CIP107618/JCM11309/KCTC3954/HTE831),518,,WP_011066320.1;,Q8EQ06;,
A0A0B1YAV9_9BACI,,,,,,,,,,,A0A0B1YAV9,,,,,,,
F8L3R2_SIMNZ,Rhomboid protease GlpG,Peptidase S54 family,Bacteria,Bacteria,Chlamydiota,Chlamydiia,Parachlamydiales,Simkaniaceae,Simkania,Simkanianegevensis,F8L3R2,glpG-ASNE_A20500,Simkanianegevensis(strainATCCVR-1471/DSM27360/Z),163,3.4.21.105,,F8L3R2;,
R7C7Z7_9CLOT,Putative small hydrophobic molecule transporter protein,Peptidase S54 family,Bacteria,Bacillati,Bacillota,unclassifiedClostridium,Eubacteriales,Clostridiaceae,Clostridium,,R7C7Z7,BN737_02052,Clostridiumsp.CAG:62,202,,,R7C7Z7;,
I7LEH1_9LACO,Putative membrane protein,,Bacteria,Bacillati,Bacillota,Bacilli,Lactobacillales,Lactobacillaceae,Lactobacillus,Lactobacilluspasteurii,I7LEH1,BN53_06710,LactobacilluspasteuriiDSM23907=CRBIP24.76,240,,WP_009560334.1;,I7LEH1;,
R4YLU0_OLEAN,Rhomboid protease (EC 3.4.21.105),,Bacteria,Bacteria,Pseudomonadota,Gammaproteobacteria,Oceanospirillales,Oceanospirillaceae,Oleispira,Oleispiraantarctica,R4YLU0,glpGOLEAN_C15310,OleispiraantarcticaRB-8,304,3.4.21.105,,R4YLU0;,
A0A0M2JPL5_9ACTN,,,,,,,,,,,A0A0M2JPL5,,,,,,,
W0F0K3_9BACT,Protease,Peptidase S54 family,Bacteria,Bacteria,Bacteroidota,Chitinophagia,Chitinophagales,Chitinophagaceae,Niabella,Niabellasoli,W0F0K3,NIASO_07030,NiabellasoliDSM19437,212,,WP_008585050.1;,W0F0K3;,
A6CFR5_9PLAN,,,,,,,,,,,A6CFR5,,,,,,,
A0A0M2PN88_9BACI,Peptidase S54 rhomboid domain-containing protein,Peptidase S54 family,Bacteria,Bacillati,Bacillota,unclassifiedBacillus,Bacillales,Bacillaceae,Bacillus,,A0A0M2PN88,WQ54_10310,Bacillussp.SA1-12,240,,,A0A0M2PN88;,
R5M0D9_9MOLU,Rhomboid protease,Peptidase S54 family,Bacteria,Bacillati,Mycoplasmatota,unclassifiedMycoplasma,Mycoplasmatales,Mycoplasmataceae,Mycoplasma,,R5M0D9,BN801_00101,Mycoplasmasp.CAG:877,383,,,R5M0D9;,
E0SJU4_DICD3,Rhomboid protease GlpG,Peptidase S54 family,Bacteria,Bacteria,Pseudomonadota,Gammaproteobacteria,Enterobacterales,Pectobacteriaceae,Dickeya,Dickeyadadantii,E0SJU4,glpGDda3937_00344,Dickeyadadantii(strain3937)(Erwiniachrysanthemi(strain3937)),274,3.4.21.105,WP_013319781.1;,E0SJU4;,
B4VKF6_9CYAN,"Peptidase, S54 (Rhomboid) family",Peptidase S54 family,Bacteria,Bacillati,Cyanobacteriota,Cyanophyceae,Coleofasciculales,Coleofasciculaceae,Coleofasciculus,Coleofasciculuschthonoplastes,B4VKF6,MC7420_3005,ColeofasciculuschthonoplastesPCC7420,243,,WP_006098942.1;,B4VKF6;,
J3M0I5_ORYBR,RHOMBOID-like protein (EC 3.4.21.105),Peptidase S54 family,Eukaryota,Viridiplantae,Streptophytina,Petrosaviidae,Poales,Oryzoideae,Oryza,,J3M0I5,,Oryzabrachyantha(malosina),398,3.4.21.105,XP_006652659.2;XP_015692284.1;,J3M0I5;,
M1LX73_9CLOT,Rhomboid protease GluP (EC 3.4.21.105),Peptidase S54 family,Bacteria,Bacillati,Bacillota,Clostridia,Eubacteriales,Clostridiaceae,Clostridium,Clostridiumsaccharoperbutylacetonicum,M1LX73,gluP1Cspa_c40870,ClostridiumsaccharoperbutylacetonicumN1-4(HMT),512,3.4.21.105,WP_015394151.1;,M1LX73;,
A0A0A7EFS2_9GAMM,GlpG protein,Peptidase S54 family,Bacteria,Bacteria,Pseudomonadota,Gammaproteobacteria,Alteromonadales,Pseudoalteromonadaceae,Pseudoalteromonas,,A0A0A7EFS2,OM33_06580,Pseudoalteromonaspiratica,275,,WP_038640200.1;,A0A0A7EFS2;,
D7C8W7_STRBB,Peptidase S54 rhomboid domain-containing protein,Peptidase S54 family,Bacteria,Bacillati,Actinomycetota,Actinomycetes,Kitasatosporales,Streptomycetaceae,Streptomyces,Streptomycesbingchenggensis,D7C8W7,SBI_05398,Streptomycesbingchenggensis(strainBCW-1),295,,WP_014177982.1;,D7C8W7;,
G7UW59_PSEUP,Rhomboid family protein,Peptidase S54 family,Bacteria,Bacteria,Pseudomonadota,Gammaproteobacteria,Lysobacterales,Lysobacteraceae,Pseudoxanthomonas,Pseudoxanthomonasspadix,G7UW59,DSC_15365,Pseudoxanthomonasspadix(strainBD-a59),230,,WP_014161889.1;,G7UW59;,
W6RYX5_9HYPH,Putative conserved protein,Peptidase S54 family,Bacteria,Bacteria,Pseudomonadota,Alphaproteobacteria,Hyphomicrobiales,Rhizobiaceae,Rhizobium,,W6RYX5,LPU83_3809,Rhizobiumfavelukesii,262,,WP_024317002.1;,W6RYX5;,
W8ETJ1_9BACT,Uncharacterized protein,Peptidase S54 family,Bacteria,Bacteria,Bacteroidota,Cytophagia,Cytophagales,Hymenobacteraceae,Hymenobacter,Hymenobacterswuensis,W8ETJ1,Hsw_0854,HymenobacterswuensisDY53,298,,WP_044001167.1;,W8ETJ1;,
A0A097R7C4_HAFAL,Rhomboid protease GlpG,Peptidase S54 family,Bacteria,Bacteria,Pseudomonadota,Gammaproteobacteria,Enterobacterales,Hafniaceae,Hafnia,Hafniaalvei,A0A097R7C4,glpGAT03_20790,HafniaalveiFB1,278,3.4.21.105,WP_025799368.1;,A0A097R7C4;,
Q1JWY2_DESA6,Peptidase S54 rhomboid domain-containing protein,,Bacteria,Bacteria,Thermodesulfobacteriota,Desulfuromonadia,Desulfuromonadales,Desulfuromonadaceae,Desulfuromonas,Desulfuromonasacetoxidans,Q1JWY2,Dace_0830,Desulfuromonasacetoxidans(strainDSM684/11070),210,,WP_006002141.1;,Q1JWY2;,
A8MI54_ALKOO,Rhomboid family protein,,Bacteria,Bacillati,Bacillota,Clostridia,Peptostreptococcales,Natronincolaceae,Alkaliphilus,Alkaliphilusoremlandii,A8MI54,Clos_1948,Alkaliphilusoremlandii(strainOhILAs)(Clostridiumoremlandii(strainOhILAs)),189,,WP_012159798.1;,A8MI54;,
Q2SDI3_HAHCH,Uncharacterized membrane protein,Peptidase S54 family,Bacteria,Bacteria,Pseudomonadota,Gammaproteobacteria,Oceanospirillales,Hahellaceae,Hahella,Hahellachejuensis,Q2SDI3,HCH_04590,Hahellachejuensis(strainKCTC2396),296,,WP_011398356.1;,Q2SDI3;,
E1Z519_CHLVA,Peptidase S54 rhomboid domain-containing protein,Peptidase S54 family,Eukaryota,Viridiplantae,Chlorophyta,Trebouxiophyceae,Chlorellales,Chlorellaceae,Chlorella,,E1Z519,CHLNCDRAFT_138007,Chlorellavariabilis(Greenalga),247,,XP_005851257.1;,E1Z519;,
B1W0Q4_STRGG,Membrane protein,Peptidase S54 family,Bacteria,Bacillati,Actinomycetota,Actinomycetes,Kitasatosporales,Streptomycetaceae,Streptomyces,Streptomycesgriseussubsp.griseus,B1W0Q4,SGR_5485,Streptomycesgriseussubsp.griseus(strainJCM4626/CBS651.72/NBRC13350/KCCS-0626/ISP5235),303,,WP_012381341.1;,B1W0Q4;,
A0A024VHB8_PLAFA,Rhomboid-like protease (EC 3.4.21.105),Peptidase S54 family,Eukaryota,Eukaryota,Apicomplexa,Aconoidasida,Haemosporida,Plasmodiidae,Plasmodium,Plasmodiumfalciparum,A0A024VHB8,PFFCH_04465,PlasmodiumfalciparumFCH/4,648,3.4.21.105,,A0A024VHB8;,
M7SE70_EUTLA,Rhomboid-type serine protease (EC 3.4.21.105),Peptidase S54 family,Eukaryota,Dikarya,Pezizomycotina,Xylariomycetidae,Xylariales,Diatrypaceae,Eutypa,Eutypalata,M7SE70,UCREL1_8512,Eutypalata(strainUCR-EL1)(Grapevinediebackdiseasefungus)(Eutypaarmeniacae),555,3.4.21.105,XP_007796379.1;,M7SE70;,
Q8EE84_SHEON,Rhombosortase,,Bacteria,Bacteria,Pseudomonadota,Gammaproteobacteria,Alteromonadales,Shewanellaceae,Shewanella,Shewanellaoneidensis,Q8EE84,SO_2504,Shewanellaoneidensis(strainATCC700550/JCM31522/CIP106686/LMG19005/NCIMB14063/MR-1),204,,NP_718091.1;WP_011072468.1;,Q8EE84;,
C1EAR4_MICCC,Peptidase S54 rhomboid domain-containing protein,Peptidase S54 family,Eukaryota,Viridiplantae,Chlorophyta,Mamiellophyceae,Mamiellales,Mamiellaceae,Micromonas,,C1EAR4,MICPUN_72121,Micromonascommoda(strainRCC299/NOUM17/CCMP2709)(Picoplanktonicgreenalga),183,,XP_002503990.1;,C1EAR4;,
D8LCG2_ECTSI,Peptidase S54 rhomboid domain-containing protein,Peptidase S54 family,Eukaryota,Eukaryota,,Phaeophyceae,Ectocarpales,Ectocarpaceae,Ectocarpus,,D8LCG2,Esi_0103_0048,Ectocarpussiliculosus(Brownalga)(Confervasiliculosa),305,,,D8LCG2;,
C8PAE4_9LACO,"Peptidase, S54 family (EC 3.4.21.-)",Peptidase S54 family,Bacteria,Bacillati,Bacillota,Bacilli,Lactobacillales,Lactobacillaceae,Lactobacillus,Lactobacillusiners,C8PAE4,HMPREF0520_0064,LactobacillusinersDSM13335,232,3.4.21.-,WP_006729880.1;,C8PAE4;,
A1USB8_BARBK,"Peptidase, S54 family (EC 3.4.21.-)",Peptidase S54 family,Bacteria,Bacteria,Pseudomonadota,Alphaproteobacteria,Hyphomicrobiales,Bartonellaceae,Bartonella,Bartonellabacilliformis,A1USB8,BARBAKC583_0559,"Bartonellabacilliformis(strainATCC35685/KC583/Herrer020/F12,63)",240,3.4.21.-,WP_005766704.1;,A1USB8;,
A0A088AC89_APIME,,,,,,,,,,,A0A088AC89,,,,,,,
A0A077KEM3_9FLAO,Rhomboid family protein,Peptidase S54 family,Bacteria,Bacteria,Bacteroidota,unclassifiedChryseobacterium,Flavobacteriales,Weeksellaceae,Chryseobacterium,,A0A077KEM3,CHSO_0616,Chryseobacteriumsp.StRB126,262,,,A0A077KEM3;,
A0A0F6YJV2_9BACT,Rhomboid family protein,Peptidase S54 family,Bacteria,Bacteria,Myxococcota,Polyangia,Polyangiales,Sandaracinaceae,Sandaracinus,,A0A0F6YJV2,DB32_004612,Sandaracinusamylolyticus,272,,,A0A0F6YJV2;,
Q11Z56_CYTH3,,,,,,,,,,,Q11Z56,,,,,,,
A5GJW3_SYNPW,Uncharacterized conserved membrane protein,,Bacteria,Bacillati,Cyanobacteriota,unclassifiedSynechococcus,Synechococcales,Synechococcaceae,Synechococcus,,A5GJW3,SynWH7803_0802,Synechococcussp.(strainWH7803),173,,,A5GJW3;,
H1XYS7_CALAY,"Membrane associated serine protease, rhomboid family (Rhomboid family protein)",Peptidase S54 family,Bacteria,Bacteria,Calditrichota,Calditrichia,Calditrichales,Calditrichaceae,Caldithrix,Caldithrixabyssi,H1XYS7,Cabys_3796Calab_1321,CaldithrixabyssiDSM13497,220,,WP_006928023.1;,H1XYS7;,
W9VJA9_9EURO,Rhomboid-type serine protease (EC 3.4.21.105),Peptidase S54 family,Eukaryota,Dikarya,Pezizomycotina,Chaetothyriomycetidae,Chaetothyriales,Herpotrichiellaceae,Cladophialophora,Cladophialophorayegresii,W9VJA9,A1O7_08511,CladophialophorayegresiiCBS114405,552,3.4.21.105,XP_007760693.1;,W9VJA9;,
A3JNS9_9RHOB,Rhomboid family protein,Peptidase S54 family,Bacteria,Bacteria,Pseudomonadota,unclassifiedParacoccaceae,Rhodobacterales,Paracoccaceae,,,A3JNS9,RB2150_14846,RhodobacteraceaebacteriumHTCC2150,215,,,A3JNS9;,
A3ZWU8_9BACT,Probable glpG protein,Peptidase S54 family,Bacteria,Bacteria,Planctomycetota,Planctomycetia,Pirellulales,Pirellulaceae,Blastopirellula,Blastopirellulamarina,A3ZWU8,DSM3645_13950,BlastopirellulamarinaDSM3645,312,,WP_002650688.1;,A3ZWU8;,
M5G5M7_DACPD,Rhomboid-type serine protease (EC 3.4.21.105),Peptidase S54 family,Eukaryota,Dikarya,Agaricomycotina,Dacrymycetes,Dacrymycetales,Dacrymycetaceae,Dacryopinax,,M5G5M7,DACRYDRAFT_53417,Dacryopinaxprimogenitus(strainDJM731)(Brownrotfungus),338,3.4.21.105,,M5G5M7;,
W9S0J1_9ROSA,RHOMBOID-like protein (EC 3.4.21.105),Peptidase S54 family,Eukaryota,Viridiplantae,Streptophytina,Magnoliopsida,Rosales,Moraceae,Morus,,W9S0J1,L484_021504,Morusnotabilis,390,3.4.21.105,XP_010105849.1;,W9S0J1;,
A6X099_BRUA4,Rhomboid family protein,Peptidase S54 family,Bacteria,Bacteria,Pseudomonadota,Alphaproteobacteria,Hyphomicrobiales,Brucellaceae,Brucella,Brucellaanthropi,A6X099,Oant_1937,Brucellaanthropi(strainATCC49188/DSM6882/CCUG24695/JCM21032/LMG3331/NBRC15819/NCTC12168/Alc37)(Ochrobactrumanthropi),226,,,A6X099;,
F0YI06_AURAN,Peptidase S54 rhomboid domain-containing protein,Peptidase S54 family,Eukaryota,Eukaryota,,Pelagophyceae,Pelagomonadales,Pelagomonadaceae,Aureococcus,,F0YI06,AURANDRAFT_66553,Aureococcusanophagefferens(Harmfulbloomalga),1018,,XP_009039971.1;,F0YI06;,
A0A090IVB4_9BACI,Serine protease of Rhomboid family,Peptidase S54 family,Bacteria,Bacillati,Bacillota,Bacilli,Bacillales,Bacillaceae,Caldibacillus,,A0A090IVB4,BT1A1_2210,Caldibacillusthermoamylovorans,390,,WP_034771050.1;,A0A090IVB4;,
F3ZHN0_9ACTN,Peptidase S54 rhomboid domain-containing protein,Peptidase S54 family,Bacteria,Bacillati,Actinomycetota,unclassifiedStreptomyces,Kitasatosporales,Streptomycetaceae,Streptomyces,,F3ZHN0,STTU_2686,Streptomycessp.Tu6071,1054,,,F3ZHN0;,
F8L0G1_PARAV,Peptidase S54 rhomboid domain-containing protein,Peptidase S54 family,Bacteria,Bacteria,Chlamydiota,Chlamydiia,Parachlamydiales,Parachlamydiaceae,Parachlamydia,Parachlamydiaacanthamoebae,F8L0G1,PUV_17470,Parachlamydiaacanthamoebae(strainUV7),215,,WP_006341090.1;,F8L0G1;,
I3IBG8_9GAMM,Rhomboid family protein,Peptidase S54 family,Bacteria,Bacteria,Pseudomonadota,unclassifiedCellvibrio,Cellvibrionales,Cellvibrionaceae,Cellvibrio,,I3IBG8,O59_002081,Cellvibriosp.BR,290,,WP_007641895.1;,I3IBG8;,
D7CST0_TRURR,Rhomboid family protein,,Bacteria,Bacteria,Deinococcota,Deinococci,Trueperales,Trueperaceae,Truepera,Trueperaradiovictrix,D7CST0,Trad_0561,Trueperaradiovictrix(strainDSM17093/CIP108686/LMG22925/RQ-24),517,,WP_013177077.1;,D7CST0;,
U2EIN5_9GAMM,Transmembrane rhomboid family protein,Peptidase S54 family,Bacteria,Bacteria,Pseudomonadota,Gammaproteobacteria,Salinisphaerales,Salinisphaeraceae,Salinisphaera,Salinisphaerashabanensis,U2EIN5,SSPSH_002984,SalinisphaerashabanensisE1L3A,560,,,U2EIN5;,
Q6AHM4_LEIXX,Rhomboid family membrane protein,Peptidase S54 family,Bacteria,Bacillati,Actinomycetota,Actinomycetes,Micrococcales,Microbacteriaceae,Leifsonia,Leifsoniaxylisubsp.xyli,Q6AHM4,yggPLxx00170,Leifsoniaxylisubsp.xyli(strainCTCB07),285,,,Q6AHM4;,
S0KU75_ENTAV,,,,,,,,,,,S0KU75,,,,,,,
A6DS41_9BACT,Rhomboid-like protein,Peptidase S54 family,Bacteria,Bacteria,Lentisphaerota,Lentisphaeria,Lentisphaerales,Lentisphaeraceae,Lentisphaera,Lentisphaeraaraneosa,A6DS41,LNTAR_23569,LentisphaeraaraneosaHTCC2155,454,,WP_007280657.1;,A6DS41;,
B4S6S3_PROA2,Rhomboid family protein,,Bacteria,Bacteria,Chlorobiota,Chlorobiia,Chlorobiales,Chlorobiaceae,Prosthecochloris,Prosthecochlorisaestuarii,B4S6S3,Paes_2277,Prosthecochlorisaestuarii(strainDSM271/SK413),283,,WP_012506808.1;,B4S6S3;,
U7FR85_9HYPH,,,,,,,,,,,U7FR85,,,,,,,
R6APT9_9CLOT,,,,,,,,,,,R6APT9,,,,,,,
G5I9M8_9FIRM,Peptidase S54 rhomboid domain-containing protein,,Bacteria,Bacillati,Bacillota,Clostridia,Lachnospirales,Lachnospiraceae,Hungatella,Hungatellahathewayi,G5I9M8,HMPREF9473_00218,HungatellahathewayiWAL-18680,206,,WP_006778200.1;,G5I9M8;,
A0A0B4XLZ6_9GAMM,Rhomboid family intramembrane serine protease,,Bacteria,Bacteria,Pseudomonadota,Gammaproteobacteria,Oceanospirillales,Alcanivoracaceae,Isoalcanivorax,Isoalcanivoraxpacificus,A0A0B4XLZ6,S7S_05775,IsoalcanivoraxpacificusW11-5,285,,WP_008737887.1;,A0A0B4XLZ6;,
R5BS05_9FIRM,,,,,,,,,,,R5BS05,,,,,,,
V5WNH3_9SPIO,Rhomboid family serine protease,Peptidase S54 family,Bacteria,Bacteria,Spirochaetota,Spirochaetia,Spirochaetales,Spirochaetaceae,Salinispira,,V5WNH3,L21SP2_3468,Salinispirapacifica,188,,,V5WNH3;,
A6DGT6_9BACT,Peptidase S54 rhomboid domain-containing protein,Peptidase S54 family,Bacteria,Bacteria,Lentisphaerota,Lentisphaeria,Lentisphaerales,Lentisphaeraceae,Lentisphaera,Lentisphaeraaraneosa,A6DGT6,LNTAR_23474,LentisphaeraaraneosaHTCC2155,406,,WP_007277123.1;,A6DGT6;,
A8JF94_CHLRE,,,,,,,,,,,A8JF94,,,,,,,
A9G238_SORC5,Peptidase S54 rhomboid domain-containing protein,Peptidase S54 family,Bacteria,Bacteria,Myxococcota,Polyangia,Polyangiales,Polyangiaceae,Sorangium,Sorangiumcellulosum,A9G238,sce2415,Sorangiumcellulosum(strainSoce56)(Polyangiumcellulosum(strainSoce56)),334,,WP_012235047.1;,A9G238;,
A0A0D9RBT0_CHLSB,Rhomboid domain containing 3,,Eukaryota,Metazoa,Craniata,Mammalia,Catarrhini,Cercopithecinae,Chlorocebus,,A0A0D9RBT0,RHBDD3,Chlorocebussabaeus(Greenmonkey)(Simiasabaea),386,,XP_007973498.1;XP_007973499.1;XP_007973500.1;,A0A0D9RBT0;,
A0A0E9LV22_9BACT,Rhomboid family protein,Peptidase S54 family,Bacteria,Bacteria,Bacteroidota,Bacteroidia,Marinilabiliales,Marinilabiliaceae,Geofilum,Geofilumrubicundum,A0A0E9LV22,JCM15548_11315,GeofilumrubicundumJCM15548,301,,WP_062123073.1;,A0A0E9LV22;,
Q3IHW2_PSET1,GlpG protein,Peptidase S54 family,Bacteria,Bacteria,Pseudomonadota,Gammaproteobacteria,Alteromonadales,Pseudoalteromonadaceae,Pseudoalteromonas,Pseudoalteromonastranslucida,Q3IHW2,PSHAa2313,Pseudoalteromonastranslucida(strainTAC125),274,,,Q3IHW2;,
Q39SP6_GEOMG,Rhomboid-related membrane protein,,Bacteria,Bacteria,Thermodesulfobacteriota,Desulfuromonadia,Geobacterales,Geobacteraceae,Geobacter,Geobactermetallireducens,Q39SP6,Gmet_2506,Geobactermetallireducens(strainATCC53774/DSM7210/GS-15),316,,WP_004514641.1;,Q39SP6;,
A0A0F5LSX1_9HYPH,"Membrane associated serine protease, rhomboid family",,Bacteria,Bacteria,Pseudomonadota,Alphaproteobacteria,Hyphomicrobiales,Devosiaceae,Devosia,Devosialimi,A0A0F5LSX1,SAMN02745223_03747VW29_06730,DevosialimiDSM17137,227,,WP_046134550.1;,A0A0F5LSX1;,
I4NAH7_9PSED,Putative transmembrane rhomboid family protein,Peptidase S54 family,Bacteria,Bacteria,Pseudomonadota,unclassifiedPseudomonas,Pseudomonadales,Pseudomonadaceae,Pseudomonas,,I4NAH7,PMM47T1_00465,Pseudomonassp.M47T1,181,,WP_008364735.1;,I4NAH7;,
M9RGJ4_9RHOB,Putative rhomboid protease,Peptidase S54 family,Bacteria,Bacteria,Pseudomonadota,Alphaproteobacteria,Rhodobacterales,Roseobacteraceae,Octadecabacter,Octadecabacterantarcticus,M9RGJ4,OAN307_c34350,Octadecabacterantarcticus307,246,,WP_015500898.1;,M9RGJ4;,
Q8CK09_STRCO,Membrane protein,Peptidase S54 family,Bacteria,Bacillati,Actinomycetota,Actinomycetes,Kitasatosporales,Streptomycetaceae,Streptomyces,Streptomycescoelicolor,Q8CK09,SCO2023SC3A3.01,Streptomycescoelicolor(strainATCCBAA-471/A3(2)/M145),285,,NP_733555.1;,Q8CK09;,
Q5GXN5_XANOR,Integral membrane protein,,Bacteria,Bacteria,Pseudomonadota,Gammaproteobacteria,Lysobacterales,Lysobacteraceae,Xanthomonas,Xanthomonasoryzae,Q5GXN5,GlpGXOO3282,Xanthomonasoryzaepv.oryzae(strainKACC10331/KXO85),260,,,Q5GXN5;,
A3ZSX4_9BACT,Uncharacterized protein,Peptidase S54 family,Bacteria,Bacteria,Planctomycetota,Planctomycetia,Pirellulales,Pirellulaceae,Blastopirellula,Blastopirellulamarina,A3ZSX4,DSM3645_11162,BlastopirellulamarinaDSM3645,300,,,A3ZSX4;,
Q8EI50_SHEON,Rhomboid protease (EC 3.4.21.105),Peptidase S54 family,Bacteria,Bacteria,Pseudomonadota,Gammaproteobacteria,Alteromonadales,Shewanellaceae,Shewanella,Shewanellaoneidensis,Q8EI50,SO_1000,Shewanellaoneidensis(strainATCC700550/JCM31522/CIP106686/LMG19005/NCIMB14063/MR-1),528,3.4.21.105,NP_716628.1;WP_011071266.1;,Q8EI50;,
I0A0N2_FERFK,"Peptidase, family S54",Peptidase S54 family,Archaea,Thermoproteati,Thermoproteota,Thermoprotei,Fervidicoccales,Fervidicoccaceae,Fervidicoccus,Fervidicoccusfontis,I0A0N2,FFONT_0549,Fervidicoccusfontis(strainDSM19380/JCM18336/VKMB-2539/Kam940),472,,,I0A0N2;,
A3J4Y7_9FLAO,Peptidase S54 rhomboid domain-containing protein,Peptidase S54 family,Bacteria,Bacteria,Bacteroidota,unclassifiedFlavobacteriales,Flavobacteriales,,,,A3J4Y7,FBBAL38_08480,FlavobacteriabacteriumBAL38,252,,,A3J4Y7;,
A3YVA5_9SYNE,Rhomboid family protein,,Bacteria,Bacillati,Cyanobacteriota,unclassifiedSynechococcus,Synechococcales,Synechococcaceae,Synechococcus,,A3YVA5,WH5701_14661,Synechococcussp.WH5701,215,,,A3YVA5;,
A0A0F0HLD0_9ACTN,Rhomboid family protein,Peptidase S54 family,Bacteria,Bacillati,Actinomycetota,unclassifiedStreptomyces,Kitasatosporales,Streptomycetaceae,Streptomyces,,A0A0F0HLD0,UK14_00295,Streptomycessp.NRRLF-4428,291,,WP_030031169.1;,A0A0F0HLD0;,
D8TD56_SELML,Peptidase S54 rhomboid domain-containing protein,Peptidase S54 family,Eukaryota,Viridiplantae,Streptophytina,Lycopodiopsida,Selaginellales,Selaginellaceae,Selaginella,,D8TD56,SELMODRAFT_431594,Selaginellamoellendorffii(Spikemoss),280,,XP_002993515.1;,D8TD56;,
A0A078M5Q2_9STAP,Rhomboid protease GluP,Peptidase S54 family,Bacteria,Bacillati,Bacillota,Bacilli,Bacillales,Staphylococcaceae,Jeotgalicoccus,,A0A078M5Q2,gluPBN1048_00782,Jeotgalicoccussaudimassiliensis,469,,WP_035808660.1;,A0A078M5Q2;,
A0A0G2HK47_9PEZI,Putative phosphatidylinositol phospholipase c,Peptidase S54 family,Eukaryota,Dikarya,Pezizomycotina,Sordariomycetidae,Diaporthales,Diaporthaceae,Diaporthe,,A0A0G2HK47,UCDDA912_g04611,Diaportheampelina,250,,,A0A0G2HK47;,
A8XT75_CAEBR,Protein CBR-ROM-1,Peptidase S54 family,Eukaryota,Metazoa,Nematoda,Chromadorea,Rhabditomorpha,Peloderinae,Caenorhabditis,,A8XT75,rom-1Cbr-rom-1CBG18183CBG_18183,Caenorhabditisbriggsae,356,,XP_002642209.1;,A8XT75;,
L0DJG3_SINAD,Putative membrane protein,,Bacteria,Bacteria,Planctomycetota,Planctomycetia,Isosphaerales,Isosphaeraceae,Singulisphaera,Singulisphaeraacidiphila,L0DJG3,Sinac_5376,Singulisphaeraacidiphila(strainATCCBAA-1392/DSM18658/VKMB-2454/MOB10),435,,WP_015248627.1;,L0DJG3;,
A1ZXZ5_MICM2,Rhomboid family protein,,Bacteria,Bacteria,Bacteroidota,Cytophagia,Cytophagales,Microscillaceae,Microscilla,Microscillamarina,A1ZXZ5,M23134_05534,MicroscillamarinaATCC23134,248,,WP_002704220.1;,A1ZXZ5;,
D7BI71_ALLS1,Rhomboid family protein,,Bacteria,Bacteria,Deinococcota,Deinococci,Thermales,Thermaceae,Allomeiothermus,Allomeiothermussilvanus,D7BI71,Mesil_0405,Allomeiothermussilvanus(strainATCC700542/DSM9946/NBRC106475/NCIMB13440/VI-R2)(Thermussilvanus),219,,WP_013156951.1;,D7BI71;,
E8X3B2_GRATM,Rhomboid family protein,,Bacteria,Bacteria,Acidobacteriota,Terriglobia,Terriglobales,Acidobacteriaceae,Granulicella,Granulicellatundricola,E8X3B2,AciX9_3407,Granulicellatundricola(strainATCCBAA-1859/DSM23138/MP5ACTX9),303,,,E8X3B2;,
Q5A3V1_CANAL,,,,,,,,,,,Q5A3V1,,,,,,,
L0IB34_HALRX,Putative membrane protein,,Archaea,Methanobacteriati,Methanobacteriota,Halobacteria,Halobacteriales,Natrialbaceae,Halovivax,Halovivaxruber,L0IB34,Halru_1346,Halovivaxruber(strainDSM18193/JCM13892/XH-70),567,,,L0IB34;,
F3ZRG4_9BACE,"Peptidase S54, rhomboid domain protein",Peptidase S54 family,Bacteria,Bacteria,Bacteroidota,Bacteroidia,Bacteroidales,Bacteroidaceae,Bacteroides,Bacteroidescoprosuis,F3ZRG4,Bcop_0471,BacteroidescoprosuisDSM18011,222,,,F3ZRG4;,
A0A0G0XA70_UNCKA,"Peptidase, S54 (Rhomboid) family",Peptidase S54 family,Bacteria,Bacteria,Katanobacteria,,,,,,A0A0G0XA70,UU77_C0005G0010,candidatedivisionWWE3bacteriumGW2011_GWC1_41_7,225,,,A0A0G0XA70;,
F5RER0_METUF,Rhomboid-like protein,Peptidase S54 family,Bacteria,Bacteria,Pseudomonadota,Betaproteobacteria,Nitrosomonadales,Sterolibacteriaceae,Methyloversatilis,Methyloversatilisuniversalis,F5RER0,METUNv1_02785,Methyloversatilisuniversalis(strainATCCBAA-1314/DSM25237/JCM13912/CCUG52030/FAM5),383,,WP_008062732.1;,F5RER0;,
A3XNU1_LEEBM,Putative transmembrane rhomboid family protein,Peptidase S54 family,Bacteria,Bacteria,Bacteroidota,Flavobacteriia,Flavobacteriales,Flavobacteriaceae,Leeuwenhoekiella,Leeuwenhoekiellablandensis,A3XNU1,MED217_09557,Leeuwenhoekiellablandensis(strainCECT7118/CCUG51940/KCTC22103/MED217)(Flavobacteriumsp.(strainMED217)),255,,WP_009780285.1;,A3XNU1;,
B7RGW4_ROSS0,Rhomboid family protein,,Bacteria,Bacteria,Pseudomonadota,unclassifiedRoseobacter,Rhodobacterales,Roseobacteraceae,Roseobacter,,B7RGW4,RGAI101_695,Roseobactersp.(strainGAI101),228,,WP_008225636.1;,B7RGW4;,
U6GDI5_EIMAC,Rhomboid-like protease (EC 3.4.21.105),Peptidase S54 family,Eukaryota,Eukaryota,Apicomplexa,Coccidia,Eimeriorina,Eimeriidae,Eimeria,,U6GDI5,EAH_00032660,Eimeriaacervulina(Coccidianparasite),1288,3.4.21.105,XP_013251438.1;,,
D5V2R1_ARCNC,Rhomboid family protein,Peptidase S54 family,Bacteria,Bacteria,Campylobacterota,Epsilonproteobacteria,Campylobacterales,Arcobacteraceae,Arcobacter,Arcobacternitrofigilis,D5V2R1,Arnit_0829,Arcobacternitrofigilis(strainATCC33309/DSM7299/CCUG15893/LMG7604/NCTC12251/CI)(Campylobacternitrofigilis),175,,WP_013134638.1;,D5V2R1;,
V5SDQ9_9HYPH,Protease,,Bacteria,Bacteria,Pseudomonadota,Alphaproteobacteria,Hyphomicrobiales,Hyphomicrobiaceae,Hyphomicrobium,Hyphomicrobiumnitrativorans,V5SDQ9,W911_12290,HyphomicrobiumnitrativoransNL23,246,,WP_023787797.1;,V5SDQ9;,
A0A0M9VK49_9FLAO,Protease,Peptidase S54 family,Bacteria,Bacteria,Bacteroidota,Flavobacteriia,Flavobacteriales,Flavobacteriaceae,Flavobacterium,,A0A0M9VK49,AM493_18965,Flavobacteriumakiainvivens,250,,,A0A0M9VK49;,
H9UF99_SPIAZ,Putative membrane protein,Peptidase S54 family,Bacteria,Bacteria,Spirochaetota,Spirochaetia,Spirochaetales,Spirochaetaceae,Spirochaeta,Spirochaetaafricana,H9UF99,Spiaf_0083,Spirochaetaafricana(strainATCC700263/DSM8902/Z-7692),232,,,H9UF99;,
U6L2X4_EIMTE,Rhomboid-like protease (EC 3.4.21.105),Peptidase S54 family,Eukaryota,Eukaryota,Apicomplexa,Coccidia,Eimeriorina,Eimeriidae,Eimeria,,U6L2X4,ETH_00040480,Eimeriatenella(Coccidianparasite),448,3.4.21.105,XP_013235510.1;,U6L2X4;,
C6LI32_9FIRM,"Peptidase, S54 family (EC 3.4.21.-)",Peptidase S54 family,Bacteria,Bacillati,Bacillota,Clostridia,Lachnospirales,Lachnospiraceae,Marvinbryantia,Marvinbryantiaformatexigens,C6LI32,BRYFOR_08303,MarvinbryantiaformatexigensDSM14469,205,3.4.21.-,,C6LI32;,
S0F064_CHTCT,Uncharacterized membrane protein (Homolog of Drosophila rhomboid),,Bacteria,Bacillati,Armatimonadota,Chthonomonadia,Chthonomonadales,Chthonomonadaceae,Chthonomonas,Chthonomonascalidirosea,S0F064,CCALI_02790,Chthonomonascalidirosea(strainDSM23976/ICMP18418/T49),410,,,S0F064;,
K9QPR8_NOSS7,Putative membrane protein,,Bacteria,Bacillati,Cyanobacteriota,unclassifiedNostoc,Nostocales,Nostocaceae,Nostoc,,K9QPR8,Nos7524_1285,Nostocsp.(strainATCC29411/PCC7524),237,,WP_015137621.1;,K9QPR8;,
I7K7D3_9CLOT,Rhomboid family protein,,Bacteria,Bacillati,Bacillota,Clostridia,Eubacteriales,Clostridiaceae,Caloramator,Caloramatoraustralicus,I7K7D3,CAAU_1355,CaloramatoraustralicusRC3,238,,WP_008908708.1;,I7K7D3;,
R1CZ58_EMIHU,Peptidase S54 rhomboid domain-containing protein,Peptidase S54 family,Eukaryota,Eukaryota,Haptophyta,,Isochrysidales,Noelaerhabdaceae,Emiliania,,R1CZ58,EMIHUDRAFT_204209EMIHUDRAFT_239397,Emilianiahuxleyi(Coccolithophore)(Pontosphaerahuxleyi),350,,XP_005776014.1;XP_005780797.1;,,
Q0VRR4_ALCBS,Peptidase S54 rhomboid domain-containing protein,Peptidase S54 family,Bacteria,Bacteria,Pseudomonadota,Gammaproteobacteria,Oceanospirillales,Alcanivoracaceae,Alcanivorax,Alcanivoraxborkumensis,Q0VRR4,ABO_0686,Alcanivoraxborkumensis(strainATCC700651/DSM11573/NCIMB13689/SK2),273,,WP_011587971.1;,Q0VRR4;,
A0A0B5HVV3_9ACTN,Rhomboid family protein,Peptidase S54 family,Bacteria,Bacillati,Actinomycetota,Actinomycetes,Kitasatosporales,Streptomycetaceae,Streptomyces,,A0A0B5HVV3,SVTN_18720,Streptomycesvietnamensis,289,,WP_041130141.1;,A0A0B5HVV3;,
I3DBN7_9PAST,"Peptidase, S54 family (EC 3.4.21.-)",Peptidase S54 family,Bacteria,Bacteria,Pseudomonadota,Gammaproteobacteria,Pasteurellales,Pasteurellaceae,Pasteurella,Pasteurellabettyae,I3DBN7,HMPREF1052_0338,PasteurellabettyaeCCUG2042,292,3.4.21.-,WP_005760888.1;,I3DBN7;,
L8EFJ1_STRR1,Rhomboid family intramembrane serine protease,,Bacteria,Bacillati,Actinomycetota,Actinomycetes,Kitasatosporales,Streptomycetaceae,Streptomyces,Streptomycesrimosussubsp.rimosus,L8EFJ1,SRIM_019120,Streptomycesrimosussubsp.rimosus(strainATCC10970/DSM40260/JCM4667/NRRL2234),201,,WP_003986106.1;,L8EFJ1;,
K9WI39_9CYAN,Putative membrane protein,Peptidase S54 family,Bacteria,Bacillati,Cyanobacteriota,Cyanophyceae,Coleofasciculales,Coleofasciculaceae,Allocoleopsis,Allocoleopsisfranciscana,K9WI39,Mic7113_3729,AllocoleopsisfranciscanaPCC7113,234,,WP_015183590.1;,K9WI39;,
A0A068SU53_NEOGA,Rhomboid family protein,Peptidase S54 family,Bacteria,Bacteria,Pseudomonadota,Alphaproteobacteria,Hyphomicrobiales,Rhizobiaceae,Neorhizobium,Neorhizobiumgalegae,A0A068SU53,RG540_CH35850,Neorhizobiumgalegaebv.orientalisstr.HAMBI540,248,,WP_038590620.1;,A0A068SU53;,
Q6MNK6_BDEBA,Putative integral membrane protein,Peptidase S54 family,Bacteria,Bacteria,Bdellovibrionota,Bdellovibrionia,Bdellovibrionales,Pseudobdellovibrionaceae,Bdellovibrio,Bdellovibrio bacteriovorus,Q6MNK6,Bd1243,Bdellovibriobacteriovorus(strainATCC15356/DSM50701/NCIMB9529/HD100),312,,WP_011163747.1;,Q6MNK6;,
K2I528_9RHOB,Rhomboid family protein,Peptidase S54 family,Bacteria,Bacteria,Pseudomonadota,Alphaproteobacteria,Rhodobacterales,Roseobacteraceae,Oceaniovalibus,Oceaniovalibusguishaninsula,K2I528,OCGS_2006,OceaniovalibusguishaninsulaJLT2003,242,,WP_007427158.1;,K2I528;,
B0C559_ACAM1,Rhomboid family protein,Peptidase S54 family,Bacteria,Bacillati,Cyanobacteriota,Cyanophyceae,Acaryochloridales,Acaryochloridaceae,Acaryochloris,Acaryochlorismarina,B0C559,AM1_0083,Acaryochlorismarina(strainMBIC11017),290,,WP_012160791.1;,B0C559;,
F7NYX0_9GAMM,Uncharacterized membrane protein,Peptidase S54 family,Bacteria,Bacteria,Pseudomonadota,unclassifiedRheinheimera,Chromatiales,Chromatiaceae,Rheinheimera,,F7NYX0,Rhein_3010,Rheinheimerasp.A13L,282,,WP_008899840.1;,F7NYX0;,
A4A7W5_9GAMM,Putative membrane protein,Peptidase S54 family,Bacteria,Bacteria,Pseudomonadota,Gammaproteobacteria,Cellvibrionales,Halieaceae,Congregibacter,Congregibacterlitoralis,A4A7W5,KT71_14359,CongregibacterlitoralisKT71,282,,WP_008295307.1;,A4A7W5;,
Q15ZU2_PSEA6,,,,,,,,,,,Q15ZU2,,,,,,,
H3NEV7_9LACT,Peptidase S54 rhomboid domain-containing protein,Peptidase S54 family,Bacteria,Bacillati,Bacillota,Bacilli,Lactobacillales,Carnobacteriaceae,Dolosigranulum,Dolosigranulumpigrum,H3NEV7,HMPREF9703_01088,DolosigranulumpigrumATCC51524,232,,WP_004636236.1;,H3NEV7;,
I1CWH2_9PSEU,Putative membrane protein,Peptidase S54 family,Bacteria,Bacillati,Actinomycetota,Actinomycetes,Pseudonocardiales,Pseudonocardiaceae,Saccharomonospora,Saccharomonosporaglauca,I1CWH2,SacglDRAFT_00081,SaccharomonosporaglaucaK62,330,,,I1CWH2;,
C2EW47_9LACO,"Peptidase, S54 family (EC 3.4.21.-)",Peptidase S54 family,Bacteria,Bacillati,Bacillota,Bacilli,Lactobacillales,Lactobacillaceae,Limosilactobacillus,Limosilactobacillusvaginalis,C2EW47,HMPREF0549_1683,LimosilactobacillusvaginalisDSM5837=ATCC49540,220,3.4.21.-,WP_003717304.1;,C2EW47;,
B0QYJ1_HUMAN,Rhomboid domain containing 3,,Eukaryota,Metazoa,Craniata,Mammalia,Catarrhini,Homininae,Homo,,B0QYJ1,RHBDD3,Homosapiens(Human),195,,,B0QYJ1;,
E0CRE2_VITVI,RHOMBOID-like protein (EC 3.4.21.105),Peptidase S54 family,Eukaryota,Viridiplantae,Streptophytina,Magnoliopsida,Vitales,Vitaceae,Vitis,,E0CRE2,VIT_18s0001g04400,Vitisvinifera(Grape),342,3.4.21.105,,E0CRE2;,
K9QDM2_9NOSO,Rhomboid family protein,Peptidase S54 family,Bacteria,Bacillati,Cyanobacteriota,unclassifiedNostoc,Nostocales,Nostocaceae,Nostoc,,K9QDM2,Nos7107_2285,Nostocsp.PCC7107,239,,WP_015113112.1;,K9QDM2;,
B1BZ00_9FIRM,"Peptidase, S54 family (EC 3.4.21.-)",Peptidase S54 family,Bacteria,Bacillati,Bacillota,Erysipelotrichia,Erysipelotrichales,Coprobacillaceae,Thomasclavelia,Thomasclaveliaspiroformis,B1BZ00,CLOSPI_00157,ThomasclaveliaspiroformisDSM1552,193,3.4.21.-,,B1BZ00;,
E1SKX7_FERBD,Rhomboid family protein,Peptidase S54 family,Bacteria,Bacteria,Pseudomonadota,Gammaproteobacteria,Alteromonadales,Ferrimonadaceae,Ferrimonas,Ferrimonasbalearica,E1SKX7,Fbal_0157,Ferrimonasbalearica(strainDSM9799/CCM4581/KCTC23876/PAT),273,,WP_013343677.1;,E1SKX7;,
W5Y3Q3_9CORY,Rhomboid family protein,,Bacteria,Bacillati,Actinomycetota,Actinomycetes,Mycobacteriales,Corynebacteriaceae,Corynebacterium,Corynebacteriumvitaeruminis,W5Y3Q3,B843_10550,CorynebacteriumvitaeruminisDSM20294,227,,,W5Y3Q3;,
A0A0G0QNN3_9BACT,"Peptidase S54, rhomboid domain protein",Peptidase S54 family,Bacteria,Bacteria,CandidatusDaviesbacteria,,,,,,A0A0G0QNN3,UT77_C0007G0030,CandidatusDaviesbacteriabacteriumGW2011_GWC2_40_12,218,,,A0A0G0QNN3;,
H0XBF6_OTOGA,Rhomboid-related protein 2 (EC 3.4.21.105),Peptidase S54 family,Eukaryota,Metazoa,Craniata,Mammalia,Lorisiformes,Galagidae,Otolemur,,H0XBF6,RHBDL2,Otolemurgarnettii(Small-earedgalago)(Garnett'sgreaterbushbaby),348,3.4.21.105,,H0XBF6;,
D4YF40_AERVM,,,,,,,,,,,D4YF40,,,,,,,
J4TLK2_9FIRM,"Peptidase, S54 family (EC 3.4.21.-)",Peptidase S54 family,Bacteria,Bacillati,Bacillota,unclassifiedLachnoanaerobaculum,Lachnospirales,Lachnospiraceae,Lachnoanaerobaculum,,J4TLK2,HMPREF1140_2279,Lachnoanaerobaculumsp.ICM7,209,3.4.21.-,,J4TLK2;,
Q0P9P9_CAMJE,Integral membrane protein,Peptidase S54 family,Bacteria,Bacteria,Campylobacterota,Epsilonproteobacteria,Campylobacterales,Campylobacteraceae,Campylobacter,Campylobacterjejunisubsp.jejuni,Q0P9P9,Cj1003c,Campylobacterjejunisubsp.jejuniserotypeO:2(strainATCC700819/NCTC11168),172,,WP_002853058.1;YP_002344398.1;,Q0P9P9;,
F0VJT3_NEOCL,Rhomboid-like protease (EC 3.4.21.105),Peptidase S54 family,Eukaryota,Eukaryota,Apicomplexa,Coccidia,Eimeriorina,Sarcocystidae,Neospora,Neosporacaninum,F0VJT3,NCLIV_037760,Neosporacaninum(strainLiverpool),646,3.4.21.105,XP_003884026.1;,F0VJT3;,
J1TCR0_9HYPH,Putative membrane protein,,Bacteria,Bacteria,Pseudomonadota,unclassifiedRhizobium,Hyphomicrobiales,Rhizobiaceae,Rhizobium,,J1TCR0,PMI11_02206,Rhizobiumsp.CF142,259,,WP_007816610.1;,J1TCR0;,
C7XV05_9LACO,"Peptidase, S54 family (EC 3.4.21.-)",Peptidase S54 family,Bacteria,Bacillati,Bacillota,Bacilli,Lactobacillales,Lactobacillaceae,Limosilactobacillus,Limosilactobacilluscoleohominis,C7XV05,HMPREF0501_00521,Limosilactobacilluscoleohominis101-4-CHN,220,3.4.21.-,WP_006916312.1;,C7XV05;,
Q2BH92_NEPCE,,,,,,,,,,,Q2BH92,,,,,,,
A0A0D3C9K2_BRAOL,RHOMBOID-like protein (EC 3.4.21.105),Peptidase S54 family,Eukaryota,Viridiplantae,Streptophytina,Magnoliopsida,Brassicales,Brassicaceae,Brassica,Brassicaoleracea,A0A0D3C9K2,,Brassicaoleraceavar.oleracea,339,3.4.21.105,,A0A0D3C9K2;,
R7IP76_9FIRM,Uncharacterized membrane protein (Homolog of Drosophila rhomboid),,Bacteria,Bacillati,Bacillota,unclassifiedRoseburia,Lachnospirales,Lachnospiraceae,Roseburia,,R7IP76,BN596_01285,Roseburiasp.CAG:303,195,,,R7IP76;,
A0A0G4F2E7_VITBC,Peptidase S54 rhomboid domain-containing protein,,Eukaryota,Eukaryota,,,,Vitrellaceae,Vitrella,Vitrellabrassicaformis,A0A0G4F2E7,Vbra_8714,Vitrellabrassicaformis(strainCCMP3155),473,,,A0A0G4F2E7;,
W4FVG2_APHAT,rhomboid protease (EC 3.4.21.105),Peptidase S54 family,Eukaryota,Eukaryota,Oomycota,,Saprolegniales,Saprolegniaceae,Aphanomyces,,W4FVG2,H257_13354,Aphanomycesastaci(Crayfishplagueagent),362,3.4.21.105,XP_009839147.1;XP_009839150.1;,W4FVG2;,
R5GNL0_9FIRM,Peptidase S54 rhomboid domain,,Bacteria,Bacillati,Bacillota,unclassifiedEubacterium,Eubacteriales,Eubacteriaceae,Eubacterium,,R5GNL0,BN782_01109,Eubacteriumsp.CAG:786,194,,,R5GNL0;,
A0A0E4C9T3_9FIRM,"Peptidase S54, rhomboid domain",,Bacteria,Bacillati,Bacillota,Clostridia,Eubacteriales,Syntrophomonadaceae,Syntrophomonas,Syntrophomonaszehnderi,A0A0E4C9T3,2805,SyntrophomonaszehnderiOL-4,213,,WP_046500160.1;,A0A0E4C9T3;,
Q7UIH5_RHOBA,Probable membrane protein,Peptidase S54 family,Bacteria,Bacteria,Planctomycetota,Planctomycetia,Pirellulales,Pirellulaceae,Rhodopirellula,Rhodopirellulabaltica,Q7UIH5,RB12526,Rhodopirellulabaltica(strainDSM10527/NCIMB13988/SH1),256,,NP_870562.1;WP_007324393.1;,Q7UIH5;,
Q4JYC4_CORJK,Putative membrane protein,Peptidase S54 family,Bacteria,Bacillati,Actinomycetota,Actinomycetes,Mycobacteriales,Corynebacteriaceae,Corynebacterium,Corynebacteriumjeikeium,Q4JYC4,jk0034,Corynebacteriumjeikeium(strainK411),241,,WP_011272800.1;,Q4JYC4;,
B8I365_RUMCH,Rhomboid family protein,Peptidase S54 family,Bacteria,Bacillati,Bacillota,Clostridia,Eubacteriales,Oscillospiraceae,Ruminiclostridium,Ruminiclostridiumcellulolyticum,B8I365,Ccel_1860,Ruminiclostridiumcellulolyticum(strainATCC35319/DSM5812/JCM6584/H10)(Clostridiumcellulolyticum),519,,WP_015925313.1;,B8I365;,
E2C925_HARSA,Rhomboid family member 1,Peptidase S54 family,Eukaryota,Metazoa,Hexapoda,Neoptera,Aculeata,Ponerinae,Harpegnathos,,E2C925,EAI_11845,Harpegnathossaltator(Jerdon'sjumpingant),872,,,E2C925;,
B5JQC3_9BACT,Peptidase S54 rhomboid domain-containing protein,,Bacteria,Bacteria,Verrucomicrobiota,unclassifiedVerrucomicrobiia,,,,,B5JQC3,VDG1235_2812,VerrucomicrobiiabacteriumDG1235,229,,,B5JQC3;,
T1KLJ7_TETUR,Peptidase S54 rhomboid domain-containing protein,Peptidase S54 family,Eukaryota,Metazoa,Chelicerata,Acari,Eleutherengona,Tetranychidae,Tetranychus,,T1KLJ7,107365148,Tetranychusurticae(Two-spottedspidermite),293,,XP_015788105.1;,T1KLJ7;,
I8UKK9_9BACI,Peptidase S54 rhomboid domain-containing protein,Peptidase S54 family,Bacteria,Bacillati,Bacillota,Bacilli,Bacillales,Bacillaceae,Fictibacillus,Fictibacillusmacauensis,I8UKK9,A374_00560,FictibacillusmacauensisZFHKF-1,198,,WP_007200223.1;,I8UKK9;,
E8V826_TERSS,Rhomboid family protein,Peptidase S54 family,Bacteria,Bacteria,Acidobacteriota,Terriglobia,Terriglobales,Acidobacteriaceae,Terriglobus,Terriglobussaanensis,E8V826,AciPR4_3252,Terriglobussaanensis(strainATCCBAA-1853/DSM23119/SP1PR4),280,,WP_013569739.1;,E8V826;,
U9T8C6_RHIID,,,,,,,,,,,U9T8C6,,,,,,,
V7ARL2_PHAVU,RHOMBOID-like protein (EC 3.4.21.105),Peptidase S54 family,Eukaryota,Viridiplantae,Streptophytina,Magnoliopsida,Fabales,Papilionoideae,Phaseolus,,V7ARL2,PHAVU_009G026600g,Phaseolusvulgaris(Kidneybean)(Frenchbean),371,3.4.21.105,XP_007136200.1;,V7ARL2;,
V2X6T0_MONRO,Peptidase S54 rhomboid domain-containing protein,Peptidase S54 family,Eukaryota,Dikarya,Agaricomycotina,Agaricomycetidae,Marasmiineae,Marasmiaceae,Moniliophthora,Moniliophthoraroreri,V2X6T0,Moror_14146,Moniliophthoraroreri(strainMCA2997)(Cocoafrostypodrotfungus)(Crinipellisroreri),428,,XP_007845862.1;,V2X6T0;,
V4J9K1_9BACT,,,,,,,,,,,V4J9K1,,,,,,,
A0A0F0GW46_LENAE,Peptidase S54 rhomboid domain-containing protein,Peptidase S54 family,Bacteria,Bacillati,Actinomycetota,Actinomycetes,Pseudonocardiales,Pseudonocardiaceae,Lentzea,,A0A0F0GW46,UK23_19625,Lentzeaaerocolonigenes(Lechevalieriaaerocolonigenes)(Saccharothrixaerocolonigenes),249,,,A0A0F0GW46;,
R6YQT2_9FIRM,Putative small hydrophobic molecule transporter protein,Peptidase S54 family,Bacteria,Bacillati,Bacillota,unclassifiedRoseburia,Lachnospirales,Lachnospiraceae,Roseburia,,R6YQT2,BN600_00373,Roseburiasp.CAG:309,211,,,R6YQT2;,
I4EHN5_9BACT,Rhomboid family protein,Peptidase S54 family,Bacteria,Bacteria,Thermomicrobiota,Thermomicrobia,Sphaerobacterineae,Sphaerobacteraceae,Nitrolancea,Nitrolanceahollandica,I4EHN5,NITHO_3210005,NitrolanceahollandicaLb,245,,WP_008478184.1;,I4EHN5;,
R6ICB2_9FIRM,Peptidase S54 (Rhomboid) family,,Bacteria,Bacillati,Bacillota,unclassifiedBacillota,,,,,R6ICB2,BN556_00534,FirmicutesbacteriumCAG:240,186,,,R6ICB2;,
A0A023CLK3_9BACI,Rhomboid family protein,Peptidase S54 family,Bacteria,Bacillati,Bacillota,Bacilli,Bacillales,Bacillaceae,Parageobacillus,,A0A023CLK3,H839_12769,Parageobacillusgenomosp.1,390,,WP_043905477.1;,A0A023CLK3;,
Q8E8J3_SHEON,Intramembrane protease rhomboid family GlpG,Peptidase S54 family,Bacteria,Bacteria,Pseudomonadota,Gammaproteobacteria,Alteromonadales,Shewanellaceae,Shewanella,Shewanellaoneidensis,Q8E8J3,glpGSO_4671,Shewanellaoneidensis(strainATCC700550/JCM31522/CIP106686/LMG19005/NCIMB14063/MR-1),280,,NP_720186.1;WP_011074262.1;,Q8E8J3;,
D2UDL0_XANAP,Peptidase S54 rhomboid domain-containing protein,,Bacteria,Bacteria,Pseudomonadota,Gammaproteobacteria,Lysobacterales,Lysobacteraceae,Xanthomonas,Xanthomonasalbilineans,D2UDL0,XALc_1118,Xanthomonasalbilineans(strainGPEPC73/CFBP7063),211,,WP_012915637.1;,D2UDL0;,
A0A0F6A248_9GAMM,Membrane protein,,Bacteria,Bacteria,Pseudomonadota,unclassifiedGrimontia,Vibrionales,Vibrionaceae,Grimontia,,A0A0F6A248,RN22_06215,Grimontiasp.AD028,190,,WP_046303561.1;,A0A0F6A248;,
E1V8R8_HALED,Peptidase S54 family protein,Peptidase S54 family,Bacteria,Bacteria,Pseudomonadota,Gammaproteobacteria,Oceanospirillales,Halomonadaceae,Halomonas,Halomonaselongata,E1V8R8,HELO_1809,Halomonaselongata(strainATCC33173/DSM2581/NBRC15536/NCIMB2198/1H9),283,,,E1V8R8;,
A0A0M3D721_9MICO,Rhomboid family protein,Peptidase S54 family,Bacteria,Bacillati,Actinomycetota,unclassifiedMicrobacterium,Micrococcales,Microbacteriaceae,Microbacterium,,A0A0M3D721,AAY78_09050,Microbacteriumsp.Ag1,298,,WP_046747984.1;,A0A0M3D721;,
T2GE02_MEGG1,Putative membrane protein,,Bacteria,Bacteria,Thermodesulfobacteriota,Desulfovibrionia,Desulfovibrionales,Desulfovibrionaceae,Megalodesulfovibrio,Megalodesulfovibriogigas,T2GE02,DGI_2678,Megalodesulfovibriogigas(strainATCC19364/DSM1382/NCIMB9332/VKMB-1759)(Desulfovibriogigas),182,,WP_021761427.1;,T2GE02;,
A0A0F6TNR2_9GAMM,Rhomboid family protein,Peptidase S54 family,Bacteria,Bacteria,Pseudomonadota,Gammaproteobacteria,Kangiellales,Kangiellaceae,Kangiella,,A0A0F6TNR2,TQ33_0047,Kangiellageojedonensis,204,,WP_046560282.1;,A0A0F6TNR2;,
A0A0F4PET9_PSEO7,,,,,,,,,,,A0A0F4PET9,,,,,,,
B5JEP3_9BACT,"Peptidase, S54 (Rhomboid) family, putative",Peptidase S54 family,Bacteria,Bacteria,Verrucomicrobiota,unclassifiedVerrucomicrobiia,,,,,B5JEP3,VDG1235_3849,VerrucomicrobiiabacteriumDG1235,286,,,B5JEP3;,
L7VLW6_THES1,Rhomboid family protein,,Bacteria,Bacillati,Bacillota,Clostridia,Eubacteriales,Oscillospiraceae,Thermoclostridium,Thermoclostridiumstercorariumsubsp.stercorarium,L7VLW6,Cst_c07110,Thermoclostridiumstercorarium(strainATCC35414/DSM8532/NCIMB11754)(Clostridiumstercorarium),187,,WP_015358409.1;,L7VLW6;,
K6D7D7_SCHAZ,Peptidase S54 rhomboid domain-containing protein,Peptidase S54 family,Bacteria,Bacillati,Bacillota,Bacilli,Bacillales,Bacillaceae,Schinkia,Schinkiaazotoformans,K6D7D7,BAZO_14959,SchinkiaazotoformansLMG9581,507,,WP_003332411.1;,K6D7D7;,
J0LMH9_9BIFI,Peptidase S54 rhomboid domain-containing protein,Peptidase S54 family,Bacteria,Bacillati,Actinomycetota,Actinomycetes,Bifidobacteriales,Bifidobacteriaceae,Scardovia,Scardoviawiggsiae,J0LMH9,HMPREF9156_00887,ScardoviawiggsiaeF0424,302,,WP_007147951.1;,J0LMH9;,
H3NKD3_9LACT,Peptidase S54 rhomboid domain-containing protein,,Bacteria,Bacillati,Bacillota,Bacilli,Lactobacillales,Aerococcaceae,Facklamia,Facklamialanguida,H3NKD3,HMPREF9708_01322,FacklamialanguidaCCUG37842,228,,WP_006309527.1;,H3NKD3;,
A0A023X244_RUBRA,Putative membrane protein (Rhomboid family intramembrane serine protease (EC 3.4.21.-)),Peptidase S54 family,Bacteria,Bacillati,Actinomycetota,Rubrobacteria,Rubrobacterales,Rubrobacteraceae,Rubrobacter,,A0A023X244,RradSPS_1145SIL72_07300,Rubrobacterradiotolerans(Arthrobacterradiotolerans),209,3.4.21.-,WP_051589425.1;,A0A023X244;,
I4WKZ0_9GAMM,Putative membrane protein,Peptidase S54 family,Bacteria,Bacteria,Pseudomonadota,Gammaproteobacteria,Lysobacterales,Rhodanobacteraceae,Rhodanobacter,,I4WKZ0,R2APBS1_1112,Rhodanobacterdenitrificans,205,,WP_007513294.1;,I4WKZ0;,
B4FD10_MAIZE,Rhomboid-like protein 15,Peptidase S54 family,Eukaryota,Viridiplantae,Streptophytina,Petrosaviidae,Poales,Panicoideae,Zea,,B4FD10,LOC100192896ZEAMMB73_Zm00001d033502,Zeamays(Maize),321,,NP_001131556.1;,,
R5RQU7_9FIRM,,,,,,,,,,,R5RQU7,,,,,,,
Q03G81_PEDPA,Membrane-associated serine protease,Peptidase S54 family,Bacteria,Bacillati,Bacillota,Bacilli,Lactobacillales,Lactobacillaceae,Pediococcus,Pediococcuspentosaceus,Q03G81,PEPE_0730,Pediococcuspentosaceus(strainATCC25745/CCUG21536/LMG10740/183-1w),229,,WP_002833521.1;,Q03G81;,
A0A0D1W8N8_ANEMI,Peptidase S54 rhomboid domain-containing protein,Peptidase S54 family,Bacteria,Bacillati,Bacillota,Bacilli,Bacillales,Paenibacillaceae,Aneurinibacillus,,A0A0D1W8N8,AF333_08420,Aneurinibacillusmigulanus(Bacillusmigulanus),384,,,A0A0D1W8N8;,
D1CBK6_THET1,Rhomboid family protein,Peptidase S54 family,Bacteria,Bacillati,Chloroflexota,,,,Thermobaculum,Thermobaculumterrenum,D1CBK6,Tter_1263,Thermobaculumterrenum(strainATCCBAA-798/CCMEE7001/YNP1),245,,WP_012875206.1;,D1CBK6;,
K0TPZ4_THAOC,rhomboid protease (EC 3.4.21.105),Peptidase S54 family,Eukaryota,Eukaryota,Bacillariophyta,Thalassiosirophycidae,Thalassiosirales,Thalassiosiraceae,Thalassiosira,,K0TPZ4,THAOC_03139,Thalassiosiraoceanica(Marinediatom),399,3.4.21.105,,K0TPZ4;,
B4MLF9_DROWI,Peptidase S54 rhomboid domain-containing protein,Peptidase S54 family,Eukaryota,Metazoa,Hexapoda,Neoptera,Muscomorpha,Drosophilinae,Sophophora,,B4MLF9,Dwil\GK16979Dwil_GK16979,Drosophilawillistoni(Fruitfly),219,,XP_002061829.2;,B4MLF9;,
A0A0N0I891_9BACI,,,,,,,,,,,A0A0N0I891,,,,,,,
A0A0G0WA34_UNCC2,Rhomboid family protein,,Bacteria,Bacteria,BacteriadivisionCPR2,,,,,,A0A0G0WA34,UU65_C0001G0269,candidatedivisionCPR2bacteriumGW2011_GWC1_41_48,221,,,A0A0G0WA34;,
G8PR53_PSEUV,Rhomboid family protein,,Bacteria,Bacteria,Pseudomonadota,unclassifiedPseudovibrio,Hyphomicrobiales,Stappiaceae,Pseudovibrio,,G8PR53,PSE_3976,Pseudovibriosp.(strainFO-BEG1),258,,WP_014286382.1;,G8PR53;,
A0A089Y7C2_9LACO,,,,,,,,,,,A0A089Y7C2,,,,,,,
Q2K850_RHIEC,Hypothetical conserved membrane protein,,Bacteria,Bacteria,Pseudomonadota,Alphaproteobacteria,Hyphomicrobiales,Rhizobiaceae,Rhizobium,Rhizobiumetli,Q2K850,RHE_CH02205,Rhizobiumetli(strainATCC51251/DSM11541/JCM21823/NBRC15573/CFN42),262,,WP_011425467.1;,Q2K850;,
U5WCM9_9ACTN,Rhomboid family protein,Peptidase S54 family,Bacteria,Bacillati,Actinomycetota,Actinomycetes,Micromonosporales,Micromonosporaceae,Amorphoplanes,Amorphoplanesfriuliensis,U5WCM9,AFR_42365,AmorphoplanesfriuliensisDSM7358,298,,,U5WCM9;,
G8LWV5_ACECE,Putative membrane protein,Peptidase S54 family,Bacteria,Bacillati,Bacillota,Clostridia,Eubacteriales,Oscillospiraceae,Acetivibrio,Acetivibrioclariflavus,G8LWV5,Clocl_3313,Acetivibrioclariflavus(strainDSM19732/NBRC101661/EBR45)(Clostridiumclariflavum),517,,WP_014256348.1;,G8LWV5;,
K8WJ09_PRORD,,,,,,,,,,,K8WJ09,,,,,,,
H0TD99_9BRAD,Peptidase S54 rhomboid domain-containing protein,,Bacteria,Bacteria,Pseudomonadota,unclassifiedBradyrhizobium,Hyphomicrobiales,Nitrobacteraceae,Bradyrhizobium,,H0TD99,BRAS3843_1070037,Bradyrhizobiumsp.STM3843,251,,,H0TD99;,
B2IX86_NOSP7,Rhomboid family protein,Peptidase S54 family,Bacteria,Bacillati,Cyanobacteriota,Cyanophyceae,Nostocales,Nostocaceae,Nostoc,Nostocpunctiforme,B2IX86,Npun_F6349,Nostocpunctiforme(strainATCC29133/PCC73102),233,,WP_012412560.1;,B2IX86;,
Q7PQ40_ANOGA,AGAP005058-PA,Peptidase S54 family,Eukaryota,Metazoa,Hexapoda,Neoptera,Culicomorpha,Anophelinae,Cellia,gambiaespeciescomplex,Q7PQ40,1274741AgaP_AGAP005058,Anophelesgambiae(Africanmalariamosquito),458,,XP_313932.4;,,
A0A0G3H6R4_9CORY,Putative membrane protein,,Bacteria,Bacillati,Actinomycetota,Actinomycetes,Mycobacteriales,Corynebacteriaceae,Corynebacterium,,A0A0G3H6R4,CMUST_12510,Corynebacteriummustelae,202,,WP_047262767.1;,A0A0G3H6R4;,
L0G002_ECHVK,Putative membrane protein,Peptidase S54 family,Bacteria,Bacteria,Bacteroidota,Cytophagia,Cytophagales,Cyclobacteriaceae,Echinicola,Echinicolavietnamensis,L0G002,Echvi_3269,Echinicolavietnamensis(strainDSM17526/LMG23754/KMM6221),516,,WP_015267040.1;,L0G002;,
Q83H50_TROWT,Peptidase S54 rhomboid domain-containing protein,Peptidase S54 family,Bacteria,Bacillati,Actinomycetota,Actinomycetes,Micrococcales,Tropherymataceae,Tropheryma,Tropherymawhipplei,Q83H50,TWT_009,Tropherymawhipplei(strainTwist)(Whipple'sbacillus),212,,WP_011102294.1;,Q83H50;,
F2NWI5_TRES6,"Peptidase S54, rhomboid domain protein",Peptidase S54 family,Bacteria,Bacteria,Spirochaetota,Spirochaetia,Spirochaetales,Treponemataceae,Treponema,Treponemasuccinifaciens,F2NWI5,Tresu_2311,Treponemasuccinifaciens(strainATCC33096/DSM2489/6091),207,,WP_013702426.1;,F2NWI5;,
G1SUM8_RABIT,Rhomboid-related protein 3 (EC 3.4.21.105),Peptidase S54 family,Eukaryota,Metazoa,Craniata,Mammalia,Lagomorpha,Leporidae,Oryctolagus,,G1SUM8,RHBDL3,Oryctolaguscuniculus(Rabbit),306,3.4.21.105,,G1SUM8;,
F4HAG9_GALAU,Intramembrane serine protease GlpG,,Bacteria,Bacteria,Pseudomonadota,Gammaproteobacteria,Pasteurellales,Pasteurellaceae,Gallibacterium,Gallibacteriumanatis,F4HAG9,UMN179_01324,Gallibacteriumanatis(strainUMN179)(Pasteurellaanatis),285,,WP_013746118.1;,F4HAG9;,
C4L7X4_TOLAT,Rhomboid family protein,,Bacteria,Bacteria,Pseudomonadota,Gammaproteobacteria,Aeromonadales,Aeromonadaceae,Tolumonas,Tolumonasauensis,C4L7X4,Tola_0143,Tolumonasauensis(strainDSM9187/NBRC110442/TA4),276,,WP_012728372.1;,C4L7X4;,
Q6NFN3_CORDI,Membrane protein,,Bacteria,Bacillati,Actinomycetota,Actinomycetes,Mycobacteriales,Corynebacteriaceae,Corynebacterium,Corynebacteriumdiphtheriae,Q6NFN3,DIP1854,Corynebacteriumdiphtheriae(strainATCC700971/NCTC13129/Biotypegravis),190,,WP_010935377.1;,Q6NFN3;,
C6Y011_PEDHD,Rhomboid family protein,,Bacteria,Bacteria,Bacteroidota,Sphingobacteriia,Sphingobacteriales,Sphingobacteriaceae,Pedobacter,Pedobacterheparinus,C6Y011,Phep_0482,Pedobacterheparinus(strainATCC13125/DSM2366/CIP104194/JCM7457/NBRC12017/NCIMB9290/NRRLB-14731/HIM762-3),241,,WP_012780659.1;,C6Y011;,
M2MNC6_BAUPA,Rhomboid-type serine protease (EC 3.4.21.105),Peptidase S54 family,Eukaryota,Dikarya,Pezizomycotina,Dothideomycetidae,Mycosphaerellales,Teratosphaeriaceae,Baudoinia,Baudoiniapanamericana,M2MNC6,BAUCODRAFT_121073,Baudoiniapanamericana(strainUAMH10762)(Angels'sharefungus)(Baudoiniacompniacensis(strainUAMH10762)),520,3.4.21.105,XP_007674934.1;,M2MNC6;,
B8FLJ6_DESAL,Rhomboid family protein,Peptidase S54 family,Bacteria,Bacteria,Thermodesulfobacteriota,Desulfobacteria,Desulfobacterales,Desulfatibacillaceae,Desulfatibacillum,,B8FLJ6,Dalk_3454,Desulfatibacillumaliphaticivorans,327,,WP_015948199.1;,B8FLJ6;,
H6N356_GORPV,Rhomboid family protein,Peptidase S54 family,Bacteria,Bacillati,Actinomycetota,Actinomycetes,Mycobacteriales,Gordoniaceae,Gordonia,Gordoniapolyisoprenivorans,H6N356,GPOL_c00180,Gordoniapolyisoprenivorans(strainDSM44266/VH2),302,,WP_014358161.1;,H6N356;,
A0A0M8K7T1_9CHLR,Peptidase S54 rhomboid domain-containing protein,,Bacteria,Bacillati,Chloroflexota,Ardenticatenia,Ardenticatenales,Ardenticatenaceae,Ardenticatena,,A0A0M8K7T1,ARMA_0915,Ardenticatenamaritima,278,,WP_054492411.1;,A0A0M8K7T1;,
A0A0N4YL58_NIPBR,Rhomboid-like protein,Peptidase S54 family,Eukaryota,Metazoa,Nematoda,Chromadorea,Rhabditomorpha,Heligmosomidae,Nippostrongylus,,A0A0N4YL58,NBR_LOCUS17816,Nippostrongylusbrasiliensis(Rathookworm),366,,,,
A0A0M8T7J3_9ACTN,Rhomboid family protein,Peptidase S54 family,Bacteria,Bacillati,Actinomycetota,unclassifiedStreptomyces,Kitasatosporales,Streptomycetaceae,Streptomyces,,A0A0M8T7J3,ADK54_07475,Streptomycessp.WM6378,295,,WP_053724734.1;,A0A0M8T7J3;,
Q2YQG9_BRUA2,Rhomboid-like protein,Peptidase S54 family,Bacteria,Bacteria,Pseudomonadota,Alphaproteobacteria,Hyphomicrobiales,Brucellaceae,Brucella,Brucellaabortus,Q2YQG9,BAB1_1275,Brucellaabortus(strain2308),253,,,Q2YQG9;,
A0A0M2MHY7_9ACTN,,,,,,,,,,,A0A0M2MHY7,,,,,,,
D7DJX6_METV0,Rhomboid family protein,Peptidase S54 family,Bacteria,Bacteria,Pseudomonadota,Betaproteobacteria,Nitrosomonadales,Methylophilaceae,Methylotenera,Methyloteneraversatilis,D7DJX6,M301_1965,Methyloteneraversatilis(strain301),346,,WP_013148649.1;,D7DJX6;,
J6HC79_9FIRM,"Peptidase, S54 family (EC 3.4.21.-)",,Bacteria,Bacillati,Bacillota,Clostridia,Peptostreptococcales,Filifactoraceae,Peptoanaerobacter,,J6HC79,HMPREF1143_1457,Peptoanaerobacterstomatis,190,3.4.21.-,WP_009530949.1;,J6HC79;,
A0RPC3_CAMFF,Rhomboid family protein,Peptidase S54 family,Bacteria,Bacteria,Campylobacterota,Epsilonproteobacteria,Campylobacterales,Campylobacteraceae,Campylobacter,Campylobacterfetussubsp.fetus,A0RPC3,CFF8240_0883,Campylobacterfetussubsp.fetus(strain82-40),172,,WP_002849393.1;,A0RPC3;,
C1E693_MICCC,Rhomboid-like protein,Peptidase S54 family,Eukaryota,Viridiplantae,Chlorophyta,Mamiellophyceae,Mamiellales,Mamiellaceae,Micromonas,,C1E693,MICPUN_50268,Micromonascommoda(strainRCC299/NOUM17/CCMP2709)(Picoplanktonicgreenalga),336,,XP_002502512.1;,C1E693;,
B1M603_METRJ,Rhomboid family protein,Peptidase S54 family,Bacteria,Bacteria,Pseudomonadota,Alphaproteobacteria,Hyphomicrobiales,Methylobacteriaceae,Methylobacterium,Methylobacteriumradiotolerans,B1M603,Mrad2831_4634,Methylobacteriumradiotolerans(strainATCC27329/DSM1819/JCM2831/NBRC15690/NCIMB10815/0-1),273,,WP_012321553.1;,B1M603;,
A0A010S0W5_9PEZI,rhomboid protease (EC 3.4.21.105),Peptidase S54 family,Eukaryota,Dikarya,Pezizomycotina,Hypocreomycetidae,Glomerellales,Glomerellaceae,Colletotrichum,Colletotrichumfioriniae,A0A010S0W5,CFIO01_12757,ColletotrichumfioriniaePJ7,266,3.4.21.105,XP_007598165.1;,A0A010S0W5;,
A9KQC3_LACP7,Rhomboid family protein,Peptidase S54 family,Bacteria,Bacillati,Bacillota,Clostridia,Lachnospirales,Lachnospiraceae,Lachnoclostridium,Lachnoclostridiumphytofermentans,A9KQC3,Cphy_0042,Lachnoclostridiumphytofermentans(strainATCC700394/DSM18823/ISDg)(Clostridiumphytofermentans),396,,,A9KQC3;,
A6AWQ9_VIBCY,,,,,,,,,,,A6AWQ9,,,,,,,
M2PYK9_CERS8,Rhomboid-type serine protease (EC 3.4.21.105),Peptidase S54 family,Eukaryota,Dikarya,Agaricomycotina,Agaricomycetes,Polyporales,Gelatoporiaceae,Gelatoporia,Ceriporiopsissubvermispora,M2PYK9,CERSUDRAFT_79578,Ceriporiopsissubvermispora(strainB)(White-rotfungus)(Gelatoporiasubvermispora),460,3.4.21.105,,M2PYK9;,
A0A0M9YW39_9ACTN,Rhomboid family protein,Peptidase S54 family,Bacteria,Bacillati,Actinomycetota,unclassifiedStreptomyces,Kitasatosporales,Streptomycetaceae,Streptomyces,,A0A0M9YW39,ADK55_02530,Streptomycessp.WM4235,293,,WP_053675545.1;,A0A0M9YW39;,
Q4UES4_THEAN,Rhomboid-like protease (EC 3.4.21.105),Peptidase S54 family,Eukaryota,Eukaryota,Apicomplexa,Aconoidasida,Piroplasmida,Theileriidae,Theileria,,Q4UES4,TA13905,Theileriaannulata,606,3.4.21.105,XP_952147.1;,Q4UES4;,
Q28M90_JANSC,Rhomboid-like protein,,Bacteria,Bacteria,Pseudomonadota,unclassifiedJannaschia,Rhodobacterales,Roseobacteraceae,Jannaschia,,Q28M90,Jann_3255,Jannaschiasp.(strainCCS1),284,,,Q28M90;,
A0A0B4Y1T0_9PROT,,,,,,,,,,,A0A0B4Y1T0,,,,,,,
D1YVH7_METPS,"Peptidase S54, rhomboid family protein",,Archaea,Methanobacteriati,Methanobacteriota,Methanomicrobia,Methanocellales,Methanocellaceae,Methanocella,Methanocellapaludicola,D1YVH7,MCP_0377,Methanocellapaludicola(strainDSM17711/JCM13418/NBRC101707/SANAE),261,,,D1YVH7;,
F0LQT1_VIBFN,,,,,,,,,,,F0LQT1,,,,,,,
R6P390_9FIRM,Putative membrane protein,Peptidase S54 family,Bacteria,Bacillati,Bacillota,unclassifiedEubacterium,Eubacteriales,Eubacteriaceae,Eubacterium,,R6P390,BN582_01882,Eubacteriumsp.CAG:274,359,,,R6P390;,
A4XDA2_SALTO,Rhomboid family protein,Peptidase S54 family,Bacteria,Bacillati,Actinomycetota,Actinomycetes,Micromonosporales,Micromonosporaceae,Salinispora,Salinisporatropica,A4XDA2,Strop_4481,Salinisporatropica(strainATCCBAA-916/DSM44818/JCM13857/NBRC105044/CNB-440),303,,WP_012015673.1;,A4XDA2;,
I1GPX4_BRADI,UBA domain-containing protein,Peptidase S54 family,Eukaryota,Viridiplantae,Streptophytina,Petrosaviidae,Poales,Pooideae,Brachypodium,,I1GPX4,LOC100829161BRADI_1g13480v3,Brachypodiumdistachyon(Purplefalsebrome)(Trachyniadistachya),403,,XP_003561705.1;,,
A0A0F2GJC0_9ACTN,,,,,,,,,,,A0A0F2GJC0,,,,,,,
A0A0M2Z9V6_9MYCO,,,,,,,,,,,A0A0M2Z9V6,,,,,,,
F0G604_9BURK,Uncharacterized membrane protein,,Bacteria,Bacteria,Pseudomonadota,unclassifiedBurkholderia,Burkholderiales,Burkholderiaceae,Burkholderia,,F0G604,B1M_18287,Burkholderiasp.TJI49,197,,,F0G604;,
J4TMC5_9FIRM,"Peptidase, S54 family (EC 3.4.21.-)",,Bacteria,Bacillati,Bacillota,unclassifiedPeptostreptococcaceae,Peptostreptococcales,Peptostreptococcaceae,,,J4TMC5,HMPREF1142_0932,PeptostreptococcaceaebacteriumAS15,192,3.4.21.-,,J4TMC5;,
R6NWS3_9CLOT,Rhomboid family protein,Peptidase S54 family,Bacteria,Bacillati,Bacillota,unclassifiedClostridium,Eubacteriales,Clostridiaceae,Clostridium,,R6NWS3,BN649_00751,Clostridiumsp.CAG:413,196,,,R6NWS3;,
B6Q2X4_TALMQ,Rhomboid-type serine protease (EC 3.4.21.105),Peptidase S54 family,Eukaryota,Dikarya,Pezizomycotina,Eurotiomycetidae,Eurotiales,Trichocomaceae,Talaromyces,Talaromycesmarneffei,B6Q2X4,PMAA_038550,Talaromycesmarneffei(strainATCC18224/CBS334.59/QM7333)(Penicilliummarneffei),529,3.4.21.105,XP_002145587.1;,B6Q2X4;,
T1EEY0_HELRO,Peptidase S54 rhomboid domain-containing protein,Peptidase S54 family,Eukaryota,Metazoa,Annelida,Hirudinea,Rhynchobdellida,Glossiphoniidae,Helobdella,,T1EEY0,20195132HELRODRAFT_109972,Helobdellarobusta(Californianleech),284,,XP_009013005.1;,T1EEY0;,
Q03RP1_LEVBA,Membrane-associated serine protease,Peptidase S54 family,Bacteria,Bacillati,Bacillota,Bacilli,Lactobacillales,Lactobacillaceae,Levilactobacillus,Levilactobacillusbrevis,Q03RP1,LVIS_0998,Levilactobacillusbrevis(strainATCC367/BCRC12310/CIP105137/JCM1170/LMG11437/NCIMB947/NCTC947)(Lactobacillusbrevis),226,,WP_011667721.1;,Q03RP1;,
L8H3K7_ACACF,rhomboid protease (EC 3.4.21.105),Peptidase S54 family,Eukaryota,Eukaryota,Discosea,,Longamoebia,Acanthamoebidae,Acanthamoeba,Acanthamoebacastellanii,L8H3K7,ACA1_234740,Acanthamoebacastellanii(strainATCC30010/Neff),459,3.4.21.105,XP_004341070.1;,L8H3K7;,
A0A0M2SFY5_9BACI,Serine protease,Peptidase S54 family,Bacteria,Bacillati,Bacillota,Bacilli,Bacillales,Bacillaceae,Mesobacillus,,A0A0M2SFY5,WQ57_25015,Mesobacilluscampisalis,516,,WP_046526340.1;,A0A0M2SFY5;,
F9DTR5_9BACL,S54 family unassigned serine peptidase,Peptidase S54 family,Bacteria,Bacillati,Bacillota,Bacilli,Bacillales,Planococcaceae,Sporosarcina,Sporosarcinanewyorkensis,F9DTR5,HMPREF9372_2196,Sporosarcinanewyorkensis2681,202,,WP_009498870.1;,F9DTR5;,
M1WSX6_PSEP2,Rhomboid family protein,,Bacteria,Bacteria,Thermodesulfobacteriota,Desulfovibrionia,Desulfovibrionales,Desulfovibrionaceae,Pseudodesulfovibrio,Pseudodesulfovibriopiezophilus,M1WSX6,BN4_20387,Pseudodesulfovibriopiezophilus(strainDSM21447/JCM15486/C1TLV30)(Desulfovibriopiezophilus),249,,WP_015416491.1;,M1WSX6;,
B7G2H6_PHATC,Peptidase S54 rhomboid domain-containing protein,,Eukaryota,Eukaryota,Bacillariophyta,Bacillariophyceae,Naviculales,Phaeodactylaceae,Phaeodactylum,Phaeodactylumtricornutum,B7G2H6,PHATRDRAFT_47107,Phaeodactylumtricornutum(strainCCAP1055/1),342,,XP_002181210.1;,B7G2H6;,
Q082U3_SHEFN,Rhomboid family protein,,Bacteria,Bacteria,Pseudomonadota,Gammaproteobacteria,Alteromonadales,Shewanellaceae,Shewanella,Shewanellafrigidimarina,Q082U3,Sfri_1875,Shewanellafrigidimarina(strainNCIMB400),209,,WP_011637338.1;,Q082U3;,
A0A0E3NUG4_9EURY,Intramembrane serine protease GlpG,Peptidase S54 family,Archaea,Methanobacteriati,Methanobacteriota,unclassifiedMethanosarcina,Methanosarcinales,Methanosarcinaceae,Methanosarcina,,A0A0E3NUG4,MSMTP_0696,Methanosarcinasp.MTP4,222,,WP_048177887.1;,A0A0E3NUG4;,
A8FA62_BACP2,Peptidase S54 rhomboid domain-containing protein,Peptidase S54 family,Bacteria,Bacillati,Bacillota,Bacilli,Bacillales,Bacillaceae,Bacillus,Bacilluspumilus,A8FA62,BPUM_0434,Bacilluspumilus(strainSAFR-032),201,,WP_012008991.1;,A8FA62;,
A0A0B5EN33_STRA4,Rhomboid family protein,Peptidase S54 family,Bacteria,Bacillati,Actinomycetota,Actinomycetes,Kitasatosporales,Streptomycetaceae,Streptomyces,Streptomycesalbussubsp.albus,A0A0B5EN33,SLNWT_3592,Streptomycesalbus(strainATCC21838/DSM41398/FERMP-419/JCM4703/NBRC107858),299,,,A0A0B5EN33;,
H9GFN1_ANOCA,Rhomboid-related protein 3 (EC 3.4.21.105),Peptidase S54 family,Eukaryota,Metazoa,Craniata,Lepidosauria,Iguania,Dactyloidae,Anolis,,H9GFN1,RHBDL3,Anoliscarolinensis(Greenanole)(Americanchameleon),380,3.4.21.105,,H9GFN1;,
V5XQU9_ENTMU,,,,,,,,,,,V5XQU9,,,,,,,
I6TBZ8_ENTHA,Small hydrophobic molecule transporter protein,Peptidase S54 family,Bacteria,Bacillati,Bacillota,Bacilli,Lactobacillales,Enterococcaceae,Enterococcus,Enterococcushirae,I6TBZ8,EHR_10090,Enterococcushirae(strainATCC9790/DSM20160/JCM8729/LMG6399/NBRC3181/NCIMB6459/NCDO1258/NCTC12367/WDCM00089/R),232,,WP_010737801.1;,I6TBZ8;,
R5JZ28_9FIRM,,,,,,,,,,,R5JZ28,,,,,,,
Q3JC72_NITOC,Rhomboid-like protein,Peptidase S54 family,Bacteria,Bacteria,Pseudomonadota,Gammaproteobacteria,Chromatiales,Chromatiaceae,Nitrosococcus,Nitrosococcusoceani,Q3JC72,Noc_1066,Nitrosococcusoceani(strainATCC19707/BCRC17464/JCM30415/NCIMB11848/C-107),225,,WP_011330548.1;,Q3JC72;,
D8LIB7_ECTSI,rhomboid protease (EC 3.4.21.105),Peptidase S54 family,Eukaryota,Eukaryota,,Phaeophyceae,Ectocarpales,Ectocarpaceae,Ectocarpus,,D8LIB7,Esi_0210_0024,Ectocarpussiliculosus(Brownalga)(Confervasiliculosa),766,3.4.21.105,,D8LIB7;,
G5GJ91_9FIRM,Peptidase S54 rhomboid domain-containing protein,Peptidase S54 family,Bacteria,Bacillati,Bacillota,Clostridia,Lachnospirales,Lachnospiraceae,Johnsonella,Johnsonellaignava,G5GJ91,HMPREF9333_01631,JohnsonellaignavaATCC51276,206,,WP_005541395.1;,G5GJ91;,
F4PH58_CACFS,rhomboid protease (EC 3.4.21.105),Peptidase S54 family,Eukaryota,Eukaryota,Evosea,Eumycetozoa,Acytosteliales,Cavenderiaceae,Cavenderia,,F4PH58,DFA_03288,Cavenderiafasciculata(Slimemold)(Dictyosteliumfasciculatum),338,3.4.21.105,XP_004362893.1;,F4PH58;,
A9WG42_CHLAA,Rhomboid family protein,,Bacteria,Bacillati,Chloroflexota,Chloroflexia,Chloroflexineae,Chloroflexaceae,Chloroflexus,Chloroflexusaurantiacus,A9WG42,Caur_2997,Chloroflexusaurantiacus(strainATCC29366/DSM635/J-10-fl),232,,WP_012258849.1;YP_001636585.1;,A9WG42;,
Q22SB6_TETTS,Rhomboid-like protease (EC 3.4.21.105),Peptidase S54 family,Eukaryota,Eukaryota,Intramacronucleata,Oligohymenophorea,Tetrahymenina,Tetrahymenidae,Tetrahymena,Tetrahymenathermophila,Q22SB6,TTHERM_00006200,Tetrahymenathermophila(strainSB210),295,3.4.21.105,XP_001008101.1;,Q22SB6;,
V5A5Y9_ENTCL,,,,,,,,,,,V5A5Y9,,,,,,,
Q72DA6_NITV2,Rhomboid family protein,,Bacteria,Bacteria,Thermodesulfobacteriota,Desulfovibrionia,Desulfovibrionales,Desulfovibrionaceae,Nitratidesulfovibrio,Nitratidesulfovibriovulgaris,Q72DA6,DVU_1023,Nitratidesulfovibriovulgaris(strainATCC29579/DSM644/CCUG34227/NCIMB8303/VKMB-1760/Hildenborough)(Desulfovibriovulgaris),246,,WP_010938322.1;YP_010244.1;,Q72DA6;,
A0A0G3ED86_9BACT,Rhomboid protease AarA (EC 3.4.21.105),,Bacteria,Bacteria,Kiritimatiellota,Kiritimatiellia,Kiritimatiellales,Kiritimatiellaceae,Kiritimatiella,,A0A0G3ED86,aarAL21SP4_01029,Kiritimatiellaglycovorans,269,3.4.21.105,,A0A0G3ED86;,
A0A0F2LZS3_SPOSC,Rhomboid-like protein,Peptidase S54 family,Eukaryota,Dikarya,Pezizomycotina,Sordariomycetidae,Ophiostomatales,Ophiostomataceae,Sporothrix,Sporothrixschenckii,A0A0F2LZS3,SPSK_03520,Sporothrixschenckii1099-18,321,,XP_016584671.1;,A0A0F2LZS3;,
K9QYL9_NOSS7,Putative membrane protein,Peptidase S54 family,Bacteria,Bacillati,Cyanobacteriota,unclassifiedNostoc,Nostocales,Nostocaceae,Nostoc,,K9QYL9,Nos7524_4800,Nostocsp.(strainATCC29411/PCC7524),223,,WP_015140948.1;,K9QYL9;,
A0A0A1S0H7_9FLAO,,,,,,,,,,,A0A0A1S0H7,,,,,,,
A6DLH8_9BACT,Rhomboid-like protein,,Bacteria,Bacteria,Lentisphaerota,Lentisphaeria,Lentisphaerales,Lentisphaeraceae,Lentisphaera,Lentisphaeraaraneosa,A6DLH8,LNTAR_04956,LentisphaeraaraneosaHTCC2155,190,,WP_007278738.1;,A6DLH8;,
D3HJ42_LEGLN,Uncharacterized membrane protein,,Bacteria,Bacteria,Pseudomonadota,Gammaproteobacteria,Legionellales,Legionellaceae,Legionella,Legionellalongbeachae,D3HJ42,LLO_2036,Legionellalongbeachaeserogroup1(strainNSW150),206,,WP_003636718.1;,D3HJ42;,
H5WZA6_9PSEU,Putative membrane protein,Peptidase S54 family,Bacteria,Bacillati,Actinomycetota,Actinomycetes,Pseudonocardiales,Pseudonocardiaceae,Saccharomonospora,Saccharomonosporamarina,H5WZA6,SacmaDRAFT_0197,SaccharomonosporamarinaXMU15,309,,WP_009151900.1;,H5WZA6;,
F8JJX0_STREN,Integral membrane protein,,Bacteria,Bacillati,Actinomycetota,Actinomycetes,Kitasatosporales,Streptomycetaceae,Streptantibioticus,Streptantibioticuscattleyicolor,F8JJX0,SCATT_p04080,Streptantibioticuscattleyicolor(strainATCC35852/DSM46488/JCM4925/NBRC14057/NRRL8057)(Streptomycescattleya),266,,WP_014151763.1;,F8JJX0;,
A0A0G2F7C1_9PEZI,Rhomboid-type serine protease (EC 3.4.21.105),Peptidase S54 family,Eukaryota,Dikarya,Pezizomycotina,Sordariomycetidae,Diaporthales,Diaporthaceae,Diaporthe,,A0A0G2F7C1,UCDDA912_g09958,Diaportheampelina,596,3.4.21.105,,A0A0G2F7C1;,
C5Y8L1_SORBI,,,,,,,,,,,C5Y8L1,,,,,,,
I1I979_BRADI,RHOMBOID-like protein (EC 3.4.21.105),Peptidase S54 family,Eukaryota,Viridiplantae,Streptophytina,Petrosaviidae,Poales,Pooideae,Brachypodium,,I1I979,LOC100827999BRADI_3g42110v3,Brachypodiumdistachyon(Purplefalsebrome)(Trachyniadistachya),364,3.4.21.105,XP_003572482.1;,,
A6M1F6_CLOB8,Rhomboid family protein,Peptidase S54 family,Bacteria,Bacillati,Bacillota,Clostridia,Eubacteriales,Clostridiaceae,Clostridium,Clostridiumbeijerinckii,A6M1F6,Cbei_4326,Clostridiumbeijerinckii(strainATCC51743/NCIMB8052)(Clostridiumacetobutylicum),328,,WP_012060483.1;,A6M1F6;,
Q89IT2_BRADU,Bll5552 protein,,Bacteria,Bacteria,Pseudomonadota,Alphaproteobacteria,Hyphomicrobiales,Nitrobacteraceae,Bradyrhizobium,Bradyrhizobiumdiazoefficiens,Q89IT2,bll5552,Bradyrhizobiumdiazoefficiens(strainJCM10833/BCRC13528/IAM13628/NBRC14792/USDA110),432,,NP_772192.1;,Q89IT2;,
G6FNZ4_9CYAN,"Peptidase S54, rhomboid domain protein",Peptidase S54 family,Bacteria,Bacillati,Cyanobacteriota,Cyanophyceae,Nostocales,Hapalosiphonaceae,Fischerella,Fischerellathermalis,G6FNZ4,FJSC11DRAFT_0574,FischerellathermalisJSC-11,238,,WP_009454585.1;,G6FNZ4;,
D3RWU1_FERPA,Rhomboid family protein,Peptidase S54 family,Archaea,Methanobacteriati,Methanobacteriota,Archaeoglobi,Archaeoglobales,Archaeoglobaceae,Ferroglobus,Ferroglobusplacidus,D3RWU1,Ferp_0785,Ferroglobusplacidus(strainDSM10642/AEDII12DO),260,,WP_012965297.1;,D3RWU1;,
A0A0M2HUQ9_9MICO,Rhomboid protease GluP (EC 3.4.21.105),Peptidase S54 family,Bacteria,Bacillati,Actinomycetota,Actinomycetes,Micrococcales,Microbacteriaceae,Microbacterium,,A0A0M2HUQ9,gluPRS84_01824,Microbacteriumhydrocarbonoxydans,291,3.4.21.105,WP_045257421.1;,A0A0M2HUQ9;,
J1F1B5_9LACO,,,,,,,,,,,J1F1B5,,,,,,,
Q0FM53_SALBH,Rhomboid family protein,,Bacteria,Bacteria,Pseudomonadota,Alphaproteobacteria,Rhodobacterales,Roseobacteraceae,Salipiger,Salipigerbermudensis,Q0FM53,R2601_17082,Salipigerbermudensis(strainDSM26914/JCM13377/KCTC12554/HTCC2601)(Pelagibacabermudensis),228,,WP_007797008.1;,Q0FM53;,
A9U4D9_PHYPA,RHOMBOID-like protein (EC 3.4.21.105),Peptidase S54 family,Eukaryota,Viridiplantae,Streptophytina,Funariidae,Funariales,Funariaceae,Physcomitrium,,A9U4D9,PHYPA_018312PHYPADRAFT_228199,Physcomitriumpatens(Spreading-leavedearthmoss)(Physcomitrellapatens),321,3.4.21.105,XP_001785725.1;,A9U4D9;,
W7TIX3_9STRA,Rhomboid protein 2,Peptidase S54 family,Eukaryota,Eukaryota,,Eustigmatophyceae,Eustigmatales,Monodopsidaceae,Nannochloropsis,,W7TIX3,Naga_100156g1,Nannochloropsisgaditana,380,,,W7TIX3;,
C2GJP3_9CORY,,,,,,,,,,,C2GJP3,,,,,,,
E2ASS8_CAMFO,Rhomboid family member 1,Peptidase S54 family,Eukaryota,Metazoa,Hexapoda,Neoptera,Aculeata,Formicinae,Camponotus,,E2ASS8,EAG_07041,Camponotusfloridanus(Floridacarpenterant),925,,,E2ASS8;,
E8R2F7_ISOPI,Rhomboid family protein,Peptidase S54 family,Bacteria,Bacteria,Planctomycetota,Planctomycetia,Isosphaerales,Isosphaeraceae,Isosphaera,Isosphaerapallida,E8R2F7,Isop_0852,Isosphaerapallida(strainATCC43644/DSM9630/IS1B),406,,,E8R2F7;,
W0K1Y3_9EURY,,,,,,,,,,,W0K1Y3,,,,,,,
B7FY64_PHATC,Peptidase S54 rhomboid domain-containing protein,Peptidase S54 family,Eukaryota,Eukaryota,Bacillariophyta,Bacillariophyceae,Naviculales,Phaeodactylaceae,Phaeodactylum,Phaeodactylumtricornutum,B7FY64,PHATRDRAFT_35318,Phaeodactylumtricornutum(strainCCAP1055/1),327,,XP_002179880.1;,B7FY64;,
G3JHZ8_CORMM,Rhomboid family protein,Peptidase S54 family,Eukaryota,Dikarya,Pezizomycotina,Hypocreomycetidae,Hypocreales,Cordycipitaceae,Cordyceps,Cordycepsmilitaris,G3JHZ8,CCM_05958,Cordycepsmilitaris(strainCM01)(Caterpillarfungus),518,,XP_006671165.1;,G3JHZ8;,
V9VSZ1_9RHOB,Rhomboid family protein,Peptidase S54 family,Bacteria,Bacteria,Pseudomonadota,Alphaproteobacteria,Rhodobacterales,Roseobacteraceae,Leisingera,Leisingeramethylohalidivorans,V9VSZ1,METH_06645,LeisingeramethylohalidivoransDSM14336,256,,WP_024089607.1;,V9VSZ1;,
E4NRZ8_HALBP,Uncharacterized membrane protein,,Archaea,Methanobacteriati,Methanobacteriota,Halobacteria,Halobacteriales,Haloferacaceae,Halogeometricum,Halogeometricumborinquense,E4NRZ8,Hbor_24880C499_16007,Halogeometricumborinquense(strainATCC700274/DSM11551/JCM10706/KCTC4070/PR3),301,,WP_006056497.1;,E4NRZ8;,
R7GNE5_9FIRM,Peptidase S54 family,Peptidase S54 family,Bacteria,Bacillati,Bacillota,Erysipelotrichia,Erysipelotrichales,Coprobacillaceae,Catenibacterium,,R7GNE5,BN591_00621,Catenibacteriumsp.CAG:290,189,,,R7GNE5;,
M1WVN7_PSEP2,Rhomboid family protein,,Bacteria,Bacteria,Thermodesulfobacteriota,Desulfovibrionia,Desulfovibrionales,Desulfovibrionaceae,Pseudodesulfovibrio,Pseudodesulfovibriopiezophilus,M1WVN7,BN4_11403,Pseudodesulfovibriopiezophilus(strainDSM21447/JCM15486/C1TLV30)(Desulfovibriopiezophilus),339,,WP_015414684.1;,M1WVN7;,
I4D7T0_DESAJ,Putative membrane protein,Peptidase S54 family,Bacteria,Bacillati,Bacillota,Clostridia,Eubacteriales,Desulfitobacteriaceae,Desulfosporosinus,Desulfosporosinusacidiphilus,I4D7T0,Desaci_2944,Desulfosporosinusacidiphilus(strainDSM22704/JCM16185/SJ4),322,,,I4D7T0;,
Q5E204_ALIF1,Predicted intramembrane serine protease,,Bacteria,Bacteria,Pseudomonadota,Gammaproteobacteria,Vibrionales,Vibrionaceae,Aliivibrio,Aliivibriofischeri,Q5E204,glpGVF_2447,Aliivibriofischeri(strainATCC700601/ES114)(Vibriofischeri),280,,WP_011262813.1;YP_205830.1;,Q5E204;,
A9WR42_RENSM,Rhomboid family membrane protein,Peptidase S54 family,Bacteria,Bacillati,Actinomycetota,Actinomycetes,Micrococcales,Micrococcaceae,Renibacterium,Renibacteriumsalmoninarum,A9WR42,RSal33209_0016,Renibacteriumsalmoninarum(strainATCC33209/DSM20767/JCM11484/NBRC15589/NCIMB2235),290,,WP_012243482.1;,A9WR42;,
A5BJP0_VITVI,Peptidase S54 rhomboid domain-containing protein,Peptidase S54 family,Eukaryota,Viridiplantae,Streptophytina,Magnoliopsida,Vitales,Vitaceae,Vitis,,A5BJP0,VIT_05s0102g00760VITISV_001298,Vitisvinifera(Grape),271,,XP_002268743.1;,A5BJP0;,
A0A094WHF5_ALKAL,Peptidase S54 (S54 family peptidase),Peptidase S54 family,Bacteria,Bacillati,Bacillota,Bacilli,Bacillales,Bacillaceae,Alkalihalobacillus,Alkalihalobacillusalcalophilus,A0A094WHF5,AJ85_11185BALCAV_0217660,AlkalihalobacillusalcalophilusATCC27647=CGMCC1.3604,249,,WP_004427163.1;,A0A094WHF5;,
E6SLA2_THEM7,Rhomboid family protein,,Bacteria,Bacillati,Bacillota,Clostridia,Eubacteriales,ClostridialesFamilyXVII.IncertaeSedis,Thermaerobacter,Thermaerobactermarianensis,E6SLA2,Tmar_1220,Thermaerobactermarianensis(strainATCC700841/DSM12885/JCM10246/7p75a),231,,WP_013495638.1;,E6SLA2;,
U6LT59_9EIME,Rhomboid-like protease (EC 3.4.21.105),Peptidase S54 family,Eukaryota,Eukaryota,Apicomplexa,Coccidia,Eimeriorina,Eimeriidae,Eimeria,,U6LT59,EBH_0037900,Eimeriabrunetti,629,3.4.21.105,,U6LT59;,
Q0FQV8_SALBH,Rhomboid family protein,Peptidase S54 family,Bacteria,Bacteria,Pseudomonadota,Alphaproteobacteria,Rhodobacterales,Roseobacteraceae,Salipiger,Salipigerbermudensis,Q0FQV8,R2601_18980,Salipigerbermudensis(strainDSM26914/JCM13377/KCTC12554/HTCC2601)(Pelagibacabermudensis),247,,WP_007798056.1;,Q0FQV8;,
F3Z741_9ACTN,Putative rhomboid family protein,Peptidase S54 family,Bacteria,Bacillati,Actinomycetota,unclassifiedStreptomyces,Kitasatosporales,Streptomycetaceae,Streptomyces,,F3Z741,STTU_3207,Streptomycessp.Tu6071,341,,WP_007824469.1;,F3Z741;,
C5AQF1_METEA,Rhomboid-like protein (EC 3.4.21.105),Peptidase S54 family,Bacteria,Bacteria,Pseudomonadota,Alphaproteobacteria,Hyphomicrobiales,Methylobacteriaceae,Methylorubrum,Methylorubrumextorquens,C5AQF1,MexAM1_META1p2257,Methylorubrumextorquens(strainATCC14718/DSM1338/JCM2805/NCIMB9133/AM1)(Methylobacteriumextorquens),274,3.4.21.105,WP_003603907.1;,C5AQF1;,
S8CAX9_9LAMI,Peptidase S54 rhomboid domain-containing protein,Peptidase S54 family,Eukaryota,Viridiplantae,Streptophytina,Magnoliopsida,Lamiales,Lentibulariaceae,Genlisea,,S8CAX9,M569_13261,Genliseaaurea,373,,,S8CAX9;,
H8KST2_SOLCM,Putative membrane protein,Peptidase S54 family,Bacteria,Bacteria,Bacteroidota,Sphingobacteriia,Sphingobacteriales,Sphingobacteriaceae,Solitalea,Solitaleacanadensis,H8KST2,Solca_0069,Solitaleacanadensis(strainATCC29591/DSM3403/JCM21819/LMG8368/NBRC15130/NCIMB12057/USAM9D)(Flexibactercanadensis),326,,WP_014678454.1;,H8KST2;,
B6AZT2_9RHOB,"Peptidase, S54 (Rhomboid) family",Peptidase S54 family,Bacteria,Bacteria,Pseudomonadota,unclassifiedParacoccaceae,Rhodobacterales,Paracoccaceae,,,B6AZT2,RB2083_481,RhodobacteraceaebacteriumHTCC2083,255,,,B6AZT2;,
B1L4C8_KORCO,Rhomboid family protein,,Archaea,Thermoproteati,Thermoproteota,CandidatusKorarchaeia,CandidatusKorarchaeales,CandidatusKorarchaeaceae,CandidatusKorarchaeum,CandidatusKorarchaeumcryptofilum,B1L4C8,Kcr_0554,Korarchaeumcryptofilum(strainOPF8),452,,WP_012309204.1;,B1L4C8;,
D8J9S3_HALJB,Peptidase S54 rhomboid domain-containing protein,,Archaea,Methanobacteriati,Methanobacteriota,Halobacteria,Halobacteriales,Halococcaceae,Halalkalicoccus,Halalkalicoccusjeotgali,D8J9S3,HacjB3_15165C497_10393,Halalkalicoccusjeotgali(strainDSM18796/CECT7217/JCM14584/KCTC4019/B3),192,,WP_008416518.1;,D8J9S3;,
A0A075TZY4_9CORY,,,,,,,,,,,A0A075TZY4,,,,,,,
R5SYN4_9CLOT,,,,,,,,,,,R5SYN4,,,,,,,
I4W5K4_9GAMM,Peptidase S54 rhomboid domain-containing protein,,Bacteria,Bacteria,Pseudomonadota,Gammaproteobacteria,Lysobacterales,Rhodanobacteraceae,Rhodanobacter,Rhodanobacterspathiphylli,I4W5K4,UU7_01252,RhodanobacterspathiphylliB39,204,,WP_007804618.1;,I4W5K4;,
B8MQZ0_TALSN,Rhomboid-type serine protease (EC 3.4.21.105),Peptidase S54 family,Eukaryota,Dikarya,Pezizomycotina,Eurotiomycetidae,Eurotiales,Trichocomaceae,Talaromyces,Talaromycesstipitatus,B8MQZ0,TSTA_053430,Talaromycesstipitatus(strainATCC10500/CBS375.48/QM6759/NRRL1006)(Penicilliumstipitatum),526,3.4.21.105,XP_002486936.1;,B8MQZ0;,
A0A089IFR0_9BACL,Rhomboid family protein,Peptidase S54 family,Bacteria,Bacillati,Bacillota,unclassifiedPaenibacillus,Bacillales,Paenibacillaceae,Paenibacillus,,A0A089IFR0,H70737_10245,Paenibacillussp.FSLH7-0737,211,,WP_042193618.1;,A0A089IFR0;,
B5I9D4_ACIB4,Rhomboid family protein,,Archaea,Methanobacteriati,Thermoplasmatota,,,,CandidatusAciduliprofundum,CandidatusAciduliprofundumboonei,B5I9D4,Aboo_0788,Aciduliprofundumboonei(strainDSM19572/T469),288,,WP_008082071.1;,B5I9D4;,
W6NW24_HAECO,EF hand and Peptidase S54 domain containing protein,Peptidase S54 family,Eukaryota,Metazoa,Nematoda,Chromadorea,Rhabditomorpha,Trichostrongylidae,Haemonchus,,W6NW24,HCOI_01708300,Haemonchuscontortus(Barberpoleworm),358,,,W6NW24;,
A0A089U8Q4_9ENTR,,,,,,,,,,,A0A089U8Q4,,,,,,,
G8AMM9_9PROT,,,,,,,,,,,G8AMM9,,,,,,,
F0YEU6_AURAN,Peptidase S54 rhomboid domain-containing protein,Peptidase S54 family,Eukaryota,Eukaryota,,Pelagophyceae,Pelagomonadales,Pelagomonadaceae,Aureococcus,,F0YEU6,AURANDRAFT_3821,Aureococcusanophagefferens(Harmfulbloomalga),232,,XP_009038841.1;,F0YEU6;,
E3BN91_9VIBR,Thiosulfate sulfurtransferase GlpG,Peptidase S54 family,Bacteria,Bacteria,Pseudomonadota,Gammaproteobacteria,Vibrionales,Vibrionaceae,Vibrio,Vibriocaribbeanicus,E3BN91,VIBC2010_04349,VibriocaribbeanicusATCCBAA-2122,265,,,E3BN91;,
A0A0K0J7N0_BRUMA,,,,,,,,,,,A0A0K0J7N0,,,,,,,
Q9KQL7_VIBCH,Peptidase S54 rhomboid domain-containing protein,,Bacteria,Bacteria,Pseudomonadota,Gammaproteobacteria,Vibrionales,Vibrionaceae,Vibrio,Vibriocholerae,Q9KQL7,VC_1981,VibriocholeraeserotypeO1(strainATCC39315/ElTorInabaN16961),222,,,Q9KQL7;,
H2XJX5_CIOIN,rhomboid protease (EC 3.4.21.105),Peptidase S54 family,Eukaryota,Metazoa,Tunicata,Ascidiacea,Phlebobranchia,Cionidae,Ciona,,H2XJX5,LOC100180919,Cionaintestinalis(Transparentseasquirt)(Ascidiaintestinalis),359,3.4.21.105,XP_002130870.1;,H2XJX5;,
N1PVH9_DOTSN,Rhomboid-type serine protease (EC 3.4.21.105),Peptidase S54 family,Eukaryota,Dikarya,Pezizomycotina,Dothideomycetidae,Mycosphaerellales,Mycosphaerellaceae,Dothistroma,Dothistromaseptosporum,N1PVH9,DOTSEDRAFT_166397,Dothistromaseptosporum(strainNZE10/CBS128990)(Redbandneedleblightfungus)(Mycosphaerellapini),505,3.4.21.105,,N1PVH9;,
A8ESD6_ALIB4,Rhomboid-like protein,Peptidase S54 family,Bacteria,Bacteria,Campylobacterota,Epsilonproteobacteria,Campylobacterales,Arcobacteraceae,Aliarcobacter,Aliarcobacterbutzleri,A8ESD6,Abu_0593,Aliarcobacterbutzleri(strainRM4018)(Arcobacterbutzleri),187,,WP_012012379.1;,A8ESD6;,
K4L283_9FIRM,Rhomboid-like protein,Peptidase S54 family,Bacteria,Bacillati,Bacillota,unclassifiedDehalobacter,Eubacteriales,Desulfitobacteriaceae,Dehalobacter,,K4L283,DCF50_p644,Dehalobactersp.CF,203,,,K4L283;,
A0A0C4YJ17_9BURK,Membrane protein,,Bacteria,Bacteria,Pseudomonadota,Betaproteobacteria,Burkholderiales,Burkholderiaceae,Cupriavidus,,A0A0C4YJ17,RR42_s1450,Cupriavidusbasilensis,193,,WP_052495022.1;,A0A0C4YJ17;,
I1QL90_ORYGL,RHOMBOID-like protein (EC 3.4.21.105),Peptidase S54 family,Eukaryota,Viridiplantae,Streptophytina,Petrosaviidae,Poales,Oryzoideae,Oryza,,I1QL90,,Oryzaglaberrima(Africanrice),323,3.4.21.105,,I1QL90;,
C7PZ01_CATAD,Rhomboid family protein,Peptidase S54 family,Bacteria,Bacillati,Actinomycetota,Actinomycetes,Catenulisporales,Catenulisporaceae,Catenulispora,Catenulisporaacidiphila,C7PZ01,Caci_0621,Catenulisporaacidiphila(strainDSM44928/JCM14897/NBRC102108/NRRLB-24433/ID139908),359,,WP_012784852.1;,C7PZ01;,
F4LM73_TREBD,Rhomboid family protein,Peptidase S54 family,Bacteria,Bacteria,Spirochaetota,Spirochaetia,Spirochaetales,Treponemataceae,Treponema,Treponemabrennaborense,F4LM73,Trebr_2330,Treponemabrennaborense(strainDSM12168/CIP105900/DD5/3),213,,WP_013759440.1;,F4LM73;,
Q5GTY6_XANOR,Peptidase S54 rhomboid domain-containing protein,Peptidase S54 family,Bacteria,Bacteria,Pseudomonadota,Gammaproteobacteria,Lysobacterales,Lysobacteraceae,Xanthomonas,Xanthomonasoryzae,Q5GTY6,GlpGXOO4583,Xanthomonasoryzaepv.oryzae(strainKACC10331/KXO85),243,,,Q5GTY6;,
B3PJ62_CELJU,"Peptidase, rhomboid family",Peptidase S54 family,Bacteria,Bacteria,Pseudomonadota,Gammaproteobacteria,Cellvibrionales,Cellvibrionaceae,Cellvibrio,Cellvibriojaponicus,B3PJ62,CJA_2172,Cellvibriojaponicus(strainUeda107)(Pseudomonasfluorescenssubsp.cellulosa),287,,WP_012487774.1;,B3PJ62;,
F2KUV2_PREDF,,,,,,,,,,,F2KUV2,,,,,,,
A6FX11_9BACT,Peptidase S54 rhomboid domain-containing protein,,Bacteria,Bacteria,Myxococcota,Polyangia,Nannocystales,Nannocystaceae,Plesiocystis,Plesiocystispacifica,A6FX11,PPSIR1_05193,PlesiocystispacificaSIR-1,227,,WP_006969010.1;,A6FX11;,
K4IX93_PSYTT,"Membrane protein, rhomboid family",Peptidase S54 family,Bacteria,Bacteria,Bacteroidota,Flavobacteriia,Flavobacteriales,Flavobacteriaceae,Psychroflexus,Psychroflexustorquis,K4IX93,P700755_003443,Psychroflexustorquis(strainATCC700755/CIP106069/ACAM623),250,,WP_015025617.1;,K4IX93;,
B7XP11_ENTBH,,,,,,,,,,,B7XP11,,,,,,,
B8AT43_ORYSI,RHOMBOID-like protein (EC 3.4.21.105),Peptidase S54 family,Eukaryota,Viridiplantae,Streptophytina,Petrosaviidae,Poales,Oryzoideae,Oryza,Oryzasativa,B8AT43,OsI_17028,Oryzasativasubsp.indica(Rice),342,3.4.21.105,,B8AT43;,
B9KG76_CAMLR,Putative membrane protein (Rhomboid family),Peptidase S54 family,Bacteria,Bacteria,Campylobacterota,Epsilonproteobacteria,Campylobacterales,Campylobacteraceae,Campylobacter,Campylobacterlari,B9KG76,Cla_0732,Campylobacterlari(strainRM2100/D67/ATCCBAA-1060),176,,WP_012661444.1;,B9KG76;,
C8NDY2_9LACT,"Peptidase, S54 family (EC 3.4.21.-)",Peptidase S54 family,Bacteria,Bacillati,Bacillota,Bacilli,Lactobacillales,Carnobacteriaceae,Granulicatella,Granulicatellaadiacens,C8NDY2,HMPREF0444_0127,GranulicatellaadiacensATCC49175,232,3.4.21.-,WP_005605053.1;,C8NDY2;,
Q7NDH2_GLOVI,Gll4263 protein,,Bacteria,Bacillati,Cyanobacteriota,Cyanophyceae,Gloeobacterales,Gloeobacteraceae,Gloeobacter,Gloeobacterviolaceus,Q7NDH2,gll4263,Gloeobacterviolaceus(strainATCC29082/PCC7421),237,,NP_927209.1;WP_011144247.1;,Q7NDH2;,
D8K1X2_DEHLB,,,,,,,,,,,D8K1X2,,,,,,,
E4XEZ2_OIKDI,rhomboid protease (EC 3.4.21.105),Peptidase S54 family,Eukaryota,Metazoa,Tunicata,Appendicularia,Copelata,Oikopleuridae,Oikopleura,,E4XEZ2,GSOID_T00009524001,Oikopleuradioica(Tunicate),334,3.4.21.105,,E4XEZ2;,
B1MZM1_LEUCK,"Small hydrophobic molecule transporter protein, putative",Peptidase S54 family,Bacteria,Bacillati,Bacillota,Bacilli,Lactobacillales,Lactobacillaceae,Leuconostoc,Leuconostoccitreum,B1MZM1,LCK_01146,Leuconostoccitreum(strainKM20),229,,WP_004908905.1;,B1MZM1;,
K2JEB1_9RHOB,Peptidase S54 rhomboid domain-containing protein,,Bacteria,Bacteria,Pseudomonadota,Alphaproteobacteria,Rhodobacterales,Roseobacteraceae,Celeribacter,Celeribacterbaekdonensis,K2JEB1,B30_05302,CeleribacterbaekdonensisB30,259,,,K2JEB1;,
V5WIX8_9SPIO,Rhomboid family protein,,Bacteria,Bacteria,Spirochaetota,Spirochaetia,Spirochaetales,Spirochaetaceae,Salinispira,,V5WIX8,L21SP2_2207,Salinispirapacifica,202,,WP_024268474.1;,V5WIX8;,
H3AMB0_LATCH,Rhomboid-related protein 2 (EC 3.4.21.105),Peptidase S54 family,Eukaryota,Metazoa,Craniata,Sarcopterygii,Coelacanthiformes,Coelacanthidae,Latimeria,,H3AMB0,RHBDL2,Latimeriachalumnae(Coelacanth),291,3.4.21.105,,H3AMB0;,
R6G870_9FIRM,,,,,,,,,,,R6G870,,,,,,,
R6B193_9BACT,,,,,,,,,,,R6B193,,,,,,,
F8JH64_HYPSM,Rhomboid family protein,,Bacteria,Bacteria,Pseudomonadota,unclassifiedHyphomicrobium,Hyphomicrobiales,Hyphomicrobiaceae,Hyphomicrobium,,F8JH64,HYPMC_4901,Hyphomicrobiumsp.(strainMC1),219,,WP_013950499.1;,F8JH64;,
B2TLC9_CLOBB,Rhomboid family protein,Peptidase S54 family,Bacteria,Bacillati,Bacillota,Clostridia,Eubacteriales,Clostridiaceae,Clostridium,Clostridiumbotulinum,B2TLC9,CLL_A0777,Clostridiumbotulinum(strainEklund17B/TypeB),321,,,B2TLC9;,
A0A0N1N9W0_9ACTN,"Peptidase S54, rhomboid domain containing protein",Peptidase S54 family,Bacteria,Bacillati,Actinomycetota,unclassifiedActinomycetes,,,,,A0A0N1N9W0,OK006_1064,ActinobacteriabacteriumOK006,324,,,A0A0N1N9W0;,
R7BLF6_9FIRM,Rhomboid family protein,Peptidase S54 family,Bacteria,Bacillati,Bacillota,unclassifiedBacillota,,,,,R7BLF6,BN803_00795,FirmicutesbacteriumCAG:882,340,,,R7BLF6;,
K6YDA0_9ALTE,GlpG protein,Peptidase S54 family,Bacteria,Bacteria,Pseudomonadota,Gammaproteobacteria,Alteromonadales,Alteromonadaceae,Paraglaciecola,Paraglaciecolaarctica,K6YDA0,glpGGARC_4976,ParaglaciecolaarcticaBSs20135,290,,WP_007625381.1;,K6YDA0;,
C1AEK9_GEMAT,Uncharacterized protein,,Bacteria,Bacteria,Gemmatimonadota,Gemmatimonadia,Gemmatimonadales,Gemmatimonadaceae,Gemmatimonas,Gemmatimonasaurantiaca,C1AEK9,GAU_3894,Gemmatimonasaurantiaca(strainDSM14586/JCM11422/NBRC100505/T-27),306,,WP_015895703.1;,C1AEK9;,
G8UMT9_TANFA,"Peptidase, S54 family (EC 3.4.21.-)",Peptidase S54 family,Bacteria,Bacteria,Bacteroidota,Bacteroidia,Bacteroidales,Tannerellaceae,Tannerella,Tannerellaforsythia,G8UMT9,BFO_2771,Tannerellaforsythia(strainATCC43037/JCM10827/CCUG21028A/KCTC5666/FDC338)(Bacteroidesforsythus),294,3.4.21.-,WP_014225894.1;,G8UMT9;,
A0A068QXP9_9GAMM,Rhomboid protease GlpG,Peptidase S54 family,Bacteria,Bacteria,Pseudomonadota,Gammaproteobacteria,Enterobacterales,Morganellaceae,Xenorhabdus,,A0A068QXP9,glpGXDD1_3894,Xenorhabdusdoucetiae,279,3.4.21.105,WP_045973194.1;,A0A068QXP9;,
F7FC61_ORNAN,Rhomboid domain containing 1,,Eukaryota,Metazoa,Craniata,Mammalia,Monotremata,Ornithorhynchidae,Ornithorhynchus,,F7FC61,RHBDD1,Ornithorhynchusanatinus(Duckbillplatypus),318,,,F7FC61;,
K0NFE5_DESTT,"Predicted peptidase S54, rhomboid",,Bacteria,Bacteria,Thermodesulfobacteriota,Desulfobacteria,Desulfobacterales,Desulfobacteraceae,Desulfobacula,Desulfobaculatoluolica,K0NFE5,TOL2_C14670,Desulfobaculatoluolica(strainDSM7467/Tol2),324,,WP_014956976.1;,K0NFE5;,
A0A0G0GUY9_9BACT,Rhomboid family protein,Peptidase S54 family,Bacteria,Bacteria,,,,,,,A0A0G0GUY9,US52_C0045G0003,candidatedivisionWS6bacteriumGW2011_GWA2_37_6,214,,,A0A0G0GUY9;,
A9BFH0_PETMO,Rhomboid family protein,Peptidase S54 family,Bacteria,Bacteria,Thermotogota,Thermotogae,Petrotogales,Petrotogaceae,Petrotoga,Petrotogamobilis,A9BFH0,Pmob_0209,Petrotogamobilis(strainDSM10674/SJ95),226,,WP_012208062.1;,A9BFH0;,
D7CWU1_TRURR,Rhomboid family protein,Peptidase S54 family,Bacteria,Bacteria,Deinococcota,Deinococci,Trueperales,Trueperaceae,Truepera,Trueperaradiovictrix,D7CWU1,Trad_0039,Trueperaradiovictrix(strainDSM17093/CIP108686/LMG22925/RQ-24),216,,WP_013176562.1;,D7CWU1;,
D6EB33_9ACTN,Uncharacterized membrane protein (Homolog of Drosophila rhomboid),Peptidase S54 family,Bacteria,Bacillati,Actinomycetota,Coriobacteriia,Eggerthellales,Eggerthellaceae,Gordonibacter,Gordonibacterpamelaeae,D6EB33,GPA_30260,Gordonibacterpamelaeae7-10-1-b,285,,,D6EB33;,
A7TE48_VANPO,Rhomboid-type serine protease 2 (EC 3.4.21.105) (Rhomboid protein 2),Peptidase S54 family,Eukaryota,Dikarya,Saccharomycotina,Saccharomycetes,Saccharomycetales,Saccharomycetaceae,Vanderwaltozyma,Vanderwaltozymapolyspora,A7TE48,Kpol_1002p15,Vanderwaltozymapolyspora(strainATCC22028/DSM70294/BCRC21397/CBS2163/NBRC10782/NRRLY-8283/UCD57-17)(Kluyveromycespolysporus),261,3.4.21.105,XP_001647228.1;,A7TE48;,
J3K2G9_COCIM,Rhomboid-type serine protease (EC 3.4.21.105),Peptidase S54 family,Eukaryota,Dikarya,Pezizomycotina,Eurotiomycetidae,Onygenales,Onygenaceae,Coccidioides,Coccidioidesimmitis,J3K2G9,CIMG_09487,Coccidioidesimmitis(strainRS)(Valleyfeverfungus),485,3.4.21.105,XP_001239866.1;,J3K2G9;,
S1R2V5_9ENTE,Peptidase S54 rhomboid domain-containing protein,Peptidase S54 family,Bacteria,Bacillati,Bacillota,Bacilli,Lactobacillales,Enterococcaceae,Enterococcus,Enterococcuscecorum,S1R2V5,OMO_00824,EnterococcuscecorumDSM20682=ATCC43198,222,,WP_016252470.1;,S1R2V5;,
W6KIW9_MAGSQ,Peptidase S54 rhomboid domain-containing protein,,Bacteria,Bacteria,Pseudomonadota,unclassifiedMagnetospira,Rhodospirillales,Thalassospiraceae,Magnetospira,,W6KIW9,MGMAQ_1636,Magnetospirasp.(strainQH-2)(Marinemagneticspirillum(strainQH-2)),240,,WP_046021097.1;,W6KIW9;,
D0D7P4_9RHOB,,,,,,,,,,,D0D7P4,,,,,,,
C2M3T3_CAPGI,,,,,,,,,,,C2M3T3,,,,,,,
A0A0B5DM98_9ACTN,Rhomboid family intramembrane serine protease (Rhomboid family protein),Peptidase S54 family,Bacteria,Bacillati,Actinomycetota,Actinomycetes,Kitasatosporales,Streptomycetaceae,Streptomyces,,A0A0B5DM98,CP978_17545SNOD_17255,Streptomycesnodosus,302,,WP_043442075.1;,A0A0B5DM98;,
E1VRK9_GLUAR,,,,,,,,,,,E1VRK9,,,,,,,
A0A0F4KKX6_9ACTN,,,,,,,,,,,A0A0F4KKX6,,,,,,,
K5WP65_PHACS,Rhomboid-type serine protease (EC 3.4.21.105),Peptidase S54 family,Eukaryota,Dikarya,Agaricomycotina,Agaricomycetes,Polyporales,Phanerochaetaceae,Phanerochaete,Phanerochaetecarnosa,K5WP65,PHACADRAFT_134676,Phanerochaetecarnosa(strainHHB-10118-sp)(White-rotfungus)(Peniophoracarnosa),458,3.4.21.105,XP_007390678.1;,K5WP65;,
D6X9J9_STRE2,Peptidase S54 rhomboid domain-containing protein,Peptidase S54 family,Bacteria,Bacillati,Actinomycetota,Actinomycetes,Kitasatosporales,Streptomycetaceae,Streptomyces,Streptomycespristinaespiralis,D6X9J9,SSDG_06560,Streptomycespristinaespiralis(strainATCC25486/DSM40338/CBS914.69/JCM4507/KCCS-0507/NBRC13074/NRRL2958/5647),299,,WP_005314887.1;,D6X9J9;,
A0KEH7_AERHH,GlpG protein,,Bacteria,Bacteria,Pseudomonadota,Gammaproteobacteria,Aeromonadales,Aeromonadaceae,Aeromonas,Aeromonashydrophilasubsp.hydrophila,A0KEH7,AHA_0105,Aeromonashydrophilasubsp.hydrophila(strainATCC7966/DSM30187/BCRC13018/CCUG14551/JCM1027/KCTC2358/NCIMB9240/NCTC8049),277,,WP_011704134.1;YP_854633.1;,A0KEH7;,
G8AL32_9PROT,,,,,,,,,,,G8AL32,,,,,,,
U5RVY9_9CLOT,,,,,,,,,,,U5RVY9,,,,,,,
A0A0A1B6I6_9GAMM,,,,,,,,,,,A0A0A1B6I6,,,,,,,
C7LWM0_DESBD,Rhomboid family protein,,Bacteria,Bacteria,Thermodesulfobacteriota,Desulfovibrionia,Desulfovibrionales,Desulfomicrobiaceae,Desulfomicrobium,Desulfomicrobiumbaculatum,C7LWM0,Dbac_1812,Desulfomicrobiumbaculatum(strainDSM4028/VKMB-1378/X)(Desulfovibriobaculatus),237,,WP_015773994.1;,C7LWM0;,
T1GC75_MEGSC,Peptidase S54 rhomboid domain-containing protein,Peptidase S54 family,Eukaryota,Metazoa,Hexapoda,Neoptera,Muscomorpha,Metopininae,Megaselia,,T1GC75,,Megaseliascalaris(Humpbackedfly)(Phorascalaris),146,,,T1GC75;,
E2RD89_CANLF,,,,,,,,,,,E2RD89,,,,,,,
A0A077LPN7_9PSED,Rhomboid family protein,Peptidase S54 family,Bacteria,Bacteria,Pseudomonadota,unclassifiedPseudomonas,Pseudomonadales,Pseudomonadaceae,Pseudomonas,,A0A077LPN7,PSCI_5549,Pseudomonassp.StFLB209,290,,WP_045493481.1;,A0A077LPN7;,
R6FDC6_9BACE,Rhomboid family protein,Peptidase S54 family,Bacteria,Bacteria,Bacteroidota,unclassifiedBacteroides,Bacteroidales,Bacteroidaceae,Bacteroides,,R6FDC6,BN744_01427,Bacteroidessp.CAG:633,296,,WP_022162929.1;,R6FDC6;,
A0A0F5PCH9_9SPHN,Rhomboid family protein,Peptidase S54 family,Bacteria,Bacteria,Pseudomonadota,unclassifiedSphingomonas,Sphingomonadales,Sphingomonadaceae,Sphingomonas,,A0A0F5PCH9,WP12_11015,Sphingomonassp.SRS2,209,,WP_046193770.1;,A0A0F5PCH9;,
C4LGD9_CORK4,Putative membrane protein,,Bacteria,Bacillati,Actinomycetota,Actinomycetes,Mycobacteriales,Corynebacteriaceae,Corynebacterium,Corynebacteriumkroppenstedtii,C4LGD9,ckrop_0036,Corynebacteriumkroppenstedtii(strainDSM44385/JCM11950/CIP105744/CCUG35717),278,,WP_012730723.1;,C4LGD9;,
F4XD41_9FIRM,Peptidase S54 rhomboid domain-containing protein,,Bacteria,Bacillati,Bacillota,unclassifiedOscillospiraceae,Eubacteriales,Oscillospiraceae,,,F4XD41,HMPREF0866_01759,RuminococcaceaebacteriumD16,191,,,F4XD41;,
W0RNL5_9BACT,"Peptidase S54, rhomboid domain protein",,Bacteria,Bacteria,Gemmatimonadota,Gemmatimonadia,Gemmatimonadales,Gemmatimonadaceae,Gemmatirosa,,W0RNL5,J421_4796,Gemmatirosakalamazoonensis,257,,,W0RNL5;,
A0A067MY51_BOTB1,Rhomboid-type serine protease (EC 3.4.21.105),Peptidase S54 family,Eukaryota,Dikarya,Agaricomycotina,Agaricomycetes,Cantharellales,Botryobasidiaceae,Botryobasidium,Botryobasidiumbotryosum,A0A067MY51,BOTBODRAFT_151523,Botryobasidiumbotryosum(strainFD-172SS1),479,3.4.21.105,,A0A067MY51;,
I3ILX2_9BACT,Uncharacterized protein,,Bacteria,Bacteria,Planctomycetota,CandidatusBrocadiia,CandidatusBrocadiales,CandidatusBrocadiaceae,CandidatusJettenia,,I3ILX2,KSU1_C1121,CandidatusJetteniacaeni,291,,,I3ILX2;,
G2SPP3_LIGR2,Rhomboid family integral membrane protein,Peptidase S54 family,Bacteria,Bacillati,Bacillota,Bacilli,Lactobacillales,Lactobacillaceae,Ligilactobacillus,Ligilactobacillusruminis,G2SPP3,LRC_12370,Ligilactobacillusruminis(strainATCC27782/RF3)(Lactobacillusruminis),219,,WP_014073673.1;,G2SPP3;,
K5XJ57_AGABU,Rhomboid-type serine protease (EC 3.4.21.105),Peptidase S54 family,Eukaryota,Dikarya,Agaricomycotina,Agaricomycetidae,Agaricineae,Agaricaceae,Agaricus,Agaricusbisporus,K5XJ57,AGABI1DRAFT_110173,Agaricusbisporusvar.burnettii(strainJB137-S8/ATCCMYA-4627/FGSC10392)(Whitebuttonmushroom),493,3.4.21.105,XP_007325441.1;,K5XJ57;,
C9YVI8_STRSW,Putative integral membrane protein,Peptidase S54 family,Bacteria,Bacillati,Actinomycetota,Actinomycetes,Kitasatosporales,Streptomycetaceae,Streptomyces,Streptomycesscabiei,C9YVI8,SCAB_68631,Streptomycesscabiei(strain87.22),309,,WP_013004411.1;,C9YVI8;,
A0A0M2MUB2_9ACTN,,,,,,,,,,,A0A0M2MUB2,,,,,,,
A1T085_PSYIN,Membrane serine peptidase,Peptidase S54 family,Bacteria,Bacteria,Pseudomonadota,Gammaproteobacteria,Alteromonadales,Psychromonadaceae,Psychromonas,Psychromonasingrahamii,A1T085,Ping_3467,Psychromonasingrahamii(strainDSM17664/CCUG51855/37),280,,WP_011771702.1;,A1T085;,
F0UBF2_AJEC8,Rhomboid-type serine protease (EC 3.4.21.105),Peptidase S54 family,Eukaryota,Dikarya,Pezizomycotina,Eurotiomycetidae,Onygenales,Ajellomycetaceae,Histoplasma,Ajellomycescapsulatus,F0UBF2,HCEG_03068,Ajellomycescapsulatus(strainH88)(Darling'sdiseasefungus)(Histoplasmacapsulatum),530,3.4.21.105,,F0UBF2;,
A0A077J818_9BACI,,,,,,,,,,,A0A077J818,,,,,,,
C5CDZ2_KOSOT,Rhomboid family protein,Peptidase S54 family,Bacteria,Bacteria,Thermotogota,Thermotogae,Kosmotogales,Kosmotogaceae,Kosmotoga,Kosmotogaolearia,C5CDZ2,Kole_1401,Kosmotogaolearia(strainATCCBAA-1733/DSM21960/TBF19.5.1),236,,WP_015868741.1;,C5CDZ2;,
G7W9C1_DESOD,Putative membrane protein,,Bacteria,Bacillati,Bacillota,Clostridia,Eubacteriales,Desulfitobacteriaceae,Desulfosporosinus,Desulfosporosinusorientis,G7W9C1,Desor_3797,Desulfosporosinusorientis(strainATCC19365/DSM765/NCIMB8382/VKMB-1628/SingaporeI)(Desulfotomaculumorientis),188,,WP_014186066.1;,G7W9C1;,
Q74EV8_GEOSL,Rhomboid-related membrane protein,,Bacteria,Bacteria,Thermodesulfobacteriota,Desulfuromonadia,Geobacterales,Geobacteraceae,Geobacter,Geobactersulfurreducens,Q74EV8,GSU0851,Geobactersulfurreducens(strainATCC51573/DSM12127/PCA),241,,NP_951908.1;WP_010941515.1;,Q74EV8;,
R4M0V9_ACTS9,Rhomboid family protein,Peptidase S54 family,Bacteria,Bacillati,Actinomycetota,unclassifiedActinoplanes,Micromonosporales,Micromonosporaceae,Actinoplanes,,R4M0V9,L083_8094,Actinoplanessp.(strainN902-109),267,,,R4M0V9;,
B4EZN0_PROMH,Rhomboid protease GlpG,Peptidase S54 family,Bacteria,Bacteria,Pseudomonadota,Gammaproteobacteria,Enterobacterales,Morganellaceae,Proteus,Proteusmirabilis,B4EZN0,glpGPMI2928,Proteusmirabilis(strainHI4320),279,3.4.21.105,WP_004246754.1;,B4EZN0;,
Q67N90_SYMTH,Conserved domain protein,Peptidase S54 family,Bacteria,Bacillati,Bacillota,Clostridia,Eubacteriales,Symbiobacteriaceae,Symbiobacterium,Symbiobacteriumthermophilum,Q67N90,STH1868,Symbiobacteriumthermophilum(strainDSM24528/JCM14929/IAM14863/T),398,,WP_011195995.1;,Q67N90;,
Q8XW20_RALN1,Probable transmembrane protein,,Bacteria,Bacteria,Pseudomonadota,Betaproteobacteria,Burkholderiales,Burkholderiaceae,Ralstonia,Ralstoniapseudosolanacearum,Q8XW20,RSc2655,Ralstonianicotianae(strainATCCBAA-1114/GMI1000)(Ralstoniasolanacearum),206,,WP_011002565.1;,Q8XW20;,
R6BYS8_9BACT,,,,,,,,,,,R6BYS8,,,,,,,
A0A0N1HZY7_9EURO,rhomboid protease (EC 3.4.21.105),Peptidase S54 family,Eukaryota,Dikarya,Pezizomycotina,Chaetothyriomycetidae,Chaetothyriales,Cyphellophoraceae,Cyphellophora,,A0A0N1HZY7,AB675_8256,Cyphellophoraattinorum,279,3.4.21.105,XP_018004495.1;,A0A0N1HZY7;,
B6JEH4_AFIC5,Rhomboid-like protein,,Bacteria,Bacteria,Pseudomonadota,Alphaproteobacteria,Hyphomicrobiales,Nitrobacteraceae,Afipia,Afipiacarboxidovorans,B6JEH4,OCA5_c23900,Afipiacarboxidovorans(strainATCC49405/DSM1227/KCTC32145/OM5)(Oligotrophacarboxidovorans),255,,,B6JEH4;,
L0DVI1_THIND,Rhomboid family protein,,Bacteria,Bacteria,Pseudomonadota,Gammaproteobacteria,Chromatiales,Ectothiorhodospiraceae,Thioalkalivibrio,Thioalkalivibrionitratireducens,L0DVI1,TVNIR_1346,Thioalkalivibrionitratireducens(strainDSM14787/UNIQEM213/ALEN2),213,,,L0DVI1;,
A1ZXF2_MICM2,"Rhomboid (Drosophila) related protein 1, putative",,Bacteria,Bacteria,Bacteroidota,Cytophagia,Cytophagales,Microscillaceae,Microscilla,Microscillamarina,A1ZXF2,M23134_04959,MicroscillamarinaATCC23134,209,,WP_002703825.1;,A1ZXF2;,
J9HKB9_9ACTN,,,,,,,,,,,J9HKB9,,,,,,,
F6GEJ7_LACS5,Rhomboid family protein,Peptidase S54 family,Bacteria,Bacteria,Bacteroidota,unclassifiedLacinutrix,Flavobacteriales,Flavobacteriaceae,Lacinutrix,,F6GEJ7,Lacal_1870,Lacinutrixsp.(strain5H-3-7-4),261,,,F6GEJ7;,
E4U5P3_OCEP5,Rhomboid family protein,Peptidase S54 family,Bacteria,Bacteria,Deinococcota,Deinococci,Thermales,Thermaceae,Oceanithermus,Oceanithermusprofundus,E4U5P3,Ocepr_0138,Oceanithermusprofundus(strainDSM14977/NBRC100410/VKMB-2274/506),218,,WP_013456771.1;,E4U5P3;,
K9XRF7_STAC7,Rhomboid family protein,Peptidase S54 family,Bacteria,Bacillati,Cyanobacteriota,Cyanophyceae,Pleurocapsales,Dermocarpellaceae,Stanieria,Stanieriacyanosphaera,K9XRF7,Sta7437_1056,Stanieriacyanosphaera(strainATCC29371/PCC7437),235,,WP_015192309.1;,K9XRF7;,
R0HCR7_9BRAS,RHOMBOID-like protein (EC 3.4.21.105),Peptidase S54 family,Eukaryota,Viridiplantae,Streptophytina,Magnoliopsida,Brassicales,Brassicaceae,Capsella,,R0HCR7,CARUB_v10023423mg,Capsellarubella,381,3.4.21.105,XP_006294406.1;,R0HCR7;,
A0A0D4DR94_9ACTN,,,,,,,,,,,A0A0D4DR94,,,,,,,
A0A0F4K1A7_9ACTN,Rhomboid family protein,Peptidase S54 family,Bacteria,Bacillati,Actinomycetota,Actinomycetes,Kitasatosporales,Streptomycetaceae,Streptomyces,,A0A0F4K1A7,VR44_00770,Streptomyceskatrae,291,,WP_045945362.1;,A0A0F4K1A7;,
H2VHZ6_CAEJA,,,,,,,,,,,H2VHZ6,,,,,,,
W9SG38_9ROSA,RHOMBOID-like protein (EC 3.4.21.105),Peptidase S54 family,Eukaryota,Viridiplantae,Streptophytina,Magnoliopsida,Rosales,Moraceae,Morus,,W9SG38,L484_021278,Morusnotabilis,390,3.4.21.105,XP_010111455.1;,W9SG38;,
R6TW85_9BACE,,,,,,,,,,,R6TW85,,,,,,,
F8I7E8_SULAT,,,,,,,,,,,F8I7E8,,,,,,,
D3FYJ5_ALKPO,"Rhomboid protein, putative membrane-associated serine peptidase",Peptidase S54 family,Bacteria,Bacillati,Bacillota,Bacilli,Bacillales,Bacillaceae,Alkalihalophilus,Alkalihalophiluspseudofirmus,D3FYJ5,BpOF4_13980,Alkalihalophiluspseudofirmus(strainATCCBAA-2126/JCM17055/OF4)(Bacilluspseudofirmus),512,,WP_012958209.1;,D3FYJ5;,
D9XP81_9ACTN,Rhomboid family protein,Peptidase S54 family,Bacteria,Bacillati,Actinomycetota,Actinomycetes,Kitasatosporales,Streptomycetaceae,Streptomyces,Streptomycesgriseoflavus,D9XP81,SSRG_04702,StreptomycesgriseoflavusTu4000,308,,WP_004932490.1;,D9XP81;,
Q2IPJ4_ANADE,Rhomboid-like protein,,Bacteria,Bacteria,Myxococcota,Myxococcia,Cystobacterineae,Anaeromyxobacteraceae,Anaeromyxobacter,Anaeromyxobacterdehalogenans,Q2IPJ4,Adeh_0954,Anaeromyxobacterdehalogenans(strain2CP-C),246,,WP_011420012.1;,Q2IPJ4;,
A0A0H4VR12_9BACT,Protease,Peptidase S54 family,Bacteria,Bacteria,Bacteroidota,Cytophagia,Cytophagales,Hymenobacteraceae,Rufibacter,,A0A0H4VR12,TH63_17670,Rufibacterradiotolerans,204,,,A0A0H4VR12;,
R6GTD0_9FIRM,,,,,,,,,,,R6GTD0,,,,,,,
A0A0A2DVM5_9PORP,Peptidase S54 rhomboid domain-containing protein,Peptidase S54 family,Bacteria,Bacteria,Bacteroidota,unclassifiedPorphyromonas,Bacteroidales,Porphyromonadaceae,Porphyromonas,,A0A0A2DVM5,JT26_04165,Porphyromonassp.COT-108OH1349,518,,WP_036846257.1;,A0A0A2DVM5;,
Q21JY4_SACD2,"Transcriptional regulator, GntR family",Peptidase S54 family,Bacteria,Bacteria,Pseudomonadota,Gammaproteobacteria,Cellvibrionales,Cellvibrionaceae,Saccharophagus,Saccharophagusdegradans,Q21JY4,Sde_1735,Saccharophagusdegradans(strain2-40/ATCC43961/DSM17024),340,,WP_011468215.1;,Q21JY4;,
A0A0G3AU16_9ACTN,,,,,,,,,,,A0A0G3AU16,,,,,,,
G2NEX2_STREK,Rhomboid family protein,Peptidase S54 family,Bacteria,Bacillati,Actinomycetota,unclassifiedStreptomyces,Kitasatosporales,Streptomycetaceae,Streptomyces,,G2NEX2,SACTE_3292,Streptomycessp.(strainSirexAA-E/ActE),299,,WP_014047140.1;,G2NEX2;,
A0A0K6GHP3_9AGAM,Rhomboid-like protein,,Eukaryota,Dikarya,Agaricomycotina,Agaricomycetes,Cantharellales,Ceratobasidiaceae,Rhizoctonia,,A0A0K6GHP3,RSOLAG22IIIB_02751,Rhizoctoniasolani,709,,,A0A0K6GHP3;,
U5MW22_CLOSA,Rhomboid protease GluP (EC 3.4.21.105),Peptidase S54 family,Bacteria,Bacillati,Bacillota,Clostridia,Eubacteriales,Clostridiaceae,Clostridium,Clostridiumsaccharobutylicum,U5MW22,gluPCLSA_c39990,ClostridiumsaccharobutylicumDSM13864,350,3.4.21.105,WP_022749391.1;,U5MW22;,
A0A022LRK0_9MICO,,,,,,,,,,,A0A022LRK0,,,,,,,
V5IKQ2_NEUCR,Peptidase S54 rhomboid domain-containing protein,Peptidase S54 family,Eukaryota,Dikarya,Pezizomycotina,Sordariomycetidae,Sordariales,Sordariaceae,Neurospora,Neurosporacrassa,V5IKQ2,NCU12120,Neurosporacrassa(strainATCC24698/74-OR23-1A/CBS708.71/DSM1257/FGSC987),337,,XP_011395056.1;,V5IKQ2;,
C4R609_KOMPG,Rhomboid-type serine protease (EC 3.4.21.105),Peptidase S54 family,Eukaryota,Dikarya,Saccharomycotina,Pichiomycetes,Pichiales,Pichiaceae,Komagataella,Komagataellaphaffii,C4R609,PAS_chr3_0934,Komagataellaphaffii(strainGS115/ATCC20864)(Yeast)(Pichiapastoris),562,3.4.21.105,XP_002493174.1;,C4R609;,
Q3ST10_NITWN,Rhomboid-like protein,,Bacteria,Bacteria,Pseudomonadota,Alphaproteobacteria,Hyphomicrobiales,Nitrobacteraceae,Nitrobacter,Nitrobacterwinogradskyi,Q3ST10,Nwi_1320,Nitrobacterwinogradskyi(strainATCC25391/DSM10237/CIP104748/NCIMB11846/Nb-255),264,,WP_011314599.1;,Q3ST10;,
R6T1J9_9CLOT,,,,,,,,,,,R6T1J9,,,,,,,
A0A0M3AJN6_9SPHN,Protease,Peptidase S54 family,Bacteria,Bacteria,Pseudomonadota,Alphaproteobacteria,Sphingomonadales,Sphingomonadaceae,Sphingobium,,A0A0M3AJN6,YP76_21735,Sphingobiumchungbukense,219,,WP_046765691.1;,A0A0M3AJN6;,
U7G9S6_9HYPH,,,,,,,,,,,U7G9S6,,,,,,,
M1FH03_9GAMM,Rhomboid protease glpG,Peptidase S54 family,Bacteria,Bacteria,Pseudomonadota,unclassifiedMarinobacter,Pseudomonadales,Marinobacteraceae,Marinobacter,,M1FH03,glpGMRBBS_2538,Marinobactersp.BSs20148,226,,WP_014871824.1;,M1FH03;,
A0A0A7V099_9ARCH,"Peptidase, S54 family (EC 3.4.21.-) (Rhomboid family intramembrane serine protease)",Peptidase S54 family,Archaea,Thermoproteati,Nitrososphaerota,,,,CandidatusNitrosopelagicus,,A0A0A7V099,A7X95_04430T478_1358,CandidatusNitrosopelagicusbrevis,256,3.4.21.-,WP_048106280.1;,,
H2BYU5_GILLR,Rhomboid family protein,,Bacteria,Bacteria,Bacteroidota,Flavobacteriia,Flavobacteriales,Flavobacteriaceae,Gillisia,Gillisialimnaea,H2BYU5,Gilli_1600,Gillisialimnaea(strainDSM15749/LMG21470/R-8282),250,,WP_006988559.1;,H2BYU5;,
M7ZS07_TRIUA,RHOMBOID-like protein (EC 3.4.21.105),Peptidase S54 family,Eukaryota,Viridiplantae,Streptophytina,Petrosaviidae,Poales,Pooideae,Triticum,,M7ZS07,TRIUR3_26991,Triticumurartu(Redwildeinkorn)(Crithodiumurartu),375,3.4.21.105,,M7ZS07;,
R1E1K3_EMIHU,Peptidase S54 rhomboid domain-containing protein,,Eukaryota,Eukaryota,Haptophyta,,Isochrysidales,Noelaerhabdaceae,Emiliania,,R1E1K3,EMIHUDRAFT_199591,Emilianiahuxleyi(Coccolithophore)(Pontosphaerahuxleyi),305,,XP_005793726.1;,,
G8QQW7_SPHPG,Putative membrane protein,Peptidase S54 family,Bacteria,Bacteria,Spirochaetota,Spirochaetia,Spirochaetales,Sphaerochaetaceae,Sphaerochaeta,Sphaerochaetapleomorpha,G8QQW7,SpiGrapes_2028,Sphaerochaetapleomorpha(strainATCCBAA-1885/DSM22778/Grapes),213,,WP_014270658.1;,G8QQW7;,
Q8PZ13_METMA,Integral membrane protein,Peptidase S54 family,Archaea,Methanobacteriati,Methanobacteriota,Methanomicrobia,Methanosarcinales,Methanosarcinaceae,Methanosarcina,Methanosarcinamazei,Q8PZ13,MM_0682,Methanosarcinamazei(strainATCCBAA-159/DSM3647/Goe1/Go1/JCM11833/OCM88)(Methanosarcinafrisia),222,,WP_011032633.1;,Q8PZ13;,
Q3SI08_THIDA,Peptidase S54 rhomboid domain-containing protein,Peptidase S54 family,Bacteria,Bacteria,Pseudomonadota,Betaproteobacteria,Nitrosomonadales,Thiobacillaceae,Thiobacillus,Thiobacillusdenitrificans,Q3SI08,Tbd_1772,Thiobacillusdenitrificans(strainATCC25259/T1),238,,,Q3SI08;,
B9GUH5_POPTR,,,,,,,,,,,B9GUH5,,,,,,,
U6P6U2_HAECO,,,,,,,,,,,U6P6U2,,,,,,,
F9WX19_ZYMTI,Peptidase S54 rhomboid domain-containing protein,Peptidase S54 family,Eukaryota,Dikarya,Pezizomycotina,Dothideomycetidae,Mycosphaerellales,Mycosphaerellaceae,Zymoseptoria,Zymoseptoriatritici,F9WX19,MYCGRDRAFT_90057,Zymoseptoriatritici(strainCBS115943/IPO323)(Speckledleafblotchfungus)(Septoriatritici),493,,XP_003856997.1;,F9WX19;,
N1J6A4_BLUG1,Rhomboid family protein,Peptidase S54 family,Eukaryota,Dikarya,Pezizomycotina,Leotiomycetes,Erysiphales,Erysiphaceae,Blumeria,Blumeriahordei,N1J6A4,BGHDH14_bgh06644,Blumeriagraminisf.sp.hordei(strainDH14)(Barleypowderymildew)(Oidiummonilioidesf.sp.hordei),550,,,N1J6A4;,
B8IJV8_METNO,Rhomboid family protein,,Bacteria,Bacteria,Pseudomonadota,Alphaproteobacteria,Hyphomicrobiales,Methylobacteriaceae,Methylobacterium,Methylobacteriumnodulans,B8IJV8,Mnod_5125,Methylobacteriumnodulans(strainLMG21967/CNCMI-2342/ORS2060),273,,WP_015931589.1;,B8IJV8;,
A5EX27_DICNV,GlpG-like proten,Peptidase S54 family,Bacteria,Bacteria,Pseudomonadota,Gammaproteobacteria,Cardiobacteriales,Cardiobacteriaceae,Dichelobacter,Dichelobacternodosus,A5EX27,DNO_1330,Dichelobacternodosus(strainVCS1703A),200,,,A5EX27;,
A3XBM0_9RHOB,Rhomboid family protein,Peptidase S54 family,Bacteria,Bacteria,Pseudomonadota,unclassifiedRoseobacter,Rhodobacterales,Roseobacteraceae,Roseobacter,,A3XBM0,MED193_22256,Roseobactersp.MED193,261,,WP_009811921.1;,A3XBM0;,
J3NWN0_GAET3,Peptidase S54 rhomboid domain-containing protein,Peptidase S54 family,Eukaryota,Dikarya,Pezizomycotina,Sordariomycetidae,Magnaporthales,Magnaporthaceae,Gaeumannomyces,Gaeumannomycestritici,J3NWN0,20346150GGTG_05692,Gaeumannomycestritici(strainR3-111a-1)(Wheatandbarleytake-allrootrotfungus)(Gaeumannomycesgraminisvar.tritici),323,,XP_009221762.1;,J3NWN0;,
R5PGH7_9BACT,,,,,,,,,,,R5PGH7,,,,,,,
S8CV08_9LAMI,Rhomboid protein,Peptidase S54 family,Eukaryota,Viridiplantae,Streptophytina,Magnoliopsida,Lamiales,Lentibulariaceae,Genlisea,,S8CV08,M569_03556,Genliseaaurea,255,,,S8CV08;,
Q8GJM7_SYNE7,Uncharacterized protein SEN0012,Peptidase S54 family,Bacteria,Bacillati,Cyanobacteriota,Cyanophyceae,Synechococcales,Synechococcaceae,Synechococcus,Synechococcuselongatus,Q8GJM7,SEN0012Synpcc7942_1835,Synechococcuselongatus(strainATCC33912/PCC7942/FACHB-805)(AnacystisnidulansR2),208,,WP_011378211.1;,Q8GJM7;,
E0VX21_PEDHC,"Protein rhomboid, putative (EC 3.4.21.105)",Peptidase S54 family,Eukaryota,Metazoa,Hexapoda,Neoptera,Anoplura,Pediculidae,Pediculus,Pediculushumanus,E0VX21,8235959Phum_PHUM493270,Pediculushumanussubsp.corporis(Bodylouse),297,3.4.21.105,XP_002430665.1;,E0VX21;,
A0A0D8N2H1_PHOLE,,,,,,,,,,,A0A0D8N2H1,,,,,,,
A0A0D3BI68_BRAOL,Peptidase S54 rhomboid domain-containing protein,Peptidase S54 family,Eukaryota,Viridiplantae,Streptophytina,Magnoliopsida,Brassicales,Brassicaceae,Brassica,Brassicaoleracea,A0A0D3BI68,,Brassicaoleraceavar.oleracea,331,,,A0A0D3BI68;,
A0A0D2PFN3_GOSRA,RHOMBOID-like protein (EC 3.4.21.105),Peptidase S54 family,Eukaryota,Viridiplantae,Streptophytina,Magnoliopsida,Malvales,Malvoideae,Gossypium,,A0A0D2PFN3,B456_004G208500,Gossypiumraimondii(Peruviancotton)(Gossypiumklotzschianumsubsp.raimondii),292,3.4.21.105,,A0A0D2PFN3;,
A6D7L2_9VIBR,,,,,,,,,,,A6D7L2,,,,,,,
A0A0A3X2W6_9GAMM,Peptidase S54 rhomboid domain-containing protein,Peptidase S54 family,Bacteria,Bacteria,Pseudomonadota,unclassifiedAcinetobacter,Moraxellales,Moraxellaceae,Acinetobacter,,A0A0A3X2W6,GW12_16220,Acinetobactersp.HR7,272,,WP_034586232.1;,A0A0A3X2W6;,
D8RK46_SELML,RHOMBOID-like protein (EC 3.4.21.105),Peptidase S54 family,Eukaryota,Viridiplantae,Streptophytina,Lycopodiopsida,Selaginellales,Selaginellaceae,Selaginella,,D8RK46,SELMODRAFT_172130,Selaginellamoellendorffii(Spikemoss),379,3.4.21.105,XP_002971421.1;,D8RK46;,
D8MY40_ERWBE,Rhomboid protease glpG,Peptidase S54 family,Bacteria,Bacteria,Pseudomonadota,Gammaproteobacteria,Enterobacterales,Erwiniaceae,Erwinia,Erwiniabillingiae,D8MY40,glpGEbC_42160,Erwiniabillingiae(strainEb661),274,3.4.21.105,,D8MY40;,
A0A0M2STD5_9BACI,Membrane protein,Peptidase S54 family,Bacteria,Bacillati,Bacillota,Bacilli,Bacillales,Bacillaceae,Mesobacillus,,A0A0M2STD5,WQ57_20100,Mesobacilluscampisalis,194,,WP_046525561.1;,A0A0M2STD5;,
A0A0A1MFG3_9BACI,Rhomboid protease GluP,Peptidase S54 family,Bacteria,Bacillati,Bacillota,Bacilli,Bacillales,Bacillaceae,Oceanobacillus,,A0A0A1MFG3,gluP_2BN997_04081,Oceanobacillusoncorhynchi,515,,WP_042534780.1;,A0A0A1MFG3;,
G2TPM1_HEYCO,Rhomboid family protein,Peptidase S54 family,Bacteria,Bacillati,Bacillota,Bacilli,Bacillales,Bacillaceae,Heyndrickxia,Heyndrickxiacoagulans,G2TPM1,Bcoa_2807,Heyndrickxiacoagulans36D1,377,,,G2TPM1;,
K2B8Z0_9BACT,Rhomboid family protein,Peptidase S54 family,Bacteria,Bacteria,,,,,,,K2B8Z0,ACD_50C00153G0005,unculturedbacterium,216,,,K2B8Z0;,
Q81IT8_BACCR,Hypothetical membrane protein (Rhomboid family),Peptidase S54 family,Bacteria,Bacillati,Bacillota,Bacilli,Bacillales,Bacillaceae,Bacillus,Bacilluscereus,Q81IT8,BC_0261,Bacilluscereus(strainATCC14579/DSM31/CCUG7414/JCM2152/NBRC15305/NCIMB9373/NCTC2599/NRRLB-3711),190,,NP_830129.1;WP_000908523.1;,Q81IT8;,
Q1LDC4_CUPMC,"Peptidase S54-type, rhomboid-like protein",,Bacteria,Bacteria,Pseudomonadota,Betaproteobacteria,Burkholderiales,Burkholderiaceae,Cupriavidus,Cupriavidusmetallidurans,Q1LDC4,Rmet_4990,Cupriavidusmetallidurans(strainATCC43123/DSM2839/NBRC102507/CH34)(Ralstoniametallidurans),220,,,Q1LDC4;,
A0A0F7N7X8_9ACTN,Rhomboid family protein,Peptidase S54 family,Bacteria,Bacillati,Actinomycetota,unclassifiedStreptomyces,Kitasatosporales,Streptomycetaceae,Streptomyces,,A0A0F7N7X8,AA958_16320,Streptomycessp.CNQ-509,299,,WP_047016819.1;,A0A0F7N7X8;,
I1EW66_AMPQE,,,,,,,,,,,I1EW66,,,,,,,
Q65HC8_BACLD,TPR motif integral membrane protein GluP,Peptidase S54 family,Bacteria,Bacillati,Bacillota,Bacilli,Bacillales,Bacillaceae,Bacillus,Bacilluslicheniformis,Q65HC8,gluPBL03719,Bacilluslicheniformis(strainATCC14580/DSM13/JCM2505/CCUG7422/NBRC12200/NCIMB9375/NCTC10341/NRRLNRS-1264/Gibson46),512,,WP_009327891.1;,Q65HC8;,
A0A0F2NHQ4_9FIRM,Protease,Peptidase S54 family,Bacteria,Bacillati,Bacillota,unclassifiedPeptococcaceae,Eubacteriales,Peptococcaceae,,,A0A0F2NHQ4,VR68_04790,PeptococcaceaebacteriumBRH_c4a,238,,,A0A0F2NHQ4;,
G4SXF3_META2,Rhomboid family protein,,Bacteria,Bacteria,Pseudomonadota,Gammaproteobacteria,Methylococcales,Methylococcaceae,Methylotuvimicrobium,Methylotuvimicrobiumalcaliphilum,G4SXF3,MEALZ_3659,Methylotuvimicrobiumalcaliphilum(strainDSM19304/NCIMB14124/VKMB-2133/20Z)(Methylomicrobiumalcaliphilum),252,,WP_014150072.1;,G4SXF3;,
D3DGU4_HYDTT,Rhomboid-like protein,,Bacteria,Bacteria,Aquificota,Aquificia,Aquificales,Aquificaceae,Hydrogenobacter,Hydrogenobacterthermophilus,D3DGU4,HTH_0584,Hydrogenobacterthermophilus(strainDSM6534/IAM12695/TK-6),216,,WP_012963228.1;,D3DGU4;,
D3SA18_THISK,Rhomboid family protein,Peptidase S54 family,Bacteria,Bacteria,Pseudomonadota,unclassifiedThioalkalivibrio,Chromatiales,Ectothiorhodospiraceae,Thioalkalivibrio,,D3SA18,TK90_1367,Thioalkalivibriosp.(strainK90mix),205,,WP_012982760.1;,D3SA18;,
Q7UH51_RHOBA,Probable membrane protein,,Bacteria,Bacteria,Planctomycetota,Planctomycetia,Pirellulales,Pirellulaceae,Rhodopirellula,Rhodopirellulabaltica,Q7UH51,RB4835,Rhodopirellulabaltica(strainDSM10527/NCIMB13988/SH1),395,,NP_866347.1;WP_011120130.1;,Q7UH51;,
F7KLP1_9FIRM,Peptidase S54 rhomboid domain-containing protein,Peptidase S54 family,Bacteria,Bacillati,Bacillota,unclassifiedLachnospiraceae,Lachnospirales,Lachnospiraceae,,,F7KLP1,HMPREF0994_06770,Lachnospiraceaebacterium3_1_57FAA_CT1,209,,,F7KLP1;,
A0LT40_ACIC1,Rhomboid family protein,,Bacteria,Bacillati,Actinomycetota,Actinomycetes,Acidothermales,Acidothermaceae,Acidothermus,Acidothermuscellulolyticus,A0LT40,Acel_0827,Acidothermuscellulolyticus(strainATCC43068/DSM8971/11B),264,,,A0LT40;,
A4VM69_STUS1,Rhomboid family protein,Peptidase S54 family,Bacteria,Bacteria,Pseudomonadota,Gammaproteobacteria,Pseudomonadales,Pseudomonadaceae,Stutzerimonas,Stutzerimonasstutzeri,A4VM69,PST_2418,Stutzerimonasstutzeri(strainA1501)(Pseudomonasstutzeri),285,,WP_011913533.1;,A4VM69;,
E3I7W8_RHOVT,Rhomboid family protein,Peptidase S54 family,Bacteria,Bacteria,Pseudomonadota,Alphaproteobacteria,Hyphomicrobiales,Hyphomicrobiaceae,Rhodomicrobium,Rhodomicrobiumvannielii,E3I7W8,Rvan_1570,Rhodomicrobiumvannielii(strainATCC17100/DSM162/LMG4299/NCIMB10020/ATH3.1.1),356,,,E3I7W8;,
F8C2M5_THEGP,Rhomboid family protein,Peptidase S54 family,Bacteria,Bacteria,Thermodesulfobacteriota,Thermodesulfobacteria,Thermodesulfobacteriales,Thermodesulfobacteriaceae,Thermodesulfobacterium,Thermodesulfobacteriumgeofontis,F8C2M5,TOPB45_1341,Thermodesulfobacteriumgeofontis(strainOPF15),245,,WP_013910120.1;,F8C2M5;,
Q9HZC2_PSEAE,Rhomboid family intramembrane serine protease,,Bacteria,Bacteria,Pseudomonadota,Gammaproteobacteria,Pseudomonadales,Pseudomonadaceae,Pseudomonas,Pseudomonasaeruginosa,Q9HZC2,PA3086,Pseudomonasaeruginosa(strainATCC15692/DSM22644/CIP104116/JCM14847/LMG12228/1C/PRS101/PAO1),286,,NP_251776.1;WP_003104987.1;,Q9HZC2;,2GQC
E6SEL9_INTC7,Rhomboid family protein,Peptidase S54 family,Bacteria,Bacillati,Actinomycetota,Actinomycetes,Micrococcales,Intrasporangiaceae,Intrasporangium,Intrasporangiumcalvum,E6SEL9,Intca_0058,Intrasporangiumcalvum(strainATCC23552/DSM43043/JCM3097/NBRC12989/NCIMB10167/NRRLB-3866/7KIP),314,,,E6SEL9;,
F5LG34_9BACL,"Peptidase, S54 family (EC 3.4.21.-)",Peptidase S54 family,Bacteria,Bacillati,Bacillota,unclassifiedPaenibacillus,Bacillales,Paenibacillaceae,Paenibacillus,,F5LG34,HMPREF9413_2606,Paenibacillussp.HGF7,204,3.4.21.-,WP_009672828.1;,F5LG34;,
A0A0N1J6S8_9BACI,Membrane protein,Peptidase S54 family,Bacteria,Bacillati,Bacillota,unclassifiedBacillus,Bacillales,Bacillaceae,Bacillus,,A0A0N1J6S8,AAV98_13945,Bacillussp.CHD6a,237,,WP_060666166.1;,A0A0N1J6S8;,
K2K1M6_9GAMM,"Membrane protein, Rhomboid family",,Bacteria,Bacteria,Pseudomonadota,Gammaproteobacteria,Enterobacterales,Gallaecimonadaceae,Gallaecimonas,Gallaecimonasxiamenensis,K2K1M6,B3C1_03810,Gallaecimonasxiamenensis3-C-1,187,,WP_008483030.1;,K2K1M6;,
M0YBN7_HORVV,,,,,,,,,,,M0YBN7,,,,,,,
A0A044UUW7_ONCVO,,,,,,,,,,,A0A044UUW7,,,,,,,
A9USK3_MONBE,Peptidase S54 rhomboid domain-containing protein,Peptidase S54 family,Eukaryota,Eukaryota,,Choanoflagellata,Craspedida,Salpingoecidae,Monosiga,,A9USK3,MONBRDRAFT_5821,Monosigabrevicollis(Choanoflagellate),301,,XP_001743402.1;,A9USK3;,
T0K0I6_COLGC,Rhomboid-type serine protease (EC 3.4.21.105),Peptidase S54 family,Eukaryota,Dikarya,Pezizomycotina,Hypocreomycetidae,Glomerellales,Glomerellaceae,Colletotrichum,Colletotrichumgloeosporioides,T0K0I6,CGLO_14675,Colletotrichumgloeosporioides(strainCg-14)(Anthracnosefungus)(Glomerellacingulata),606,3.4.21.105,,T0K0I6;,
V4SWJ6_CITCL,Peptidase S54 rhomboid domain-containing protein,Peptidase S54 family,Eukaryota,Viridiplantae,Streptophytina,Magnoliopsida,Sapindales,Aurantioideae,Citrus,,V4SWJ6,CICLE_v10001765mg,Citrusclementina(Clementine)(CitrusdeliciosaxCitrussinensis),337,,XP_006431892.1;,V4SWJ6;,
G2MNA4_9EURY,,,,,,,,,,,G2MNA4,,,,,,,
U5YPF2_9ACTN,Putative membrane protein (Rhomboid family protein),Peptidase S54 family,Bacteria,Bacillati,Actinomycetota,unclassifiedStreptomyces,Kitasatosporales,Streptomycetaceae,Streptomyces,,U5YPF2,ADK64_20335,Streptomycessp.MMG1121,297,,WP_053660941.1;,U5YPF2;,
C4GLE1_9NEIS,"Peptidase, S54 family (EC 3.4.21.-)",Peptidase S54 family,Bacteria,Bacteria,Pseudomonadota,Betaproteobacteria,Neisseriales,Neisseriaceae,Kingella,Kingellaoralis,C4GLE1,GCWU000324_01798,KingellaoralisATCC51147,202,3.4.21.-,WP_003796485.1;,C4GLE1;,
R5CUE1_9FIRM,Peptidase S54 (Rhomboid) family,,Bacteria,Bacillati,Bacillota,unclassifiedBacillota,,,,,R5CUE1,BN705_00661,FirmicutesbacteriumCAG:555,186,,,R5CUE1;,
K6UNM1_9MICO,Putative peptidase,,Bacteria,Bacillati,Actinomycetota,Actinomycetes,Micrococcales,Dermatophilaceae,Austwickia,Austwickiachelonae,K6UNM1,AUCHE_18_00870,AustwickiachelonaeNBRC105200,297,,,K6UNM1;,
A0A015M5N1_RHIIW,Rbd2p,,Eukaryota,Fungi,Glomeromycotina,Glomeromycetes,Glomerales,Glomeraceae,Rhizophagus,Rhizophagusirregularis,A0A015M5N1,RirG_164760,Rhizophagusirregularis(strainDAOM197198w)(Glomusintraradices),386,,,A0A015M5N1;,
K9T3X6_9CYAN,Putative membrane protein,Peptidase S54 family,Bacteria,Bacillati,Cyanobacteriota,unclassifiedPleurocapsa,Pleurocapsales,Hyellaceae,Pleurocapsa,,K9T3X6,Ple7327_1780,Pleurocapsasp.PCC7327,237,,WP_015143437.1;,K9T3X6;,
F4KJF6_PORAD,Rhomboid family protein,Peptidase S54 family,Bacteria,Bacteria,Bacteroidota,Bacteroidia,Bacteroidales,Porphyromonadaceae,Porphyromonas,Porphyromonasasaccharolytica,F4KJF6,Poras_0649,Porphyromonasasaccharolytica(strainATCC25260/DSM20707/BCRC10618/CCUG7834/JCM6326/LMG13178/VPI4198/B440)(Bacteroidesasaccharolyticus),267,,WP_013760163.1;,F4KJF6;,
E4N803_KITSK,Putative peptidase S54 family protein,Peptidase S54 family,Bacteria,Bacillati,Actinomycetota,Actinomycetes,Kitasatosporales,Streptomycetaceae,Kitasatospora,Kitasatosporasetae,E4N803,KSE_15070,Kitasatosporasetae(strainATCC33774/DSM43861/JCM3304/KCCA-0304/NBRC14216/KM-6054)(Streptomycessetae),310,,WP_014134652.1;,E4N803;,
D2AXI2_STRRD,Rhomboid-like protein,Peptidase S54 family,Bacteria,Bacillati,Actinomycetota,Actinomycetes,Streptosporangiales,Streptosporangiaceae,Streptosporangium,Streptosporangiumroseum,D2AXI2,Sros_0106,Streptosporangiumroseum(strainATCC12428/DSM43021/JCM3005/KCTC9067/NCIMB10171/NRRL2505/NI9100),291,,WP_012886908.1;,D2AXI2;,
E8JJ25_9ACTO,,,,,,,,,,,E8JJ25,,,,,,,
I0RJU2_MYCPH,,,,,,,,,,,I0RJU2,,,,,,,
K9SEA9_9CYAN,"Peptidase S54, rhomboid domain protein",,Bacteria,Bacillati,Cyanobacteriota,unclassifiedPseudanabaena,Pseudanabaenales,Pseudanabaenaceae,Pseudanabaena,,K9SEA9,Pse7367_0216,Pseudanabaenasp.PCC7367,221,,WP_015163507.1;,K9SEA9;,
A0A0N0CSZ6_9LACO,Membrane-associated serine protease,Peptidase S54 family,Bacteria,Bacillati,Bacillota,Bacilli,Lactobacillales,Lactobacillaceae,Apilactobacillus,,A0A0N0CSZ6,RZ71_06880,Apilactobacilluskunkeei,208,,WP_053791895.1;,A0A0N0CSZ6;,
F9YU98_CAPCC,Uncharacterized protein C13E711 (EC 3.4.21.105),Peptidase S54 family,Bacteria,Bacteria,Bacteroidota,Flavobacteriia,Flavobacteriales,Flavobacteriaceae,Capnocytophaga,Capnocytophagacanimorsus,F9YU98,Ccan_08350,Capnocytophagacanimorsus(strain5),249,3.4.21.105,WP_013996943.1;,F9YU98;,
K9U782_CHRTP,Rhomboid family protein,,Bacteria,Bacillati,Cyanobacteriota,Cyanophyceae,Chroococcidiopsidales,Chroococcidiopsidaceae,Chroococcidiopsis,Chroococcidiopsisthermalis,K9U782,Chro_4722,Chroococcidiopsisthermalis(strainPCC7203),240,,WP_015156644.1;,K9U782;,
G3W6E5_SARHA,,,,,,,,,,,G3W6E5,,,,,,,
C7RF50_ANAPD,Rhomboid family protein,Peptidase S54 family,Bacteria,Bacillati,Bacillota,Tissierellia,Tissierellales,Peptoniphilaceae,Anaerococcus,Anaerococcusprevotii,C7RF50,Apre_0056,Anaerococcusprevotii(strainATCC9321/DSM20548/JCM6508/NCTC11806/PC1)(Peptostreptococcusprevotii)(Peptococcusprevotii),225,,WP_012803530.1;,C7RF50;,
D3S9M4_THISK,Rhomboid family protein,,Bacteria,Bacteria,Pseudomonadota,unclassifiedThioalkalivibrio,Chromatiales,Ectothiorhodospiraceae,Thioalkalivibrio,,D3S9M4,TK90_1220,Thioalkalivibriosp.(strainK90mix),228,,WP_012982619.1;,D3S9M4;,
A3TN22_9MICO,Membrane spanning protein,Peptidase S54 family,Bacteria,Bacillati,Actinomycetota,unclassifiedJanibacter,Micrococcales,Intrasporangiaceae,Janibacter,,A3TN22,JNB_13238,Janibactersp.HTCC2649,260,,,A3TN22;,
E8RQV7_ASTEC,Rhomboid family protein,,Bacteria,Bacteria,Pseudomonadota,Alphaproteobacteria,Caulobacterales,Caulobacteraceae,Asticcacaulis,Asticcacaulisexcentricus,E8RQV7,Astex_0526,Asticcacaulisexcentricus(strainATCC15261/DSM4724/KCTC12464/NCIMB9791/VKMB-1370/CB48),212,,WP_013478054.1;,E8RQV7;,
Q025W2_SOLUE,Rhomboid family protein,Peptidase S54 family,Bacteria,Bacteria,Acidobacteriota,Terriglobia,Bryobacterales,Solibacteraceae,CandidatusSolibacter,Solibacterusitatus,Q025W2,Acid_2217,Solibacterusitatus(strainEllin6076),246,,,Q025W2;,
A0A0F5VRD2_9ACTN,Rhomboid family protein,Peptidase S54 family,Bacteria,Bacillati,Actinomycetota,unclassifiedStreptomyces,Kitasatosporales,Streptomycetaceae,Streptomyces,,A0A0F5VRD2,TN53_30275,Streptomycessp.WM6386,304,,WP_046261910.1;,A0A0F5VRD2;,
A0A0F0EWB7_9MICO,,,,,,,,,,,A0A0F0EWB7,,,,,,,
A5FNH1_FLAJ1,"Peptidase family S54, Rhomboid family protein",Peptidase S54 family,Bacteria,Bacteria,Bacteroidota,Flavobacteriia,Flavobacteriales,Flavobacteriaceae,Flavobacterium,Flavobacteriumjohnsoniae,A5FNH1,Fjoh_0210,Flavobacteriumjohnsoniae(strainATCC17061/DSM2064/JCM8514/BCRC14874/CCUG350202/NBRC14942/NCIMB11054/UW101)(Cytophagajohnsonae),249,,WP_012022318.1;,A5FNH1;,
E8W0C3_STRFA,,,,,,,,,,,E8W0C3,,,,,,,
A0A0G1CD60_9BACT,Rhomboid family protein,Peptidase S54 family,Bacteria,Bacteria,CandidatusGottesmanbacteria,,,,,,A0A0G1CD60,UV59_C0036G0010,CandidatusGottesmanbacteriabacteriumGW2011_GWA1_43_11,191,,,A0A0G1CD60;,
Q7UQD4_RHOBA,Uncharacterized protein,,Bacteria,Bacteria,Planctomycetota,Planctomycetia,Pirellulales,Pirellulaceae,Rhodopirellula,Rhodopirellulabaltica,Q7UQD4,RB6387,Rhodopirellulabaltica(strainDSM10527/NCIMB13988/SH1),307,,NP_867224.1;,Q7UQD4;,
D3PQ31_MEIRD,Rhomboid family protein,,Bacteria,Bacteria,Deinococcota,Deinococci,Thermales,Thermaceae,Meiothermus,Meiothermusruber,D3PQ31,Mrub_0892K649_04100,Meiothermusruber(strainATCC35948/DSM1279/VKMB-1258/21)(Thermusruber),211,,WP_013013176.1;,D3PQ31;,
I0JNZ8_HALH3,S54 family peptidase,Peptidase S54 family,Bacteria,Bacillati,Bacillota,Bacilli,Bacillales,Bacillaceae,Halobacillus,Halobacillushalophilus,I0JNZ8,yqgPHBHAL_3523,Halobacillushalophilus(strainATCC35676/DSM2266/JCM20832/KCTC3685/LMG17431/NBRC102448/NCIMB2269)(Sporosarcinahalophila),510,,WP_014643757.1;,I0JNZ8;,
B3MRK0_DROAN,EF-hand domain-containing protein,Peptidase S54 family,Eukaryota,Metazoa,Hexapoda,Neoptera,Muscomorpha,Drosophilinae,Sophophora,ananassaespeciescomplex,B3MRK0,Dana\GF21300dana_GLEANR_4510GF21300,Drosophilaananassae(Fruitfly),418,,XP_001963956.1;,B3MRK0;,
E2ZIE6_9FIRM,"Peptidase, S54 family (EC 3.4.21.-)",,Bacteria,Bacillati,Bacillota,Clostridia,Eubacteriales,Oscillospiraceae,Faecalibacterium,Faecalibacteriumprausnitzii,E2ZIE6,HMPREF9436_01440,Faecalibacteriumcf.prausnitziiKLE1255,210,3.4.21.-,WP_005941761.1;,E2ZIE6;,
D6XW59_BACIE,Rhomboid protease (EC 3.4.21.105),Peptidase S54 family,Bacteria,Bacillati,Bacillota,Bacilli,Bacillales,Bacillaceae,Salisediminibacterium,Salisediminibacteriumselenitireducens,D6XW59,Bsel_2310,Bacillusselenitireducens(strainATCC700615/DSM15326/MLS10),526,3.4.21.105,,D6XW59;,
A0A0F9XVC5_TRIHA,Rhomboid-type serine protease (EC 3.4.21.105),Peptidase S54 family,Eukaryota,Dikarya,Pezizomycotina,Hypocreomycetidae,Hypocreales,Hypocreaceae,Trichoderma,,A0A0F9XVC5,THAR02_03874,Trichodermaharzianum(Hypocrealixii),509,3.4.21.105,,A0A0F9XVC5;,
A0A0K0DFK9_ANGCA,Rhomboid domain-containing protein,Peptidase S54 family,Eukaryota,Metazoa,Nematoda,Chromadorea,Rhabditomorpha,Metastrongylidae,Angiostrongylus,,A0A0K0DFK9,,Angiostrongyluscantonensis(Ratlungworm),258,,,A0A0K0DFK9;,
D0MI82_RHOM4,Rhomboid family protein,Peptidase S54 family,Bacteria,Bacteria,Rhodothermota,Rhodothermia,Rhodothermales,Rhodothermaceae,Rhodothermus,Rhodothermusmarinus,D0MI82,Rmar_1300,Rhodothermusmarinus(strainATCC43812/DSM4252/R-10)(Rhodothermusobamensis),239,,WP_012843802.1;,D0MI82;,
A0A0M8XNI3_9ACTN,,,,,,,,,,,A0A0M8XNI3,,,,,,,
D7NDM6_9BACT,Rhomboid family protein,,Bacteria,Bacteria,Bacteroidota,Bacteroidia,Bacteroidales,Prevotellaceae,Segatella,Segatellaoris,D7NDM6,HMPREF0665_01646,SegatellaorisC735,289,,,D7NDM6;,
A0A094GKL7_9PEZI,Rhomboid-type serine protease (EC 3.4.21.105),Peptidase S54 family,Eukaryota,Dikarya,Pezizomycotina,unclassifiedPseudogymnoascus,Thelebolales,Thelebolaceae,Pseudogymnoascus,,A0A094GKL7,V499_07443,Pseudogymnoascussp.VKMF-103,502,3.4.21.105,,A0A094GKL7;,
A0A078I8U7_BRANA,RHOMBOID-like protein (EC 3.4.21.105),Peptidase S54 family,Eukaryota,Viridiplantae,Streptophytina,Magnoliopsida,Brassicales,Brassicaceae,Brassica,,A0A078I8U7,BnaCnng14870DDARMORV10_C09P15970.1GSBRNA2T00087215001,Brassicanapus(Rape),315,3.4.21.105,XP_013707505.1;,A0A078I8U7;,
A1UNL8_MYCSK,Rhomboid family protein,Peptidase S54 family,Bacteria,Bacillati,Actinomycetota,unclassifiedMycobacterium,Mycobacteriales,Mycobacteriaceae,Mycobacterium,,A1UNL8,Mkms_5237,Mycobacteriumsp.(strainKMS),289,,,A1UNL8;,
A0A0M2PBI6_9BACI,Peptidase S54 rhomboid domain-containing protein,Peptidase S54 family,Bacteria,Bacillati,Bacillota,unclassifiedBacillus,Bacillales,Bacillaceae,Bacillus,,A0A0M2PBI6,WQ54_30955,Bacillussp.SA1-12,513,,WP_046590712.1;,A0A0M2PBI6;,
G2NL19_STREK,Rhomboid family protein,Peptidase S54 family,Bacteria,Bacillati,Actinomycetota,unclassifiedStreptomyces,Kitasatosporales,Streptomycetaceae,Streptomyces,,G2NL19,SACTE_2718,Streptomycessp.(strainSirexAA-E/ActE),199,,WP_014046585.1;,G2NL19;,
F7YKE9_VIBA7,,,,,,,,,,,F7YKE9,,,,,,,
B9JFH2_RHIR8,Conserved hypothetical membrane protein,,Bacteria,Bacteria,Pseudomonadota,Alphaproteobacteria,Hyphomicrobiales,Rhizobiaceae,Rhizobium,Rhizobiumrhizogenes,B9JFH2,Arad_2480,Rhizobiumrhizogenes(strainK84/ATCCBAA-868)(Agrobacteriumradiobacter),256,,WP_012651514.1;,B9JFH2;,
I3EAH1_BACMM,Serine protease of Rhomboid family,Peptidase S54 family,Bacteria,Bacillati,Bacillota,Bacilli,Bacillales,Bacillaceae,Bacillus,Bacillusmethanolicus,I3EAH1,BMMGA3_11685,Bacillusmethanolicus(strainMGA3/ATCC53907),518,,WP_004435671.1;,I3EAH1;,
A0YAZ0_9GAMM,Rhomboid family intramembrane serine protease,Peptidase S54 family,Bacteria,Bacteria,Pseudomonadota,unclassifiedSpongiibacteraceae,Cellvibrionales,Spongiibacteraceae,,,A0YAZ0,GP2143_04700,marinegammaproteobacteriumHTCC2143,288,,,A0YAZ0;,
R6BLP3_9CLOT,,,,,,,,,,,R6BLP3,,,,,,,
A0A059WAB7_STRNR,Rhomboid family intramembrane serine protease,Peptidase S54 family,Bacteria,Bacillati,Actinomycetota,Actinomycetes,Kitasatosporales,Streptomycetaceae,Streptomyces,,A0A059WAB7,SALB_05049,Streptomycesnoursei(Streptomycesalbulus),304,,WP_016571111.1;,A0A059WAB7;,
M4RYX3_9SPHN,Rhomboid family protein,Peptidase S54 family,Bacteria,Bacteria,Pseudomonadota,unclassifiedSphingomonas,Sphingomonadales,Sphingomonadaceae,Sphingomonas,,M4RYX3,G432_00700,Sphingomonassp.MM-1,220,,WP_015456885.1;,M4RYX3;,
A2U2L1_9FLAO,Rhomboid family protein (EC 3.4.21.105),Peptidase S54 family,Bacteria,Bacteria,Bacteroidota,unclassifiedPolaribacter,Flavobacteriales,Flavobacteriaceae,Polaribacter,,A2U2L1,MED152_01320,Polaribactersp.MED152,243,3.4.21.105,WP_015480039.1;,A2U2L1;,
A0A0N4TNE3_BRUPA,Rhomboid-related protein 3,Peptidase S54 family,Eukaryota,Metazoa,Nematoda,Chromadorea,Spiruromorpha,Onchocercidae,Brugia,,A0A0N4TNE3,BPAG_LOCUS9967,Brugiapahangi(Filarialnematodeworm),481,,,,
R5TN76_9CLOT,,,,,,,,,,,R5TN76,,,,,,,
K7KUE9_SOYBN,RHOMBOID-like protein (EC 3.4.21.105),Peptidase S54 family,Eukaryota,Viridiplantae,Streptophytina,Magnoliopsida,Fabales,Papilionoideae,Glycinesubgen.Soja,,K7KUE9,GLYMA_06G107600,Glycinemax(Soybean)(Glycinehispida),373,3.4.21.105,XP_003527920.1;,,
K4INR4_BIFAP,,,,,,,,,,,K4INR4,,,,,,,
R6D3C9_9BACE,S54 family peptidase,,Bacteria,Bacteria,Bacteroidota,unclassifiedBacteroides,Bacteroidales,Bacteroidaceae,Bacteroides,,R6D3C9,BN772_01554,Bacteroidessp.CAG:754,224,,,R6D3C9;,
A0A0A7S738_FRIPE,Rhomboid family protease GlpG,Peptidase S54 family,Bacteria,Bacteria,Pseudomonadota,Gammaproteobacteria,Orbales,Orbaceae,Frischella,,A0A0A7S738,FPB0191_01243,Frischellaperrara,279,,,A0A0A7S738;,
R7D6T3_9FIRM,,,,,,,,,,,R7D6T3,,,,,,,
A0A074S719_9AGAM,Rhomboid domain protein,,Eukaryota,Dikarya,Agaricomycotina,Agaricomycetes,Cantharellales,Ceratobasidiaceae,Rhizoctonia,Rhizoctoniasolani,A0A074S719,V565_007170,Rhizoctoniasolani123E,724,,,A0A074S719;,
W8UC95_YEREN,,,,,,,,,,,W8UC95,,,,,,,
F0SMY7_RUBBR,Rhomboid family protein,Peptidase S54 family,Bacteria,Bacteria,Planctomycetota,Planctomycetia,Planctomycetales,Planctomycetaceae,Rubinisphaera,Rubinisphaerabrasiliensis,F0SMY7,Plabr_2390,Rubinisphaerabrasiliensis(strainATCC49424/DSM5305/JCM21570/IAM15109/NBRC103401/IFAM1448)(Planctomycesbrasiliensis),303,,WP_013628715.1;,F0SMY7;,
F6B794_DESCC,"Peptidase S54, rhomboid domain protein",Peptidase S54 family,Bacteria,Bacillati,Bacillota,Clostridia,Eubacteriales,Desulfotomaculaceae,Desulfotomaculum,Desulfotomaculumnigrificans,F6B794,Desca_0451,Desulfotomaculumnigrificans(strainDSM14880/VKMB-2319/CO-1-SRB)(Desulfotomaculumcarboxydivorans),218,,,F6B794;,
F3PW23_9BACE,"Peptidase, S54 family",Peptidase S54 family,Bacteria,Bacteria,Bacteroidota,Bacteroidia,Bacteroidales,Bacteroidaceae,Bacteroides,Bacteroidesfluxus,F3PW23,HMPREF9446_02954,BacteroidesfluxusYIT12057,297,,WP_009126181.1;,F3PW23;,
Q8A6R9_BACTN,"Conserved protein, with rhomboid family domain",Peptidase S54 family,Bacteria,Bacteria,Bacteroidota,Bacteroidia,Bacteroidales,Bacteroidaceae,Bacteroides,Bacteroidesthetaiotaomicron,Q8A6R9,BT_1807,Bacteroidesthetaiotaomicron(strainATCC29148/DSM2079/JCM5827/CCUG10774/NCTC10582/VPI-5482/E50),586,,NP_810720.1;WP_011107994.1;,Q8A6R9;,
B9DNP7_STACT,Membrane protein,Peptidase S54 family,Bacteria,Bacillati,Bacillota,Bacilli,Bacillales,Staphylococcaceae,Staphylococcus,Staphylococcuscarnosus,B9DNP7,Sca_1171,Staphylococcuscarnosus(strainTM300),486,,WP_015900420.1;,B9DNP7;,
E7KV89_YEASL,,,,,,,,,,,E7KV89,,,,,,,
A0A0F2NT14_9FLAO,Peptidase S54 rhomboid domain-containing protein,Peptidase S54 family,Bacteria,Bacteria,Bacteroidota,unclassifiedFlavobacteriales,Flavobacteriales,,,,A0A0F2NT14,VR77_09410,FlavobacterialesbacteriumBRH_c54,210,,,A0A0F2NT14;,
B2VJT5_ERWT9,Rhomboid protease glpG,Peptidase S54 family,Bacteria,Bacteria,Pseudomonadota,Gammaproteobacteria,Enterobacterales,Erwiniaceae,Erwinia,Erwiniatasmaniensis,B2VJT5,glpGETA_32340,Erwiniatasmaniensis(strainDSM17950/CFBP7177/CIP109463/NCPPB4357/Et1/99),297,3.4.21.105,,B2VJT5;,
E1SGW4_PANVC,,,,,,,,,,,E1SGW4,,,,,,,
K9TXK3_CHRTP,Rhomboid family protein,Peptidase S54 family,Bacteria,Bacillati,Cyanobacteriota,Cyanophyceae,Chroococcidiopsidales,Chroococcidiopsidaceae,Chroococcidiopsis,Chroococcidiopsisthermalis,K9TXK3,Chro_1606,Chroococcidiopsisthermalis(strainPCC7203),234,,WP_015153676.1;,K9TXK3;,
Q8PEG2_XANCP,Peptidase S54 rhomboid domain-containing protein,Peptidase S54 family,Bacteria,Bacteria,Pseudomonadota,Gammaproteobacteria,Lysobacterales,Lysobacteraceae,Xanthomonas,Xanthomonascampestris,Q8PEG2,XCC0018,Xanthomonascampestrispv.campestris(strainATCC33913/DSM3586/NCPPB528/LMG568/P25),230,,NP_635413.1;WP_011035276.1;,Q8PEG2;,
A0A0F2JGG6_9FIRM,GlpG protein (Membrane protein of glp regulon),Peptidase S54 family,Bacteria,Bacillati,Bacillota,unclassifiedDesulfosporosinus,Eubacteriales,Desulfitobacteriaceae,Desulfosporosinus,,A0A0F2JGG6,UF75_1584,Desulfosporosinussp.I2,313,,WP_052693067.1;,A0A0F2JGG6;,
D7BLR2_ARCHD,Rhomboid family protein,Peptidase S54 family,Bacteria,Bacillati,Actinomycetota,Actinomycetes,Actinomycetales,Actinomycetaceae,Arcanobacterium,Arcanobacteriumhaemolyticum,D7BLR2,Arch_0097,Arcanobacteriumhaemolyticum(strainATCC9345/DSM20595/CCM5947/CCUG17215/LMG16163/NBRC15585/NCTC8452/11018),210,,,D7BLR2;,
K9RRK1_SYNP3,Putative membrane protein,,Bacteria,Bacillati,Cyanobacteriota,unclassifiedSynechococcus,Synechococcales,Synechococcaceae,Synechococcus,,K9RRK1,Syn6312_0971,Synechococcussp.(strainATCC27167/PCC6312),195,,WP_015123715.1;,K9RRK1;,
S6BFD9_METRE,Rhomboid peptidase,Peptidase S54 family,Bacteria,Bacteria,Pseudomonadota,Gammaproteobacteria,Pseudomonadales,Pseudomonadaceae,Metapseudomonas,Metapseudomonasresinovorans,S6BFD9,PCA10_20420,MetapseudomonasresinovoransNBRC106553,288,,WP_016491974.1;,S6BFD9;,
D7CRJ2_TRURR,Rhomboid family protein,Peptidase S54 family,Bacteria,Bacteria,Deinococcota,Deinococci,Trueperales,Trueperaceae,Truepera,Trueperaradiovictrix,D7CRJ2,Trad_0343,Trueperaradiovictrix(strainDSM17093/CIP108686/LMG22925/RQ-24),225,,WP_013176862.1;,D7CRJ2;,
R5K4F2_9CLOT,,,,,,,,,,,R5K4F2,,,,,,,
A0A024HL80_PSEKB,Rhomboid family intramembrane serine protease,Peptidase S54 family,Bacteria,Bacteria,Pseudomonadota,Gammaproteobacteria,Pseudomonadales,Pseudomonadaceae,Pseudomonas,Pseudomonasknackmussii,A0A024HL80,PKB_3846,Pseudomonasknackmussii(strainDSM6978/CCUG54928/LMG23759/B13),288,,WP_043253539.1;,A0A024HL80;,
Q7MMG1_VIBVY,Uncharacterized membrane protein,Peptidase S54 family,Bacteria,Bacteria,Pseudomonadota,Gammaproteobacteria,Vibrionales,Vibrionaceae,Vibrio,Vibriovulnificus,Q7MMG1,VV1111,Vibriovulnificus(strainYJ016),194,,,Q7MMG1;,
A0A0G3GWF0_9CORY,Rhomboid family,,Bacteria,Bacillati,Actinomycetota,Actinomycetes,Mycobacteriales,Corynebacteriaceae,Corynebacterium,,A0A0G3GWF0,CEPID_10070,Corynebacteriumepidermidicanis,234,,,A0A0G3GWF0;,
R2PWZ0_9ENTE,Peptidase S54 rhomboid domain-containing protein,,Bacteria,Bacillati,Bacillota,Bacilli,Lactobacillales,Enterococcaceae,Enterococcus,Enterococcuspallens,R2PWZ0,UAU_04562,EnterococcuspallensATCCBAA-351,223,,WP_010759498.1;,R2PWZ0;,
E7GRN3_CLOS6,Rhomboid protease GluP,Peptidase S54 family,Bacteria,Bacillati,Bacillota,Clostridia,Lachnospirales,Lachnospiraceae,Lachnoclostridium,Clostridiumsymbiosum,E7GRN3,HMPREF9474_03578,Clostridiumsymbiosum(strainWAL-14163),209,,WP_003503177.1;,E7GRN3;,
A5CYS6_PELTS,Uncharacterized membrane protein,Peptidase S54 family,Bacteria,Bacillati,Bacillota,Clostridia,Eubacteriales,Desulfotomaculaceae,Pelotomaculum,Pelotomaculumthermopropionicum,A5CYS6,GlpGPTH_2662,Pelotomaculumthermopropionicum(strainDSM13744/JCM10971/SI),189,,,A5CYS6;,
A0A0G0MQU7_9BACT,Rhomboid family protein,Peptidase S54 family,Bacteria,Bacteria,CandidatusDaviesbacteria,,,,,,A0A0G0MQU7,US86_C0001G0218,CandidatusDaviesbacteriabacteriumGW2011_GWA2_38_24,214,,,A0A0G0MQU7;,
M4DTE0_BRACM,RHOMBOID-like protein (EC 3.4.21.105),Peptidase S54 family,Eukaryota,Viridiplantae,Streptophytina,Magnoliopsida,Brassicales,Brassicaceae,Brassica,,M4DTE0,,Brassicacampestris(Fieldmustard),304,3.4.21.105,XP_009148568.1;XP_009148569.1;,M4DTE0;,
A0A044SRE5_ONCVO,,,,,,,,,,,A0A044SRE5,,,,,,,
A0A024TBQ9_9STRA,rhomboid protease (EC 3.4.21.105),Peptidase S54 family,Eukaryota,Eukaryota,Oomycota,,Saprolegniales,Saprolegniaceae,Aphanomyces,,A0A024TBQ9,H310_14457,Aphanomycesinvadans,370,3.4.21.105,XP_008880544.1;,A0A024TBQ9;,
A0A067U0N7_GALM3,Rhomboid-type serine protease (EC 3.4.21.105),Peptidase S54 family,Eukaryota,Dikarya,Agaricomycotina,Agaricomycetidae,Agaricineae,Strophariaceae,Galerina,Galerinamarginata,A0A067U0N7,GALMADRAFT_233355,Galerinamarginata(strainCBS339.88),456,3.4.21.105,,A0A067U0N7;,
W0J2K6_9BACT,Protease,Peptidase S54 family,Bacteria,Bacteria,Verrucomicrobiota,unclassifiedOpitutaceae,Opitutales,Opitutaceae,,,W0J2K6,OPIT5_22675,OpitutaceaebacteriumTAV5,318,,,W0J2K6;,
I0IJ93_PHYMF,Rhomboid family protein,,Bacteria,Bacteria,Planctomycetota,Phycisphaerae,Phycisphaerales,Phycisphaeraceae,Phycisphaera,Phycisphaeramikurensis,I0IJ93,PSMK_31720,Phycisphaeramikurensis(strainNBRC102666/KCTC22515/FYK2301M01),352,,WP_014438534.1;,I0IJ93;,
I1HAI4_BRADI,,,,,,,,,,,I1HAI4,,,,,,,
K4R6Z7_STRDJ,Integral membrane protein,Peptidase S54 family,Bacteria,Bacillati,Actinomycetota,Actinomycetes,Kitasatosporales,Streptomycetaceae,Streptomyces,Streptomycesdavaonensis,K4R6Z7,BN159_4488,Streptomycesdavaonensis(strainDSM101723/JCM4913/KCCS-0913/768),296,,WP_015659215.1;,K4R6Z7;,
A9V4N4_MONBE,EF-hand domain-containing protein,Peptidase S54 family,Eukaryota,Eukaryota,,Choanoflagellata,Craspedida,Salpingoecidae,Monosiga,,A9V4N4,MONBRDRAFT_33311,Monosigabrevicollis(Choanoflagellate),400,,XP_001747746.1;,A9V4N4;,
I3TFL2_THEC1,Rhomboid family protein,Peptidase S54 family,Archaea,Thermoproteati,Thermoproteota,Thermoprotei,Desulfurococcales,Desulfurococcaceae,Thermogladius,Thermogladiuscalderae,I3TFL2,TCELL_1127,Thermogladiuscalderae(strainDSM22663/VKMB-2946/1633),447,,WP_014737800.1;,I3TFL2;,
Q1N0L6_9GAMM,Protein of glp regulon,,Bacteria,Bacteria,Pseudomonadota,Gammaproteobacteria,Oceanospirillales,Oceanospirillaceae,Bermanella,,Q1N0L6,RED65_05504,Bermanellamarisrubri,268,,WP_007016418.1;,Q1N0L6;,
C8WR52_ALIAD,Rhomboid family protein,Peptidase S54 family,Bacteria,Bacillati,Bacillota,Bacilli,Bacillales,Alicyclobacillaceae,Alicyclobacillus,Alicyclobacillusacidocaldariussubsp.acidocaldarius,C8WR52,Aaci_2212,Alicyclobacillusacidocaldariussubsp.acidocaldarius(strainATCC27009/DSM446/BCRC14685/JCM5260/KCTC1825/NBRC15652/NCIMB11725/NRRLB-14509/104-IA)(Bacillusacidocaldarius),234,,WP_012811476.1;,C8WR52;,
B7FRA4_PHATC,rhomboid protease (EC 3.4.21.105),Peptidase S54 family,Eukaryota,Eukaryota,Bacillariophyta,Bacillariophyceae,Naviculales,Phaeodactylaceae,Phaeodactylum,Phaeodactylumtricornutum,B7FRA4,PHATRDRAFT_9252,Phaeodactylumtricornutum(strainCCAP1055/1),261,3.4.21.105,XP_002177007.1;,B7FRA4;,
H8MEQ0_CORCM,S54 family peptidase,,Bacteria,Bacteria,Myxococcota,Myxococcia,Cystobacterineae,Myxococcaceae,Corallococcus,Corallococcuscoralloides,H8MEQ0,COCOR_00574,Corallococcuscoralloides(strainATCC25202/DSM2259/NBRC100086/M2)(Myxococcuscoralloides),257,,WP_014393426.1;,H8MEQ0;,
B5CNI0_9FIRM,"Peptidase, S54 family (EC 3.4.21.-)",Peptidase S54 family,Bacteria,Bacillati,Bacillota,Clostridia,Lachnospirales,Lachnospiraceae,Mediterraneibacter,[Ruminococcus]lactaris,B5CNI0,RUMLAC_01016,[Ruminococcus]lactarisATCC29176,211,3.4.21.-,WP_005608498.1;,B5CNI0;,
A0A0C5WWM2_9GAMM,Peptidase S54 rhomboid domain-containing protein,,Bacteria,Bacteria,Pseudomonadota,Gammaproteobacteria,Vibrionales,Vibrionaceae,Photobacterium,Photobacteriumgaetbulicola,A0A0C5WWM2,H744_2c2770,PhotobacteriumgaetbulicolaGung47,259,,,A0A0C5WWM2;,
A0A097QPJ1_9VIBR,,,,,,,,,,,A0A097QPJ1,,,,,,,
A0A059VYG6_STRNR,,,,,,,,,,,A0A059VYG6,,,,,,,
K9W3B1_9CYAN,"Peptidase S54, rhomboid domain protein",,Bacteria,Bacillati,Cyanobacteriota,Cyanophyceae,Gomontiellales,Gomontiellaceae,Crinalium,Crinaliumepipsammum,K9W3B1,Cri9333_3459,CrinaliumepipsammumPCC9333,195,,WP_015204389.1;,K9W3B1;,
I7CR69_NATSJ,Rhomboid family protein,Peptidase S54 family,Archaea,Methanobacteriati,Methanobacteriota,unclassifiedNatrinema,Halobacteriales,Natrialbaceae,Natrinema,,I7CR69,NJ7G_1264,Natrinemasp.(strainJ7-2),304,,,I7CR69;,
D1BTB1_XYLCX,Rhomboid family protein,Peptidase S54 family,Bacteria,Bacillati,Actinomycetota,Actinomycetes,Micrococcales,Promicromonosporaceae,Xylanimonas,Xylanimonascellulosilytica,D1BTB1,Xcel_0012,Xylanimonascellulosilytica(strainDSM15894/JCM12276/CECT5975/KCTC9989/LMG20990/NBRC107835/XIL07),282,,,D1BTB1;,
A0A0J6R8Y4_9HYPH,,,,,,,,,,,A0A0J6R8Y4,,,,,,,
R5YWF1_9FIRM,Rhomboid family protein,Peptidase S54 family,Bacteria,Bacillati,Bacillota,unclassifiedRoseburia,Lachnospirales,Lachnospiraceae,Roseburia,,R5YWF1,BN528_00344,Roseburiasp.CAG:197,204,,,R5YWF1;,
R5B0Y6_9FIRM,,,,,,,,,,,R5B0Y6,,,,,,,
Q1H078_METFK,Rhomboid-like protein,Peptidase S54 family,Bacteria,Bacteria,Pseudomonadota,Betaproteobacteria,Nitrosomonadales,Methylophilaceae,Methylobacillus,Methylobacillusflagellatus,Q1H078,Mfla_1842,Methylobacillusflagellatus(strainATCC51484/DSM6875/VKMB-1610/KT),356,,WP_011480063.1;,Q1H078;,
W1SCY6_9BACI,,,,,,,,,,,W1SCY6,,,,,,,
G2PRU6_ALLRU,"Peptidase S54, rhomboid domain protein",,Bacteria,Bacteria,Bacteroidota,Flavobacteriia,Flavobacteriales,Flavobacteriaceae,Flagellimonas,Flagellimonasruestringensis,G2PRU6,Murru_0691,Allomuricaudaruestringensis(strainDSM13258/CIP107369/LMG19739/B1)(Muricaudaruestringensis),242,,WP_014032023.1;,G2PRU6;,
G8QBN4_PSEO1,,,,,,,,,,,G8QBN4,,,,,,,
F4AYI5_DOKS4,Rhomboid family protein,Peptidase S54 family,Bacteria,Bacteria,Bacteroidota,unclassifiedDokdonia,Flavobacteriales,Flavobacteriaceae,Dokdonia,,F4AYI5,Krodi_0466,Dokdoniasp.(strain4H-3-7-5)(Krokinobactersp.(strain4H-3-7-5)),244,,WP_013749960.1;,F4AYI5;,
A0A0N4VG25_ENTVE,Rhomboid protease,Peptidase S54 family,Eukaryota,Metazoa,Nematoda,Chromadorea,Oxyuridomorpha,Oxyuridae,Enterobius,,A0A0N4VG25,EVEC_LOCUS9117,Enterobiusvermicularis(Humanpinworm),351,,,,
I7Z783_9GAMM,Peptidase S54 rhomboid domain-containing protein,Peptidase S54 family,Bacteria,Bacteria,Pseudomonadota,Gammaproteobacteria,Nevskiales,Nevskiaceae,Hydrocarboniphaga,Hydrocarboniphagaeffusa,I7Z783,WQQ_40890,HydrocarboniphagaeffusaAP103,189,,WP_007187024.1;,I7Z783;,
F4LP44_TREBD,Rhomboid family protein,,Bacteria,Bacteria,Spirochaetota,Spirochaetia,Spirochaetales,Treponemataceae,Treponema,Treponemabrennaborense,F4LP44,Trebr_0476,Treponemabrennaborense(strainDSM12168/CIP105900/DD5/3),269,,,F4LP44;,
A0A0A0KYQ9_CUCSA,UBA domain-containing protein,Peptidase S54 family,Eukaryota,Viridiplantae,Streptophytina,Magnoliopsida,Cucurbitales,Cucurbitaceae,Cucumis,,A0A0A0KYQ9,Csa_4G194270,Cucumissativus(Cucumber),397,,XP_004147524.1;,A0A0A0KYQ9;,
A0A0M9VQ07_9BASI,Rhomboid-type serine protease (EC 3.4.21.105),Peptidase S54 family,Eukaryota,Dikarya,Ustilaginomycotina,Malasseziomycetes,Malasseziales,Malasseziaceae,Malassezia,,A0A0M9VQ07,Malapachy_0778,Malasseziapachydermatis,385,3.4.21.105,XP_017992464.1;,A0A0M9VQ07;,
G8LQY6_9FLAO,Transmembrane rhomboid family protein,Peptidase S54 family,Bacteria,Bacteria,Bacteroidota,unclassifiedBlattabacterium,Flavobacteriales,Blattabacteriaceae,Blattabacterium,,G8LQY6,BLBCPU_518,Blattabacteriumsp.(Cryptocercuspunctulatus)str.Cpu,231,,WP_014246442.1;,G8LQY6;,
A9EAS8_9FLAO,Rhomboid family protein,Peptidase S54 family,Bacteria,Bacteria,Bacteroidota,Flavobacteriia,Flavobacteriales,Flavobacteriaceae,Kordia,Kordiaalgicida,A9EAS8,KAOT1_10221,KordiaalgicidaOT-1,254,,,A9EAS8;,
M1XKG6_NATM8,Rhomboid family protease (EC 3.4.21.105),Peptidase S54 family,Archaea,Methanobacteriati,Methanobacteriota,Halobacteria,Halobacteriales,Haloarculaceae,Natronomonas,Natronomonasmoolapensis,M1XKG6,Nmlp_1662,Natronomonasmoolapensis(strainDSM18674/CECT7526/JCM14361/8.8.11),326,3.4.21.105,WP_015408695.1;,M1XKG6;,
Q1N7S0_SPHSS,Peptidase S54 rhomboid domain-containing protein,Peptidase S54 family,Bacteria,Bacteria,Pseudomonadota,unclassifiedSphingomonas,Sphingomonadales,Sphingomonadaceae,Sphingomonas,,Q1N7S0,SKA58_08259,Sphingomonassp.(strainSKA58),219,,WP_009821421.1;,Q1N7S0;,
A0A0F5FUI6_9HYPH,Peptidase S54 rhomboid domain-containing protein,,Bacteria,Bacteria,Pseudomonadota,Alphaproteobacteria,Hyphomicrobiales,Devosiaceae,Devosia,,A0A0F5FUI6,VE25_06965,Devosiageojensis,227,,,A0A0F5FUI6;,
L0JMS4_NATP1,Membrane protein (Rhomboid family protein),Peptidase S54 family,Archaea,Methanobacteriati,Methanobacteriota,Halobacteria,Halobacteriales,Natrialbaceae,Natrinema,Natrinemapellirubrum,L0JMS4,Natpe_2043C488_06665,Natrinemapellirubrum(strainDSM15624/CIP106293/JCM10476/NCIMB786/157),316,,WP_006180684.1;,L0JMS4;,
K2CAV9_9BACT,Peptidase S54 rhomboid domain-containing protein,,Bacteria,Bacteria,,,,,,,K2CAV9,ACD_39C00943G0001,unculturedbacterium,200,,,K2CAV9;,
D8LD63_ECTSI,rhomboid protease (EC 3.4.21.105),Peptidase S54 family,Eukaryota,Eukaryota,,Phaeophyceae,Ectocarpales,Ectocarpaceae,Ectocarpus,,D8LD63,Esi_0113_0080,Ectocarpussiliculosus(Brownalga)(Confervasiliculosa),403,3.4.21.105,,D8LD63;,
Q5WJW2_SHOC1,Peptidase S54 rhomboid domain-containing protein,Peptidase S54 family,Bacteria,Bacillati,Bacillota,Bacilli,Bacillales,Bacillaceae,Shouchella,Shouchellaclausii,Q5WJW2,ABC0804,Shouchellaclausii(strainKSM-K16)(Alkalihalobacillusclausii),253,,WP_011245659.1;,Q5WJW2;,
Q2HAY7_CHAGB,Rhomboid-type serine protease (EC 3.4.21.105),Peptidase S54 family,Eukaryota,Dikarya,Pezizomycotina,Sordariomycetidae,Sordariales,Chaetomiaceae,Chaetomium,Chaetomiumglobosum,Q2HAY7,CHGG_02617,Chaetomiumglobosum(strainATCC6205/CBS148.51/DSM1962/NBRC6347/NRRL1970)(Soilfungus),526,3.4.21.105,XP_001229133.1;,Q2HAY7;,
I1HU74_BRADI,Peptidase S54 rhomboid domain-containing protein,Peptidase S54 family,Eukaryota,Viridiplantae,Streptophytina,Petrosaviidae,Poales,Pooideae,Brachypodium,,I1HU74,BRADI_2g57550v3,Brachypodiumdistachyon(Purplefalsebrome)(Trachyniadistachya),273,,XP_003564835.1;,,
A0A0F5YCP4_9CYAN,Rhomboid family protein,Peptidase S54 family,Bacteria,Bacillati,Cyanobacteriota,Oscillatoriophycideae,Oscillatoriales,Sirenicapillariaceae,Limnoraphis,Limnoraphisrobusta,A0A0F5YCP4,WN50_19410,LimnoraphisrobustaCS-951,233,,WP_046280234.1;,A0A0F5YCP4;,
D2UBE2_XANAP,Peptidase S54 rhomboid domain-containing protein,,Bacteria,Bacteria,Pseudomonadota,Gammaproteobacteria,Lysobacterales,Lysobacteraceae,Xanthomonas,Xanthomonasalbilineans,D2UBE2,XALc_0396,Xanthomonasalbilineans(strainGPEPC73/CFBP7063),225,,WP_012914949.1;,D2UBE2;,
R5BMV6_9BACE,,,,,,,,,,,R5BMV6,,,,,,,
R7J2P8_9BACT,Rhomboid family protein,Peptidase S54 family,Bacteria,Bacteria,Bacteroidota,unclassifiedPrevotella,Bacteroidales,Prevotellaceae,Prevotella,,R7J2P8,BN799_01922,Prevotellasp.CAG:873,246,,,R7J2P8;,
R5DJB5_9FIRM,,,,,,,,,,,R5DJB5,,,,,,,
R7NEW1_9MOLU,Rhomboid family protein,Peptidase S54 family,Bacteria,Bacillati,Mycoplasmatota,unclassifiedMycoplasma,Mycoplasmatales,Mycoplasmataceae,Mycoplasma,,R7NEW1,BN778_00433,Mycoplasmasp.CAG:776,384,,,R7NEW1;,
S9YDB3_CAMFR,,,,,,,,,,,S9YDB3,,,,,,,
Q6AB21_CUTAK,Membrane spanning protein,Peptidase S54 family,Bacteria,Bacillati,Actinomycetota,Actinomycetes,Propionibacteriales,Propionibacteriaceae,Cutibacterium,Cutibacteriumacnes,Q6AB21,PPA0287,Cutibacteriumacnes(strainDSM16379/KPA171202)(Propionibacteriumacnes),302,,WP_002517133.1;,Q6AB21;,
R6RRU7_9CLOT,,,,,,,,,,,R6RRU7,,,,,,,
A0A0F7NJG6_9ACTN,Peptidase S54,,Bacteria,Bacillati,Actinomycetota,unclassifiedStreptomyces,Kitasatosporales,Streptomycetaceae,Streptomyces,,A0A0F7NJG6,AA958_20465,Streptomycessp.CNQ-509,190,,,A0A0F7NJG6;,
C7P155_HALMD,Rhomboid family protein,,Archaea,Methanobacteriati,Methanobacteriota,Halobacteria,Halobacteriales,Haloarculaceae,Halomicrobium,Halomicrobiummukohataei,C7P155,Hmuk_2965,Halomicrobiummukohataei(strainATCC700874/DSM12286/JCM9738/NCIMB13541)(Haloarculamukohataei),318,,WP_015763912.1;,C7P155;,
I2N245_STRT9,Rhomboid family intramembrane serine protease,Peptidase S54 family,Bacteria,Bacillati,Actinomycetota,Actinomycetes,Kitasatosporales,Streptomycetaceae,Streptomyces,Streptomycestsukubensis,I2N245,STSU_017595,Streptomycestsukubensis(strainDSM42081/NBRC108919/NRRL18488/9993),299,,WP_006348032.1;,I2N245;,
A0A0F3RXI7_9LACO,Membrane protein,Peptidase S54 family,Bacteria,Bacillati,Bacillota,Bacilli,Lactobacillales,Lactobacillaceae,Levilactobacillus,,A0A0F3RXI7,VC81_03350,Levilactobacillusspicheri,226,,,A0A0F3RXI7;,
A8PSU3_MALGO,Rhomboid-type serine protease (EC 3.4.21.105),Peptidase S54 family,Eukaryota,Dikarya,Ustilaginomycotina,Malasseziomycetes,Malasseziales,Malasseziaceae,Malassezia,Malasseziaglobosa,A8PSU3,MGL_0317,Malasseziaglobosa(strainATCCMYA-4612/CBS7966)(Dandruff-associatedfungus),326,3.4.21.105,XP_001732542.1;,A8PSU3;,
A0A060LS92_9BACI,Rhomboid protease gluP,Peptidase S54 family,Bacteria,Bacillati,Bacillota,Bacilli,Bacillales,Bacillaceae,Shouchella,Shouchellalehensis,A0A060LS92,BleG1_1533,ShouchellalehensisG1,522,,WP_051667470.1;,A0A060LS92;,
K6D1A0_9BACI,"Serine protease of Rhomboid family, contains TPR repeats",Peptidase S54 family,Bacteria,Bacillati,Bacillota,Bacilli,Bacillales,Bacillaceae,Neobacillus,Neobacillusbataviensis,K6D1A0,BABA_16677,NeobacillusbataviensisLMG21833,519,,WP_007086331.1;,K6D1A0;,
J8PHA3_SACAR,Rhomboid-type serine protease 2 (EC 3.4.21.105) (Rhomboid protein 2),Peptidase S54 family,Eukaryota,Dikarya,Saccharomycotina,Saccharomycetes,Saccharomycetales,Saccharomycetaceae,Saccharomyces,Saccharomycesarboricola,J8PHA3,SU7_3457,Saccharomycesarboricola(strainH-6/AS2.3317/CBS10644)(Yeast),262,3.4.21.105,,J8PHA3;,
A0A023NNA0_9GAMM,,,,,,,,,,,A0A023NNA0,,,,,,,
B7RNX0_ROSS0,"Peptidase, S54 (Rhomboid) family",Peptidase S54 family,Bacteria,Bacteria,Pseudomonadota,unclassifiedRoseobacter,Rhodobacterales,Roseobacteraceae,Roseobacter,,B7RNX0,RGAI101_1698,Roseobactersp.(strainGAI101),247,,WP_008226892.1;,B7RNX0;,
K1LQT8_9FLAO,Peptidase S54 rhomboid domain-containing protein,Peptidase S54 family,Bacteria,Bacteria,Bacteroidota,Flavobacteriia,Flavobacteriales,Weeksellaceae,Bergeyella,Bergeyellazoohelcum,K1LQT8,HMPREF9699_00231,BergeyellazoohelcumATCC43767,243,,WP_002661677.1;,K1LQT8;,
A0CBK7_PARTE,"Chromosome undetermined scaffold_164, whole genome shotgun sequence",Peptidase S54 family,Eukaryota,Eukaryota,Intramacronucleata,Oligohymenophorea,Peniculida,Parameciidae,Paramecium,,A0CBK7,GSPATT00036957001,Parameciumtetraurelia,221,,XP_001435571.1;,A0CBK7;,
D6A9Q9_STRV1,Rhomboid family protein,Peptidase S54 family,Bacteria,Bacillati,Actinomycetota,Actinomycetes,Kitasatosporales,Streptomycetaceae,Streptomyces,Streptomycesviridosporus,D6A9Q9,SSFG_05336,Streptomycesviridosporus(strainATCC14672/DSM40746/JCM4963/KCTC9882/NRRLB-12104/FH1290)(Streptomycesghanaensis),293,,,D6A9Q9;,
Q1D0U4_MYXXD,"Peptidase, S54 (Rhomboid) family (EC 3.4.21.-)",Peptidase S54 family,Bacteria,Bacteria,Myxococcota,Myxococcia,Cystobacterineae,Myxococcaceae,Myxococcus,Myxococcusxanthus,Q1D0U4,MXAN_5590,Myxococcusxanthus(strainDK1622),508,3.4.21.-,WP_011555544.1;,Q1D0U4;,
C5CRS9_VARPS,Rhomboid family protein,Peptidase S54 family,Bacteria,Bacteria,Pseudomonadota,Betaproteobacteria,Burkholderiales,Comamonadaceae,Variovorax,Variovoraxparadoxus,C5CRS9,Vapar_1360,Variovoraxparadoxus(strainS110),492,,,C5CRS9;,
S2K5Q1_MUCC1,Rhomboid-type serine protease (EC 3.4.21.105),Peptidase S54 family,Eukaryota,Fungi,Mucoromycotina,Mucoromycetes,Mucorineae,Mucoraceae,Mucor,Mucorcircinelloides,S2K5Q1,HMPREF1544_02462,Mucorcircinelloidesf.circinelloides(strain1006PhL)(Mucormycosisagent)(Calyptromycescircinelloides),510,3.4.21.105,,S2K5Q1;,
A0A0A2F366_9PORP,Membrane protein,,Bacteria,Bacteria,Bacteroidota,unclassifiedPorphyromonas,Bacteroidales,Porphyromonadaceae,Porphyromonas,,A0A0A2F366,HQ41_04585,Porphyromonassp.COT-290OH860,239,,WP_044188439.1;,A0A0A2F366;,
G3RDB0_GORGO,rhomboid protease (EC 3.4.21.105),Peptidase S54 family,Eukaryota,Metazoa,Craniata,Mammalia,Catarrhini,Homininae,Gorilla,Gorillagorilla,G3RDB0,RHBDL1,Gorillagorillagorilla(Westernlowlandgorilla),438,3.4.21.105,XP_004056945.1;,G3RDB0;,
Q18HT5_HALWD,Probable rhomboid family protease (EC 3.4.21.105),Peptidase S54 family,Archaea,Methanobacteriati,Methanobacteriota,Halobacteria,Halobacteriales,Haloferacaceae,Haloquadratum,Haloquadratumwalsbyi,Q18HT5,HQ_2329A,Haloquadratumwalsbyi(strainDSM16790/HBSQ001),229,3.4.21.105,WP_011571576.1;,Q18HT5;,
C4LEZ6_TOLAT,Rhomboid family protein,Peptidase S54 family,Bacteria,Bacteria,Pseudomonadota,Gammaproteobacteria,Aeromonadales,Aeromonadaceae,Tolumonas,Tolumonasauensis,C4LEZ6,Tola_1552,Tolumonasauensis(strainDSM9187/NBRC110442/TA4),200,,WP_015878634.1;,C4LEZ6;,
B0C845_ACAM1,Rhomboid family protein,,Bacteria,Bacillati,Cyanobacteriota,Cyanophyceae,Acaryochloridales,Acaryochloridaceae,Acaryochloris,Acaryochlorismarina,B0C845,AM1_2729,Acaryochlorismarina(strainMBIC11017),230,,WP_012163176.1;,B0C845;,
E6XC45_CELAD,"Peptidase S54, rhomboid domain protein",Peptidase S54 family,Bacteria,Bacteria,Bacteroidota,Flavobacteriia,Flavobacteriales,Flavobacteriaceae,Cellulophaga,Cellulophagaalgicola,E6XC45,Celal_2768,Cellulophagaalgicola(strainDSM14237/IC166/ACAM630),251,,WP_013551521.1;,E6XC45;,
E6MQY3_9BACT,"Peptidase, S54 family (EC 3.4.21.-)",Peptidase S54 family,Bacteria,Bacteria,Bacteroidota,Bacteroidia,Bacteroidales,Prevotellaceae,Segatella,Segatellasalivae,E6MQY3,HMPREF9420_1901,SegatellasalivaeDSM15606,319,3.4.21.-,WP_007135152.1;,E6MQY3;,
A0A0F4PW50_9GAMM,GlpG protein (Rhomboid family intramembrane serine protease GlpG),Peptidase S54 family,Bacteria,Bacteria,Pseudomonadota,Gammaproteobacteria,Alteromonadales,Pseudoalteromonadaceae,Pseudoalteromonas,,A0A0F4PW50,glpGCWC05_12830TW72_12265,Pseudoalteromonasruthenica,273,,WP_022946484.1;,A0A0F4PW50;,
Q0BYV0_HYPNA,"Peptidase, S54 (Rhomboid) family (EC 3.4.21.-)",,Bacteria,Bacteria,Pseudomonadota,Alphaproteobacteria,Hyphomonadales,Hyphomonadaceae,Hyphomonas,Hyphomonasneptunium,Q0BYV0,HNE_2661,Hyphomonasneptunium(strainATCC15444),237,3.4.21.-,WP_011647640.1;,Q0BYV0;,
D3CYD0_9ACTN,Rhomboid family protein,Peptidase S54 family,Bacteria,Bacillati,Actinomycetota,unclassifiedParafrankia,Frankiales,Frankiaceae,Parafrankia,,D3CYD0,FrEUN1fDRAFT_2550,Parafrankiasp.EUN1f,292,,WP_006540392.1;,D3CYD0;,
G2PRD4_ALLRU,"Peptidase S54, rhomboid domain protein",Peptidase S54 family,Bacteria,Bacteria,Bacteroidota,Flavobacteriia,Flavobacteriales,Flavobacteriaceae,Flagellimonas,Flagellimonasruestringensis,G2PRD4,Murru_0259,Allomuricaudaruestringensis(strainDSM13258/CIP107369/LMG19739/B1)(Muricaudaruestringensis),244,,WP_014031599.1;,G2PRD4;,
M1P4W1_DESSD,Putative membrane protein,,Bacteria,Bacteria,Thermodesulfobacteriota,Desulfobulbia,Desulfobulbales,Desulfocapsaceae,Desulfocapsa,Desulfocapsasulfexigens,M1P4W1,UWK_01943,Desulfocapsasulfexigens(strainDSM10523/SB164P1),312,,,M1P4W1;,
Q6CDL2_YARLI,Rhomboid-type serine protease (EC 3.4.21.105),Peptidase S54 family,Eukaryota,Dikarya,Saccharomycotina,Dipodascomycetes,Dipodascales,,Yarrowia,Yarrowialipolytica,Q6CDL2,YALI0_B23078g,Yarrowialipolytica(strainCLIB122/E150)(Yeast)(Candidalipolytica),611,3.4.21.105,XP_501250.1;,Q6CDL2;,
N0BF67_9EURY,AN1-type domain-containing protein,Peptidase S54 family,Archaea,Methanobacteriati,Methanobacteriota,Archaeoglobi,Archaeoglobales,Archaeoglobaceae,Archaeoglobus,Archaeoglobussulfaticallidus,N0BF67,Asulf_00906,ArchaeoglobussulfaticallidusPM70-1,279,,WP_015590510.1;,N0BF67;,
W5YSR2_9GAMM,Membrane protein,Peptidase S54 family,Bacteria,Bacteria,Pseudomonadota,Gammaproteobacteria,Pseudomonadales,Marinobacteraceae,Marinobacter,,W5YSR2,AU15_14895,Marinobactersalarius,291,,WP_041334732.1;,W5YSR2;,
G7MA02_9CLOT,Rhomboid family protein,Peptidase S54 family,Bacteria,Bacillati,Bacillota,unclassifiedClostridium,Eubacteriales,Clostridiaceae,Clostridium,,G7MA02,CDLVIII_5050,Clostridiumsp.DL-VIII,332,,WP_009172181.1;,G7MA02;,
A0A0F5VE17_9GAMM,Protease,Peptidase S54 family,Bacteria,Bacteria,Pseudomonadota,Gammaproteobacteria,Vibrionales,Vibrionaceae,Photobacterium,,A0A0F5VE17,KY46_06875,Photobacteriumhalotolerans,192,,WP_046219907.1;,A0A0F5VE17;,
Q21LE2_SACD2,Rhomboid-like protein,,Bacteria,Bacteria,Pseudomonadota,Gammaproteobacteria,Cellvibrionales,Cellvibrionaceae,Saccharophagus,Saccharophagusdegradans,Q21LE2,Sde_1225,Saccharophagusdegradans(strain2-40/ATCC43961/DSM17024),249,,WP_011467707.1;,Q21LE2;,
C7QYJ2_JONDD,Rhomboid family protein,Peptidase S54 family,Bacteria,Bacillati,Actinomycetota,Actinomycetes,Micrococcales,Jonesiaceae,Jonesia,Jonesiadenitrificans,C7QYJ2,Jden_0165,Jonesiadenitrificans(strainATCC14870/DSM20603/BCRC15368/CIP55.134/JCM11481/NBRC15587/NCTC10816/Prevot55134)(Listeriadenitrificans),292,,,C7QYJ2;,
A0A072UH17_MEDTR,RHOMBOID-like protein (EC 3.4.21.105),Peptidase S54 family,Eukaryota,Viridiplantae,Streptophytina,Magnoliopsida,Fabales,Papilionoideae,Medicago,,A0A072UH17,MTR_4g021755,Medicagotruncatula(Barrelmedic)(Medicagotribuloides),399,3.4.21.105,XP_013455006.1;,A0A072UH17;,
F3NK46_9ACTN,Integral membrane protein,Peptidase S54 family,Bacteria,Bacillati,Actinomycetota,Actinomycetes,Kitasatosporales,Streptomycetaceae,Streptomyces,Streptomycesgriseoaurantiacus,F3NK46,SGM_3510,StreptomycesgriseoaurantiacusM045,303,,WP_006141279.1;,F3NK46;,
R4XEE2_TAPDE,rhomboid protease (EC 3.4.21.105),Peptidase S54 family,Eukaryota,Dikarya,Taphrinomycotina,Taphrinomycetes,Taphrinales,Taphrinaceae,Taphrina,Taphrinadeformans,R4XEE2,TAPDE_004605,Taphrinadeformans(strainPYCC5710/ATCC11124/CBS356.35/IMI108563/JCM9778/NBRC8474)(Peachleafcurlfungus)(Lalariadeformans),303,3.4.21.105,,R4XEE2;,
S8BZ44_DACHA,Rhomboid-type serine protease (EC 3.4.21.105),Peptidase S54 family,Eukaryota,Dikarya,Pezizomycotina,Orbiliomycetes,Orbiliales,Orbiliaceae,Dactylellina,Dactylellinahaptotyla,S8BZ44,H072_1280,Dactylellinahaptotyla(strainCBS200.50)(Nematode-trappingfungus)(Monacrosporiumhaptotylum),507,3.4.21.105,XP_011107272.1;,S8BZ44;,
G8YND9_PICSO,Rhomboid-type serine protease (EC 3.4.21.105),Peptidase S54 family,Eukaryota,Dikarya,Saccharomycotina,Pichiomycetes,Serinales,Debaryomycetaceae,Millerozyma,Millerozymafarinosa,G8YND9,Piso0_001522GNLVRS01_PISO0E06912g,Pichiasorbitophila(strainATCCMYA-4447/BCRC22081/CBS7064/NBRC10061/NRRLY-12695)(Hybridyeast),524,3.4.21.105,,G8YND9;,
I0I3H0_CALAS,Peptidase S54 rhomboid domain-containing protein,,Bacteria,Bacillati,Chloroflexota,Caldilineae,Caldilineales,Caldilineaceae,Caldilinea,Caldilineaaerophila,I0I3H0,CLDAP_17680,Caldilineaaerophila(strainDSM14535/JCM11387/NBRC104270/STL-6-O1),189,,,I0I3H0;,
A0A090MWK4_STRRB,Rhomboid-related protein 2,Peptidase S54 family,Eukaryota,Metazoa,Nematoda,Chromadorea,Panagrolaimomorpha,Strongyloididae,Strongyloides,,A0A090MWK4,SRAE_1000209700,Strongyloidesratti(Parasiticroundworm),358,,,,
D5DSB4_PRIM1,Membrane endopeptidase (EC 3.4.21.-),Peptidase S54 family,Bacteria,Bacillati,Bacillota,Bacilli,Bacillales,Bacillaceae,Priestia,Priestiamegaterium,D5DSB4,glpGBMQ_4503,Priestiamegaterium(strainATCC12872/QMB1551)(Bacillusmegaterium),506,3.4.21.-,WP_013059185.1;,D5DSB4;,
E4MZF5_KITSK,Putative peptidase S54 family protein,Peptidase S54 family,Bacteria,Bacillati,Actinomycetota,Actinomycetes,Kitasatosporales,Streptomycetaceae,Kitasatospora,Kitasatosporasetae,E4MZF5,KSE_39330,Kitasatosporasetae(strainATCC33774/DSM43861/JCM3304/KCCA-0304/NBRC14216/KM-6054)(Streptomycessetae),307,,,E4MZF5;,
D2UCL8_XANAP,Hypothetical. transmembrane protein,,Bacteria,Bacteria,Pseudomonadota,Gammaproteobacteria,Lysobacterales,Lysobacteraceae,Xanthomonas,Xanthomonasalbilineans,D2UCL8,XALc_0886,Xanthomonasalbilineans(strainGPEPC73/CFBP7063),342,,,D2UCL8;,
C7MRQ5_SACVD,Uncharacterized membrane protein,Peptidase S54 family,Bacteria,Bacillati,Actinomycetota,Actinomycetes,Pseudonocardiales,Pseudonocardiaceae,Saccharomonospora,Saccharomonosporaviridis,C7MRQ5,Svir_00270,Saccharomonosporaviridis(strainATCC15386/DSM43017/JCM3036/CCUG5913/NBRC12207/NCIMB9602/P101)(Thermoactinomycesviridis),336,,,C7MRQ5;,
B1WVW9_CROS5,"Peptidase, S54 (Rhomboid) family",Peptidase S54 family,Bacteria,Bacillati,Cyanobacteriota,Oscillatoriophycideae,Chroococcales,Aphanothecaceae,Crocosphaera,Crocosphaerasubtropica,B1WVW9,cce_2954,Crocosphaerasubtropica(strainATCC51142/BH68)(Cyanothecesp.(strainATCC51142)),233,,WP_009547413.1;,B1WVW9;,
Q24CZ8_TETTS,Rhomboid-like protease (EC 3.4.21.105),Peptidase S54 family,Eukaryota,Eukaryota,Intramacronucleata,Oligohymenophorea,Tetrahymenina,Tetrahymenidae,Tetrahymena,Tetrahymenathermophila,Q24CZ8,TTHERM_00711950,Tetrahymenathermophila(strainSB210),312,3.4.21.105,XP_001025855.1;,Q24CZ8;,
D9W6Z6_9ACTN,Rhomboid family protein,Peptidase S54 family,Bacteria,Bacillati,Actinomycetota,Actinomycetes,Kitasatosporales,Streptomycetaceae,Streptomyces,Streptomyceshimastatinicus,D9W6Z6,SSOG_04374,StreptomyceshimastatinicusATCC53653,292,,WP_009716466.1;,D9W6Z6;,
F4QD49_CACFS,rhomboid protease (EC 3.4.21.105),Peptidase S54 family,Eukaryota,Eukaryota,Evosea,Eumycetozoa,Acytosteliales,Cavenderiaceae,Cavenderia,,F4QD49,DFA_12296,Cavenderiafasciculata(Slimemold)(Dictyosteliumfasciculatum),490,3.4.21.105,XP_004353943.1;,F4QD49;,
D9T2W4_MICAI,,,,,,,,,,,D9T2W4,,,,,,,
D6TCH9_KTERA,Rhomboid family protein,,Bacteria,Bacillati,Chloroflexota,Ktedonobacteria,Ktedonobacterales,Ktedonobacteraceae,Ktedonobacter,Ktedonobacterracemifer,D6TCH9,Krac_11590,KtedonobacterracemiferDSM44963,383,,,D6TCH9;,
W2S230_CYPE1,Rhomboid-type serine protease (EC 3.4.21.105),Peptidase S54 family,Eukaryota,Dikarya,Pezizomycotina,Chaetothyriomycetidae,Chaetothyriales,Cyphellophoraceae,Cyphellophora,Cyphellophoraeuropaea,W2S230,HMPREF1541_03948,Cyphellophoraeuropaea(strainCBS101466)(Phialophoraeuropaea),519,3.4.21.105,XP_008716518.1;,W2S230;,
R7QX23_9FIRM,Integral membrane protein,Peptidase S54 family,Bacteria,Bacillati,Bacillota,unclassifiedRoseburia,Lachnospirales,Lachnospiraceae,Roseburia,,R7QX23,BN520_01368,Roseburiasp.CAG:182,356,,,R7QX23;,
Q03YD8_LEUMM,Membrane-associated serine protease,Peptidase S54 family,Bacteria,Bacillati,Bacillota,Bacilli,Lactobacillales,Lactobacillaceae,Leuconostoc,Leuconostocmesenteroidessubsp.mesenteroides,Q03YD8,LEUM_0674,Leuconostocmesenteroidessubsp.mesenteroides(strainATCC8293/DSM20343/BCRC11652/CCM1803/JCM6124/NCDO523/NBRC100496/NCIMB8023/NCTC12954/NRRLB-1118/37Y),227,,WP_011679475.1;,Q03YD8;,
W1QBK2_OGAPD,Rhomboid-type serine protease (EC 3.4.21.105),Peptidase S54 family,Eukaryota,Dikarya,Saccharomycotina,Pichiomycetes,Pichiales,Pichiaceae,Ogataea,Ogataeaparapolymorpha,W1QBK2,HPODL_04053,Ogataeaparapolymorpha(strainATCC26012/BCRC20466/JCM22074/NRRLY-7560/DL-1)(Yeast)(Hansenulapolymorpha),424,3.4.21.105,XP_013934309.1;,W1QBK2;,
Q5R0G0_IDILO,"Predicted membrane serine peptidase, rhomboid homolog",,Bacteria,Bacteria,Pseudomonadota,Gammaproteobacteria,Alteromonadales,Idiomarinaceae,Idiomarina,Idiomarinaloihiensis,Q5R0G0,IL0717,Idiomarinaloihiensis(strainATCCBAA-735/DSM15497/L2-TR),189,,WP_011233969.1;,Q5R0G0;,
G8R2V3_OWEHD,Putative membrane protein,,Bacteria,Bacteria,Bacteroidota,Flavobacteriia,Flavobacteriales,Owenweeksiaceae,Owenweeksia,Owenweeksiahongkongensis,G8R2V3,Oweho_0897,Owenweeksiahongkongensis(strainDSM17368/CIP108786/JCM12287/NRRLB-23963/UST20020801),256,,,G8R2V3;,
H2IPQ6_RAHAC,Rhomboid protease glpG,Peptidase S54 family,Bacteria,Bacteria,Pseudomonadota,Gammaproteobacteria,Enterobacterales,Yersiniaceae,Rahnella,Rahnellaaquatilis,H2IPQ6,glpGRahaq2_0233,Rahnellaaquatilis(strainATCC33071/DSM4594/JCM1683/NBRC105701/NCIMB13365/CIP78.65),277,3.4.21.105,WP_014333488.1;,H2IPQ6;,
A0A098EQA4_9BACL,Rhomboid protease GluP,Peptidase S54 family,Bacteria,Bacillati,Bacillota,Bacilli,Bacillales,Planococcaceae,Planococcus,,A0A098EQA4,gluPBN1080_02995,Planococcusmassiliensis,202,,WP_052653131.1;,A0A098EQA4;,
I1PP49_ORYGL,RHOMBOID-like protein (EC 3.4.21.105),Peptidase S54 family,Eukaryota,Viridiplantae,Streptophytina,Petrosaviidae,Poales,Oryzoideae,Oryza,,I1PP49,,Oryzaglaberrima(Africanrice),342,3.4.21.105,,I1PP49;,
K7KM97_SOYBN,RHOMBOID-like protein (EC 3.4.21.105),Peptidase S54 family,Eukaryota,Viridiplantae,Streptophytina,Magnoliopsida,Fabales,Papilionoideae,Glycinesubgen.Soja,,K7KM97,LOC100793747GLYMA_04G254500,Glycinemax(Soybean)(Glycinehispida),368,3.4.21.105,XP_003522595.1;,,
D9W2X2_9ACTN,Peptidase S54 rhomboid domain-containing protein,Peptidase S54 family,Bacteria,Bacillati,Actinomycetota,unclassifiedStreptomyces,Kitasatosporales,Streptomycetaceae,Streptomyces,,D9W2X2,SSNG_03518,Streptomycessp.C,290,,WP_007265210.1;,D9W2X2;,
A0A061DZ38_THECC,"RHOMBOID-like protein 10, putative",Peptidase S54 family,Eukaryota,Viridiplantae,Streptophytina,Magnoliopsida,Malvales,Byttnerioideae,Theobroma,,A0A061DZ38,TCM_006398,Theobromacacao(Cacao)(Cocoa),347,,,A0A061DZ38;,
A0A0H4C323_9ACTN,Rhomboid family protein,Peptidase S54 family,Bacteria,Bacillati,Actinomycetota,unclassifiedStreptomyces,Kitasatosporales,Streptomycetaceae,Streptomyces,,A0A0H4C323,QR97_04385,Streptomycessp.PBH53,296,,WP_059250059.1;,A0A0H4C323;,
R7JMV6_9FIRM,,,,,,,,,,,R7JMV6,,,,,,,
D2U9I1_XANAP,Hypothetical uncharacterized membrane protein,,Bacteria,Bacteria,Pseudomonadota,Gammaproteobacteria,Lysobacterales,Lysobacteraceae,Xanthomonas,Xanthomonasalbilineans,D2U9I1,XALc_2443,Xanthomonasalbilineans(strainGPEPC73/CFBP7063),218,,WP_012916917.1;,D2U9I1;,
A0A0C1TXW3_9ACTN,,,,,,,,,,,A0A0C1TXW3,,,,,,,
R5HSG2_9FIRM,,,,,,,,,,,R5HSG2,,,,,,,
H1HNU2_9BACT,Uncharacterized protein,Peptidase S54 family,Bacteria,Bacteria,Bacteroidota,Bacteroidia,Bacteroidales,Prevotellaceae,Segatella,Segatellamaculosa,H1HNU2,HMPREF9944_01836,SegatellamaculosaOT289,319,,WP_008565846.1;,H1HNU2;,
S5ZX19_9CREN,Peptidase S54 rhomboid domain-containing protein,Peptidase S54 family,Archaea,Thermoproteati,Thermoproteota,Thermoprotei,Thermofilales,Thermofilaceae,Thermofilum,,S5ZX19,N186_07430,Thermofilumadornatum,445,,WP_020963131.1;,S5ZX19;,
C1N9S6_MICPC,Predicted protein,Peptidase S54 family,Eukaryota,Viridiplantae,Chlorophyta,Mamiellophyceae,Mamiellales,Mamiellaceae,Micromonas,Micromonaspusilla,C1N9S6,MICPUCDRAFT_54609,Micromonaspusilla(strainCCMP1545)(Picoplanktonicgreenalga),370,,XP_003064786.1;,C1N9S6;,
A0A0F7D4C7_9STAP,Rhomboid protease GluP,Peptidase S54 family,Bacteria,Bacillati,Bacillota,Bacilli,Bacillales,Staphylococcaceae,Salinicoccus,,A0A0F7D4C7,SAMN05216235_0649,Salinicoccushalodurans,471,,WP_046790192.1;,A0A0F7D4C7;,
A0A0F7IGS4_9EURY,AN1-type domain-containing protein,Peptidase S54 family,Archaea,Methanobacteriati,Methanobacteriota,Archaeoglobi,Archaeoglobales,Archaeoglobaceae,Geoglobus,,A0A0F7IGS4,GAH_00171,Geoglobusahangari,268,,WP_048094260.1;,A0A0F7IGS4;,
R5J838_9CLOT,,,,,,,,,,,R5J838,,,,,,,
A0A0M2LTC2_9MICO,Rhomboid family membrane protein,Peptidase S54 family,Bacteria,Bacillati,Actinomycetota,unclassifiedLeucobacter,Micrococcales,Microbacteriaceae,Leucobacter,,A0A0M2LTC2,XM48_06260,Leucobactersp.Ag1,314,,,A0A0M2LTC2;,
A6CNU2_9BACI,,,,,,,,,,,A6CNU2,,,,,,,
I1CD37_RHIO9,Rhomboid-type serine protease (EC 3.4.21.105),Peptidase S54 family,Eukaryota,Fungi,Mucoromycotina,Mucoromycetes,Mucorineae,Rhizopodaceae,Rhizopus,Rhizopusdelemar,I1CD37,RO3G_11078,Rhizopusdelemar(strainRA99-880/ATCCMYA-4621/FGSC9543/NRRL43880)(Mucormycosisagent)(Rhizopusarrhizusvar.delemar),396,3.4.21.105,,I1CD37;,
A0A094GF75_9PEZI,Rhomboid-type serine protease (EC 3.4.21.105),Peptidase S54 family,Eukaryota,Dikarya,Pezizomycotina,unclassifiedPseudogymnoascus,Thelebolales,Thelebolaceae,Pseudogymnoascus,,A0A094GF75,V500_03109,Pseudogymnoascussp.VKMF-4518(FW-2643),516,3.4.21.105,,A0A094GF75;,
H0E8Z4_9ACTN,Rhomboid family protein,Peptidase S54 family,Bacteria,Bacillati,Actinomycetota,Thermoleophilia,Solirubrobacterales,Patulibacteraceae,Patulibacter,,H0E8Z4,PAI11_33080,Patulibactermedicamentivorans,254,,,H0E8Z4;,
A3HX58_9BACT,Cytoplasmic membrane protein,Peptidase S54 family,Bacteria,Bacteria,Bacteroidota,Cytophagia,Cytophagales,Cyclobacteriaceae,Algoriphagus,,A3HX58,ALPR1_19133,Algoriphagusmachipongonensis,209,,WP_008202892.1;,A3HX58;,
R5CEY3_9BACT,Rhomboid family protein,,Bacteria,Bacteria,Bacteroidota,unclassifiedPrevotella,Bacteroidales,Prevotellaceae,Prevotella,,R5CEY3,BN458_01721,Prevotellasp.CAG:1058,307,,,R5CEY3;,
H0QHA6_ARTG1,Peptidase S54 rhomboid domain-containing protein,,Bacteria,Bacillati,Actinomycetota,Actinomycetes,Micrococcales,Micrococcaceae,Arthrobacter,Arthrobacterglobiformis,H0QHA6,ARGLB_010_00430,Arthrobacterglobiformis(strainATCC8010/DSM20124/JCM1332/NBRC12137/NCIMB8907/NRRLB-2979/168),201,,WP_003798026.1;,H0QHA6;,
F0SZJ7_SYNGF,Rhomboid family protein,,Bacteria,Bacillati,Bacillota,Clostridia,Eubacteriales,Desulfitobacteriaceae,Syntrophobotulus,Syntrophobotulusglycolicus,F0SZJ7,Sgly_1786,Syntrophobotulusglycolicus(strainDSM8271/FlGlyR),189,,WP_013624951.1;,F0SZJ7;,
F7YYK2_9THEM,Rhomboid family protein,Peptidase S54 family,Bacteria,Bacteria,Thermotogota,Thermotogae,Thermotogales,Thermotogaceae,Pseudothermotoga,Pseudothermotogathermarum,F7YYK2,Theth_0950,PseudothermotogathermarumDSM5069,230,,,F7YYK2;,
Q88LC1_PSEPK,Rhomboid family intramembrane serine protease,Peptidase S54 family,Bacteria,Bacteria,Pseudomonadota,Gammaproteobacteria,Pseudomonadales,Pseudomonadaceae,Pseudomonas,Pseudomonasputida,Q88LC1,PP_2014,Pseudomonasputida(strainATCC47054/DSM6125/CFBP8728/NCIMB11950/KT2440),295,,NP_744164.1;WP_010953025.1;,Q88LC1;,
R0GNS5_9BRAS,RHOMBOID-like protein (EC 3.4.21.105),Peptidase S54 family,Eukaryota,Viridiplantae,Streptophytina,Magnoliopsida,Brassicales,Brassicaceae,Capsella,,R0GNS5,CARUB_v10011917mg,Capsellarubella,304,3.4.21.105,XP_006304679.1;,R0GNS5;,
A0A0A7PIM8_9SPHN,Rhomboid-like protein,,Bacteria,Bacteria,Pseudomonadota,Alphaproteobacteria,Sphingomonadales,Sphingomonadaceae,Sphingopyxis,,A0A0A7PIM8,SKP52_15510,Sphingopyxisfribergensis,211,,WP_039576124.1;,A0A0A7PIM8;,
J5JC04_BEAB2,rhomboid protease (EC 3.4.21.105),Peptidase S54 family,Eukaryota,Dikarya,Pezizomycotina,Hypocreomycetidae,Hypocreales,Cordycipitaceae,Beauveria,Beauveriabassiana,J5JC04,BBA_09582,Beauveriabassiana(strainARSEF2860)(Whitemuscardinediseasefungus)(Tritirachiumshiotae),264,3.4.21.105,XP_008602901.1;,J5JC04;,
W8KN54_9GAMM,Membrane protein,,Bacteria,Bacteria,Pseudomonadota,Gammaproteobacteria,Chromatiales,Ectothiorhodospiraceae,Ectothiorhodospira,,W8KN54,M911_03780,Ectothiorhodospirahaloalkaliphila,227,,WP_025280801.1;,W8KN54;,
F0SSY2_RUBBR,Rhomboid family protein,,Bacteria,Bacteria,Planctomycetota,Planctomycetia,Planctomycetales,Planctomycetaceae,Rubinisphaera,Rubinisphaerabrasiliensis,F0SSY2,Plabr_0510,Rubinisphaerabrasiliensis(strainATCC49424/DSM5305/JCM21570/IAM15109/NBRC103401/IFAM1448)(Planctomycesbrasiliensis),261,,WP_013626881.1;,F0SSY2;,
D6YRU8_WADCW,Rhomboid family protein (EC 3.4.21.105),Peptidase S54 family,Bacteria,Bacteria,Chlamydiota,Chlamydiia,Parachlamydiales,Waddliaceae,Waddlia,Waddliachondrophila,D6YRU8,glpGwcw_1444,Waddliachondrophila(strainATCCVR-1470/WSU86-1044),387,3.4.21.105,WP_013182501.1;,D6YRU8;,
A0A0E0QSA4_ORYRU,Peptidase S54 rhomboid domain-containing protein,Peptidase S54 family,Eukaryota,Viridiplantae,Streptophytina,Petrosaviidae,Poales,Oryzoideae,Oryza,,A0A0E0QSA4,,Oryzarufipogon(Brownbeardrice)(Asianwildrice),328,,,A0A0E0QSA4;,
A3Z521_9SYNE,,,,,,,,,,,A3Z521,,,,,,,
M4UAT7_9GAMM,Membrane serine peptidase,Peptidase S54 family,Bacteria,Bacteria,Pseudomonadota,unclassifiedPsychromonas,Alteromonadales,Psychromonadaceae,Psychromonas,,M4UAT7,PCNPT3_11755,Psychromonassp.CNPT3,285,,WP_015466166.1;,M4UAT7;,
D6TMD9_KTERA,Rhomboid family protein,,Bacteria,Bacillati,Chloroflexota,Ktedonobacteria,Ktedonobacterales,Ktedonobacteraceae,Ktedonobacter,Ktedonobacterracemifer,D6TMD9,Krac_8257,KtedonobacterracemiferDSM44963,294,,WP_007911655.1;,D6TMD9;,
K9WEK8_9CYAN,Putative membrane protein,,Bacteria,Bacillati,Cyanobacteriota,Cyanophyceae,Coleofasciculales,Coleofasciculaceae,Allocoleopsis,Allocoleopsisfranciscana,K9WEK8,Mic7113_2434,AllocoleopsisfranciscanaPCC7113,215,,,K9WEK8;,
F3Y991_MELPT,"GlpG protein, membrane protein of glp regulon",Peptidase S54 family,Bacteria,Bacillati,Bacillota,Bacilli,Lactobacillales,Enterococcaceae,Melissococcus,Melissococcusplutonius,F3Y991,MPTP_0601,Melissococcusplutonius(strainATCC35311/DSM29964/CIP104052/LMG20360/NCIMB702443),234,,WP_013773507.1;,F3Y991;,
A0A0P7T7N6_SCLFO,rhomboid protease (EC 3.4.21.105),Peptidase S54 family,Eukaryota,Metazoa,Craniata,Teleostei,Osteoglossiformes,Osteoglossidae,Scleropages,,A0A0P7T7N6,Z043_125434,Scleropagesformosus(Asianbonytongue)(Osteoglossumformosum),219,3.4.21.105,,A0A0P7T7N6;,
A0A0F0CI62_9CLOT,Rhomboid protease GluP (EC 3.4.21.105),Peptidase S54 family,Bacteria,Bacillati,Bacillota,unclassifiedClostridium,Eubacteriales,Clostridiaceae,Clostridium,,A0A0F0CI62,gluPCLFS41_01280,Clostridiumsp.FS41,206,3.4.21.105,WP_007871244.1;,A0A0F0CI62;,
B9JWE7_ALLAM,Peptidase S54 rhomboid domain-containing protein,,Bacteria,Bacteria,Pseudomonadota,Alphaproteobacteria,Hyphomicrobiales,Rhizobiaceae,Allorhizobium,Allorhizobiumampelinum,B9JWE7,Avi_2202,Allorhizobiumampelinum(strainATCCBAA-846/DSM112012/S4)(Agrobacteriumvitis(strainS4)),263,,,B9JWE7;,
A0A0E9N7X7_SAICN,Rhomboid-type serine protease (EC 3.4.21.105),Peptidase S54 family,Eukaryota,Dikarya,Taphrinomycotina,,,,Saitoella,Saitoellacomplicata,A0A0E9N7X7,G7K_0075-t1,Saitoellacomplicata(strainBCRC22490/CBS7301/JCM7358/NBRC10748/NRRLY-17804),447,3.4.21.105,XP_019025479.1;,A0A0E9N7X7;,
A0A0A7I058_9BIFI,Membrane protein,Peptidase S54 family,Bacteria,Bacillati,Actinomycetota,Actinomycetes,Bifidobacteriales,Bifidobacteriaceae,Bifidobacterium,Bifidobacteriumcatenulatum,A0A0A7I058,AH68_00140,BifidobacteriumcatenulatumPV20-2,264,,WP_039196530.1;,A0A0A7I058;,
B2GIG9_KOCRD,Rhomboid family protein,Peptidase S54 family,Bacteria,Bacillati,Actinomycetota,Actinomycetes,Micrococcales,Micrococcaceae,Kocuria,Kocuriarhizophila,B2GIG9,KRH_00120,Kocuriarhizophila(strainATCC9341/DSM348/NBRC103217/DC2201),241,,,B2GIG9;,
I5ASA9_EUBC6,Putative membrane protein,Peptidase S54 family,Bacteria,Bacillati,Bacillota,Clostridia,Eubacteriales,Eubacteriaceae,Eubacterium,Eubacteriumcellulosolvens,I5ASA9,EubceDRAFT1_0852,Eubacteriumcellulosolvens(strainATCC43171/JCM9499/6)(Cillobacteriumcellulosolvens),215,,,I5ASA9;,
K8WK67_9GAMM,Intramembrane serine protease GlpG,,Bacteria,Bacteria,Pseudomonadota,Gammaproteobacteria,Enterobacterales,Morganellaceae,Providencia,Providenciasneebia,K8WK67,OO7_02556,ProvidenciasneebiaDSM19967,277,,WP_008914392.1;,K8WK67;,
Q0A6W7_ALKEH,Rhomboid family protein,,Bacteria,Bacteria,Pseudomonadota,Gammaproteobacteria,Chromatiales,Ectothiorhodospiraceae,Alkalilimnicola,Alkalilimnicolaehrlichii,Q0A6W7,Mlg_2078,Alkalilimnicolaehrlichii(strainATCCBAA-1101/DSM17681/MLHE-1),226,,WP_011629814.1;,Q0A6W7;,
S5V673_STRC3,Peptidase S54 rhomboid domain-containing protein,Peptidase S54 family,Bacteria,Bacillati,Actinomycetota,Actinomycetes,Kitasatosporales,Streptomycetaceae,Streptomyces,Streptomycescollinus,S5V673,B446_19275,Streptomycescollinus(strainDSM40733/Tue365),279,,,S5V673;,
R6DP71_9BACE,Peptidase S54 (Rhomboid) family protein,Peptidase S54 family,Bacteria,Bacteria,Bacteroidota,unclassifiedBacteroides,Bacteroidales,Bacteroidaceae,Bacteroides,,R6DP71,BN772_00387,Bacteroidessp.CAG:754,582,,,R6DP71;,
W3X8E5_PESFW,Rhomboid-type serine protease (EC 3.4.21.105),Peptidase S54 family,Eukaryota,Dikarya,Pezizomycotina,Xylariomycetidae,Xylariales,Sporocadaceae,Pestalotiopsis,Pestalotiopsisfici,W3X8E5,PFICI_07307,Pestalotiopsisfici(strainW106-1/CGMCC3.15140),540,3.4.21.105,XP_007834079.1;,W3X8E5;,
E8K306_9STRE,"Peptidase, S54 family (EC 3.4.21.-)",,Bacteria,Bacillati,Bacillota,Bacilli,Lactobacillales,Streptococcaceae,Streptococcus,Streptococcusinfantis,E8K306,HMPREF9423_1869,StreptococcusinfantisATCC700779,196,3.4.21.-,WP_006149508.1;,E8K306;,
A0A0D1LRA3_9LACO,GluP protein (EC 3.4.21.105) (Rhomboid family intramembrane serine protease),Peptidase S54 family,Bacteria,Bacillati,Bacillota,Bacilli,Lactobacillales,Lactobacillaceae,Weissella,,A0A0D1LRA3,gluPab3b_02142B9D04_08225QX99_00798,Weissellacibaria,233,3.4.21.105,WP_010372346.1;,A0A0D1LRA3;,
A0A0G0Y6R7_9BACT,Rhomboid family protein,Peptidase S54 family,Bacteria,Bacteria,CandidatusCurtissbacteria,,,,,,A0A0G0Y6R7,UU56_C0001G0083,CandidatusCurtissbacteriabacteriumGW2011_GWA2_41_24,220,,,A0A0G0Y6R7;,
A0A067DS58_CITSI,Peptidase S54 rhomboid domain-containing protein,Peptidase S54 family,Eukaryota,Viridiplantae,Streptophytina,Magnoliopsida,Sapindales,Aurantioideae,Citrus,,A0A067DS58,CISIN_1g019663mg,Citrussinensis(Sweetorange)(Citrusaurantiumvar.sinensis),337,,,A0A067DS58;,
A0A0D4CJ81_LIMMU,Transporter,Peptidase S54 family,Bacteria,Bacillati,Bacillota,Bacilli,Lactobacillales,Lactobacillaceae,Limosilactobacillus,Limosilactobacillusmucosae,A0A0D4CJ81,LBLM1_03205,LimosilactobacillusmucosaeLM1,220,,WP_006499975.1;,A0A0D4CJ81;,
E0UI74_GLOV7,Rhomboid family protein,Peptidase S54 family,Bacteria,Bacillati,Cyanobacteriota,Oscillatoriophycideae,Chroococcales,Aphanothecaceae,Gloeothece,Gloeotheceverrucosa,E0UI74,Cyan7822_3791,Gloeotheceverrucosa(strainPCC7822)(Cyanothecesp.(strainPCC7822)),236,,WP_013323794.1;,E0UI74;,
R6M672_9CLOT,Rhomboid family protein,Peptidase S54 family,Bacteria,Bacillati,Bacillota,unclassifiedClostridium,Eubacteriales,Clostridiaceae,Clostridium,,R6M672,BN595_00262,Clostridiumsp.CAG:302,376,,,R6M672;,
A0A0F6VYI9_9BACT,Rhomboid family serine protease,Peptidase S54 family,Bacteria,Bacteria,Myxococcota,Polyangia,Polyangiales,Sandaracinaceae,Sandaracinus,,A0A0F6VYI9,DB32_000029,Sandaracinusamylolyticus,253,,,A0A0F6VYI9;,
K9U4A9_CHRTP,Rhomboid family protein,Peptidase S54 family,Bacteria,Bacillati,Cyanobacteriota,Cyanophyceae,Chroococcidiopsidales,Chroococcidiopsidaceae,Chroococcidiopsis,Chroococcidiopsisthermalis,K9U4A9,Chro_4260,Chroococcidiopsisthermalis(strainPCC7203),227,,WP_015156201.1;,K9U4A9;,
T1GRT4_MEGSC,EF-hand domain-containing protein,Peptidase S54 family,Eukaryota,Metazoa,Hexapoda,Neoptera,Muscomorpha,Metopininae,Megaselia,,T1GRT4,,Megaseliascalaris(Humpbackedfly)(Phorascalaris),370,,,T1GRT4;,
G2GDK0_9ACTN,Peptidase S54 rhomboid domain-containing protein,Peptidase S54 family,Bacteria,Bacillati,Actinomycetota,Actinomycetes,Kitasatosporales,Streptomycetaceae,Streptomyces,Streptomyceszinciresistens,G2GDK0,SZN_17977,StreptomyceszinciresistensK42,295,,WP_007496913.1;,G2GDK0;,
R5ETC8_9GAMM,Peptidase S54 family,Peptidase S54 family,Bacteria,Bacteria,Pseudomonadota,unclassifiedSuccinatimonas,Aeromonadales,Succinivibrionaceae,Succinatimonas,,R5ETC8,BN779_00396,Succinatimonassp.CAG:777,287,,,R5ETC8;,
B4VKF8_9CYAN,"Peptidase, S54 (Rhomboid) family",Peptidase S54 family,Bacteria,Bacillati,Cyanobacteriota,Cyanophyceae,Coleofasciculales,Coleofasciculaceae,Coleofasciculus,Coleofasciculuschthonoplastes,B4VKF8,MC7420_2933,ColeofasciculuschthonoplastesPCC7420,231,,WP_006098870.1;,B4VKF8;,
A0A0D3BY98_BRAOL,RHOMBOID-like protein (EC 3.4.21.105),Peptidase S54 family,Eukaryota,Viridiplantae,Streptophytina,Magnoliopsida,Brassicales,Brassicaceae,Brassica,Brassicaoleracea,A0A0D3BY98,,Brassicaoleraceavar.oleracea,366,3.4.21.105,,A0A0D3BY98;,
D6WUJ2_TRICA,Protein rhomboid-like Protein,Peptidase S54 family,Eukaryota,Metazoa,Hexapoda,Neoptera,Cucujiformia,Tenebrionidae,Tribolium,,D6WUJ2,AUGUSTUS-3.0.2_06133TcasGA2_TC006133,Triboliumcastaneum(Redflourbeetle),356,,XP_972541.1;,D6WUJ2;,
A4YS91_BRASO,Peptidase S54 rhomboid domain-containing protein,,Bacteria,Bacteria,Pseudomonadota,unclassifiedBradyrhizobium,Hyphomicrobiales,Nitrobacteraceae,Bradyrhizobium,,A4YS91,BRADO2960,Bradyrhizobiumsp.(strainORS278),265,,WP_011925962.1;,A4YS91;,
A0A0B4R9D3_9BACL,Peptidase S54 rhomboid domain-containing protein,Peptidase S54 family,Bacteria,Bacillati,Bacillota,unclassifiedPlanococcus,Bacillales,Planococcaceae,Planococcus,,A0A0B4R9D3,Plano_0432,Planococcussp.PAMC21323,202,,WP_038702591.1;,A0A0B4R9D3;,
E1G7Q1_LOALO,,,,,,,,,,,E1G7Q1,,,,,,,
I6ZSY6_MELRP,Uncharacterized protein,,Bacteria,Bacteria,Ignavibacteriota,Ignavibacteria,Ignavibacteriales,Melioribacteraceae,Melioribacter,Melioribacterroseus,I6ZSY6,MROS_1922,Melioribacterroseus(strainJCM17771/P3M-2),306,,WP_014856586.1;,I6ZSY6;,
V4LC54_9GAMM,Peptidase S54 rhomboid domain-containing protein,Peptidase S54 family,Bacteria,Bacteria,Pseudomonadota,unclassifiedThiohalocapsa,Chromatiales,Chromatiaceae,Thiohalocapsa,,V4LC54,N838_11330,Thiohalocapsasp.PB-PSB1,414,,,V4LC54;,
A0A078CM67_BRANA,,,,,,,,,,,A0A078CM67,,,,,,,
I3LYP2_ICTTR,Rhomboid domain containing 3,,Eukaryota,Metazoa,Craniata,Mammalia,Sciuromorpha,Xerinae,Ictidomys,,I3LYP2,RHBDD3,Ictidomystridecemlineatus(Thirteen-linedgroundsquirrel)(Spermophilustridecemlineatus),392,,XP_005336104.1;XP_013218674.1;,I3LYP2;,
Q5LGS7_BACFN,Transmembrane protein,,Bacteria,Bacteria,Bacteroidota,Bacteroidia,Bacteroidales,Bacteroidaceae,Bacteroides,Bacteroidesfragilis,Q5LGS7,BF9343_0879,Bacteroidesfragilis(strainATCC25285/DSM2151/CCUG4856/JCM11019/LMG10263/NCTC9343/Onslow/VPI2553/EN-2),225,,WP_009291678.1;,Q5LGS7;,
A0A0M2CW12_9MICC,Protease,Peptidase S54 family,Bacteria,Bacillati,Actinomycetota,unclassifiedKocuria,Micrococcales,Micrococcaceae,Kocuria,,A0A0M2CW12,H488_0105890,Kocuriasp.UCD-OTCP,266,,WP_017835082.1;,A0A0M2CW12;,
A0A0E3K2Z4_CLOSL,Rhomboid family protein,Peptidase S54 family,Bacteria,Bacillati,Bacillota,Clostridia,Eubacteriales,Clostridiaceae,Clostridium,,A0A0E3K2Z4,CSCA_3699,Clostridiumscatologenes,322,,WP_029162710.1;,A0A0E3K2Z4;,
A0A0J8CH83_BETVU,,,,,,,,,,,A0A0J8CH83,,,,,,,
D7AY46_NOCDD,Rhomboid family protein,,Bacteria,Bacillati,Actinomycetota,Actinomycetes,Streptosporangiales,Nocardiopsidaceae,Nocardiopsis,Nocardiopsisdassonvilleisubsp.dassonvillei,D7AY46,Ndas_4537,Nocardiopsisdassonvillei(strainATCC23218/DSM43111/CIP107115/JCM7437/KCTC9190/NBRC14626/NCTC10488/NRRLB-5397/IMRU509)(Actinomaduradassonvillei),211,,,D7AY46;,
Q22WI6_TETTS,S54 family peptidase,Peptidase S54 family,Eukaryota,Eukaryota,Intramacronucleata,Oligohymenophorea,Tetrahymenina,Tetrahymenidae,Tetrahymena,Tetrahymenathermophila,Q22WI6,TTHERM_00155480,Tetrahymenathermophila(strainSB210),239,,XP_001009676.2;,Q22WI6;,
A0A067G5U5_CITSI,Peptidase S54 rhomboid domain-containing protein,Peptidase S54 family,Eukaryota,Viridiplantae,Streptophytina,Magnoliopsida,Sapindales,Aurantioideae,Citrus,,A0A067G5U5,CISIN_1g015601mg,Citrussinensis(Sweetorange)(Citrusaurantiumvar.sinensis),299,,,A0A067G5U5;,
D6Y4X0_THEBD,Rhomboid family protein,Peptidase S54 family,Bacteria,Bacillati,Actinomycetota,Actinomycetes,Streptosporangiales,Streptosporangiaceae,Thermobispora,Thermobisporabispora,D6Y4X0,Tbis_0518,Thermobisporabispora(strainATCC19993/DSM43833/CBS139.67/JCM10125/KCTC9307/NBRC14880/R51),210,,,D6Y4X0;,
T1JMK7_STRMM,Peptidase S54 rhomboid domain-containing protein,Peptidase S54 family,Eukaryota,Metazoa,Myriapoda,Pleurostigmophora,Geophilomorpha,Linotaeniidae,Strigamia,,T1JMK7,,Strigamiamaritima(Europeancentipede)(Geophilusmaritimus),248,,,T1JMK7;,
A0A075LHZ7_9BACI,Peptidase S54,Peptidase S54 family,Bacteria,Bacillati,Bacillota,Bacilli,Bacillales,Bacillaceae,Terribacillus,,A0A075LHZ7,GZ22_01815,Terribacillusgoriensis,256,,WP_038558125.1;,A0A075LHZ7;,
A0A0N4UE65_DRAME,Rhomboid protease,Peptidase S54 family,Eukaryota,Metazoa,Nematoda,Chromadorea,Spirurina,Dracunculidae,Dracunculus,,A0A0N4UE65,DME_LOCUS696,Dracunculusmedinensis(Guineaworm),331,,,A0A0N4UE65;,
I0TFU8_9BACT,"Peptidase, S54 family (EC 3.4.21.-)",,Bacteria,Bacteria,Bacteroidota,unclassifiedPrevotella,Bacteroidales,Prevotellaceae,Prevotella,Prevotellasp.oraltaxon306,I0TFU8,HMPREF9969_2360,Prevotellasp.oraltaxon306str.F0472,316,3.4.21.-,,I0TFU8;,
F2LVX4_HIPMA,"Peptidase S54, rhomboid domain protein",Peptidase S54 family,Bacteria,Bacteria,Campylobacterota,Desulfurellia,Desulfurellales,Hippeaceae,Hippea,Hippeamaritima,F2LVX4,Hipma_0939,Hippeamaritima(strainATCC700847/DSM10411/MH2),218,,WP_013681949.1;,F2LVX4;,
A0A024P7L9_9BACI,Rhomboid protease GluP,Peptidase S54 family,Bacteria,Bacillati,Bacillota,Bacilli,Bacillales,Bacillaceae,Halobacillus,,A0A024P7L9,gluP_1BN983_02621,Halobacilluskarajensis,520,,,A0A024P7L9;,
A2E4V6_TRIV3,rhomboid protease (EC 3.4.21.105),Peptidase S54 family,Eukaryota,Eukaryota,Parabasalia,,Trichomonadida,Trichomonadidae,Trichomonas,Trichomonasvaginalis,A2E4V6,TVAG_161010,Trichomonasvaginalis(strainATCCPRA-98/G3),443,3.4.21.105,XP_001324518.1;,A2E4V6;,
M5DQB5_9GAMM,Rhomboid family intramembrane serine protease,,Bacteria,Bacteria,Pseudomonadota,Gammaproteobacteria,Oceanospirillales,Oceanospirillaceae,Thalassolituus,Thalassolituusoleivorans,M5DQB5,TOL_1137,ThalassolituusoleivoransMIL-1,280,,WP_015486308.1;,M5DQB5;,
A0A0C2YDS3_BACBA,,,,,,,,,,,A0A0C2YDS3,,,,,,,
Q39WI5_GEOMG,Rhomboid-related membrane protein,Peptidase S54 family,Bacteria,Bacteria,Thermodesulfobacteriota,Desulfuromonadia,Geobacterales,Geobacteraceae,Geobacter,Geobactermetallireducens,Q39WI5,Gmet_1151,Geobactermetallireducens(strainATCC53774/DSM7210/GS-15),240,,WP_004513416.1;,Q39WI5;,
O29251_ARCFU,AN1-type domain-containing protein,Peptidase S54 family,Archaea,Methanobacteriati,Methanobacteriota,Archaeoglobi,Archaeoglobales,Archaeoglobaceae,Archaeoglobus,Archaeoglobusfulgidus,O29251,AF_1011,Archaeoglobusfulgidus(strainATCC49558/DSM4304/JCM9628/NBRC100126/VC-16),330,,,O29251;,
A0A0N5AXS1_9BILA,Rhomboid protease,Peptidase S54 family,Eukaryota,Metazoa,Nematoda,Chromadorea,Oxyuridomorpha,Oxyuridae,Syphacia,,A0A0N5AXS1,,Syphaciamuris,367,,,A0A0N5AXS1;,
D4M1A3_9FIRM,Uncharacterized membrane protein (Homolog of Drosophila rhomboid),Peptidase S54 family,Bacteria,Bacillati,Bacillota,Clostridia,Lachnospirales,Lachnospiraceae,Mediterraneibacter,[Ruminococcus]torques,D4M1A3,RTO_02300,[Ruminococcus]torquesL2-14,206,,,D4M1A3;,
A0A0M8XVN3_9ACTN,Protease,Peptidase S54 family,Bacteria,Bacillati,Actinomycetota,unclassifiedNocardiopsis,Streptosporangiales,Nocardiopsidaceae,Nocardiopsis,,A0A0M8XVN3,ADL05_20005,Nocardiopsissp.NRRLB-16309,286,,,A0A0M8XVN3;,
A0A0F5FND7_9HYPH,Peptidase S54 rhomboid domain-containing protein,,Bacteria,Bacteria,Pseudomonadota,Alphaproteobacteria,Hyphomicrobiales,Devosiaceae,Devosia,,A0A0F5FND7,VE26_08205,Devosiachinhatensis,244,,,A0A0F5FND7;,
C3J7Q2_POREA,"Peptidase, S54 family (EC 3.4.21.-)",,Bacteria,Bacteria,Bacteroidota,Bacteroidia,Bacteroidales,Porphyromonadaceae,Porphyromonas,Porphyromonasendodontalis,C3J7Q2,POREN0001_1141,Porphyromonasendodontalis(strainATCC35406/DSM24491/JCM8526/CCUG16442/BCRC14492/NCTC13058/HG370)(Bacteroidesendodontalis),232,3.4.21.-,WP_004331986.1;,C3J7Q2;,
F5YM51_TREPZ,Rhomboid family protein,,Bacteria,Bacteria,Spirochaetota,Spirochaetia,Spirochaetales,Treponemataceae,Treponema,Treponemaprimitia,F5YM51,TREPR_0455,Treponemaprimitia(strainATCCBAA-887/DSM12427/ZAS-2),209,,WP_015709560.1;,F5YM51;,
A0A077F8Y0_9PSED,Rhomboid family protein,Peptidase S54 family,Bacteria,Bacteria,Pseudomonadota,Gammaproteobacteria,Pseudomonadales,Pseudomonadaceae,Pseudomonas,,A0A077F8Y0,PSAKL28_15440,Pseudomonasalkylphenolica,290,,WP_038608726.1;,A0A077F8Y0;,
A0A0E9MXA9_9BACT,Peptidase S54 family protein,,Bacteria,Bacteria,Bacteroidota,Chitinophagia,Chitinophagales,Chitinophagaceae,Flavihumibacter,Flavihumibacterpetaseus,A0A0E9MXA9,FPE01S_01_10590,FlavihumibacterpetaseusNBRC106054,308,,WP_046367810.1;,A0A0E9MXA9;,
H2J2Y4_MARPK,Putative membrane protein,,Bacteria,Bacteria,Thermotogota,Thermotogae,Petrotogales,Petrotogaceae,Marinitoga,Marinitogapiezophila,H2J2Y4,Marpi_1272,Marinitogapiezophila(strainDSM14283/JCM11233/KA3),235,,WP_014296746.1;,H2J2Y4;,
G3AQA6_SPAPN,Peptidase S54 rhomboid domain-containing protein,Peptidase S54 family,Eukaryota,Dikarya,Saccharomycotina,Pichiomycetes,Serinales,Debaryomycetaceae,Spathaspora,Spathasporapassalidarum,G3AQA6,SPAPADRAFT_62024,Spathasporapassalidarum(strainNRRLY-27907/11-Y1),328,,XP_007376231.1;,G3AQA6;,
A0A067MYJ4_BOTB1,Rhomboid-type serine protease (EC 3.4.21.105),Peptidase S54 family,Eukaryota,Dikarya,Agaricomycotina,Agaricomycetes,Cantharellales,Botryobasidiaceae,Botryobasidium,Botryobasidiumbotryosum,A0A067MYJ4,BOTBODRAFT_26699,Botryobasidiumbotryosum(strainFD-172SS1),463,3.4.21.105,,A0A067MYJ4;,
D4W796_9FIRM,,,,,,,,,,,D4W796,,,,,,,
R5RS73_9BACE,,,,,,,,,,,R5RS73,,,,,,,
Q4KBJ4_PSEF5,"Peptidase, S54 family (EC 3.4.21.-)",Peptidase S54 family,Bacteria,Bacteria,Pseudomonadota,Gammaproteobacteria,Pseudomonadales,Pseudomonadaceae,Pseudomonas,Pseudomonasprotegens,Q4KBJ4,PFL_3284,Pseudomonasfluorescens(strainATCCBAA-477/NRRLB-23932/Pf-5),288,3.4.21.-,WP_011061567.1;,Q4KBJ4;,
I3C6K8_9FLAO,Putative membrane protein,Peptidase S54 family,Bacteria,Bacteria,Bacteroidota,Flavobacteriia,Flavobacteriales,Flavobacteriaceae,Galbibacter,Galbibacterorientalis,I3C6K8,JoomaDRAFT_2263,GalbibacterorientalisDSM19592,247,,WP_008612640.1;,I3C6K8;,
G2EAZ6_9FLAO,Rhomboid family intramembrane serine protease,Peptidase S54 family,Bacteria,Bacteria,Bacteroidota,Flavobacteriia,Flavobacteriales,Flavobacteriaceae,Bizionia,Bizioniaargentinensis,G2EAZ6,BZARG_678,BizioniaargentinensisJUB59,249,,WP_040287976.1;,G2EAZ6;,
O24850_ACIAD,Peptidase S54 rhomboid domain-containing protein,Peptidase S54 family,Bacteria,Bacteria,Pseudomonadota,Gammaproteobacteria,Moraxellales,Moraxellaceae,Acinetobacter,Acinetobacterbaylyi,O24850,ORF2ACIAD1060,Acinetobacterbaylyi(strainATCC33305/BD413/ADP1),276,,WP_011182211.1;,,
A0A094C1V0_9PEZI,Rhomboid-type serine protease (EC 3.4.21.105),Peptidase S54 family,Eukaryota,Dikarya,Pezizomycotina,unclassifiedPseudogymnoascus,Thelebolales,Thelebolaceae,Pseudogymnoascus,,A0A094C1V0,V494_03003,Pseudogymnoascussp.VKMF-4513(FW-928),508,3.4.21.105,,A0A094C1V0;,
L5LZM7_MYODS,Peptidase S54 rhomboid domain-containing protein,,Eukaryota,Metazoa,Craniata,Mammalia,Yangochiroptera,Vespertilionidae,Myotis,,L5LZM7,MDA_GLEAN10018497,Myotisdavidii(David'smyotis),563,,,L5LZM7;,
R1CMB9_EMIHU,Peptidase S54 rhomboid domain-containing protein,,Eukaryota,Eukaryota,Haptophyta,,Isochrysidales,Noelaerhabdaceae,Emiliania,,R1CMB9,EMIHUDRAFT_239153,Emilianiahuxleyi(Coccolithophore)(Pontosphaerahuxleyi),305,,XP_005776181.1;,,
F2KMK1_ARCVS,"Peptidase S54, rhomboid domain protein",Peptidase S54 family,Archaea,Methanobacteriati,Methanobacteriota,Archaeoglobi,Archaeoglobales,Archaeoglobaceae,Archaeoglobus,Archaeoglobusveneficus,F2KMK1,Arcve_1191,Archaeoglobusveneficus(strainDSM11195/SNP6),262,,WP_013683861.1;,F2KMK1;,
K0W1J5_9HYPH,Peptidase S54 rhomboid domain-containing protein,Peptidase S54 family,Bacteria,Bacteria,Pseudomonadota,unclassifiedRhizobium,Hyphomicrobiales,Rhizobiaceae,Rhizobium,,K0W1J5,RCCGEPOP_30149,Rhizobiumsp.Pop5,439,,,K0W1J5;,
B8BCK3_ORYSI,Peptidase S54 rhomboid domain-containing protein,Peptidase S54 family,Eukaryota,Viridiplantae,Streptophytina,Petrosaviidae,Poales,Oryzoideae,Oryza,Oryzasativa,B8BCK3,OsI_31626,Oryzasativasubsp.indica(Rice),349,,,B8BCK3;,
F0JKK8_9BACT,Rhomboid family protein,,Bacteria,Bacteria,Thermodesulfobacteriota,Desulfovibrionia,Desulfovibrionales,Desulfovibrionaceae,Pseudodesulfovibrio,,F0JKK8,DND132_3254,Pseudodesulfovibriomercurii,341,,WP_014323881.1;,F0JKK8;,
G7IAP6_MEDTR,RHOMBOID-like protein (EC 3.4.21.105),Peptidase S54 family,Eukaryota,Viridiplantae,Streptophytina,Magnoliopsida,Fabales,Papilionoideae,Medicago,,G7IAP6,11412678MTR_1g101310MtrunA17_Chr1g0203681,Medicagotruncatula(Barrelmedic)(Medicagotribuloides),319,3.4.21.105,XP_003592298.2;,G7IAP6;,
L0MP94_9GAMM,Rhomboid protease glpG,Peptidase S54 family,Bacteria,Bacteria,Pseudomonadota,unclassifiedSerratia,Enterobacterales,Yersiniaceae,Serratia,,L0MP94,glpGD781_4355,Serratiasp.FGI94,278,3.4.21.105,WP_015962227.1;,L0MP94;,
A0A0F4R1Q2_9GAMM,GlpG protein,Peptidase S54 family,Bacteria,Bacteria,Pseudomonadota,Gammaproteobacteria,Alteromonadales,Pseudoalteromonadaceae,Pseudoalteromonas,,A0A0F4R1Q2,TW77_00545,Pseudoalteromonasrubra,273,,WP_046003011.1;,A0A0F4R1Q2;,
E3D7S6_GARV3,"Peptidase, S54 family (EC 3.4.21.-)",Peptidase S54 family,Bacteria,Bacillati,Actinomycetota,Actinomycetes,Bifidobacteriales,Bifidobacteriaceae,Gardnerella,Gardnerellavaginalis,E3D7S6,HMPREF0421_20148,Gardnerellavaginalis(strainATCC14019/317),233,3.4.21.-,WP_009993795.1;YP_003985257.1;,E3D7S6;,
G9ZMF9_9LACO,"Peptidase, S54 family",Peptidase S54 family,Bacteria,Bacillati,Bacillota,Bacilli,Lactobacillales,Lactobacillaceae,Lentilactobacillus,Lentilactobacillusparafarraginis,G9ZMF9,HMPREF9103_00907,LentilactobacillusparafarraginisF0439,211,,,G9ZMF9;,
A0A087X868_POEFO,Rhomboid-related protein 2 (EC 3.4.21.105),Peptidase S54 family,Eukaryota,Metazoa,Craniata,Teleostei,Cyprinodontoidei,Poeciliinae,Poecilia,,A0A087X868,,Poeciliaformosa(Amazonmolly)(Limiaformosa),295,3.4.21.105,,A0A087X868;,
R6KMI0_9FIRM,Peptidase S54 rhomboid domain-containing protein,Peptidase S54 family,Bacteria,Bacillati,Bacillota,Clostridia,Lachnospirales,Lachnospiraceae,Enterocloster,Enteroclosterclostridioformis,R6KMI0,BN486_03240,[Clostridium]clostridioformeCAG:132,206,,WP_022202813.1;,R6KMI0;,
B2B4W7_PODAN,Rhomboid-type serine protease (EC 3.4.21.105),Peptidase S54 family,Eukaryota,Dikarya,Pezizomycotina,Sordariomycetidae,Sordariales,Podosporaceae,Podospora,Podosporaanserina,B2B4W7,PODANS_2_2730,Podosporaanserina(strainS/ATCCMYA-4624/DSM980/FGSC10383)(Pleurageanserina),523,3.4.21.105,XP_001911017.1;,B2B4W7;,
A0A0D8P531_9GAMM,Rhomboid family intramembrane serine protease GlpG,,Bacteria,Bacteria,Pseudomonadota,Gammaproteobacteria,Vibrionales,Vibrionaceae,Photobacterium,,A0A0D8P531,glpGC9I88_08440,Photobacteriumiliopiscarium,279,,WP_045035865.1;,A0A0D8P531;,
K6ZUS4_9ALTE,Rhomboid-like protein,Peptidase S54 family,Bacteria,Bacteria,Pseudomonadota,Gammaproteobacteria,Alteromonadales,Alteromonadaceae,Paraglaciecola,Paraglaciecolapsychrophila,K6ZUS4,C427_0100,Paraglaciecolapsychrophila170,286,,WP_007641950.1;,K6ZUS4;,
G2FND7_9FIRM,Rhomboid family protein,Peptidase S54 family,Bacteria,Bacillati,Bacillota,unclassifiedDesulfosporosinus,Eubacteriales,Desulfitobacteriaceae,Desulfosporosinus,,G2FND7,DOT_1178,Desulfosporosinussp.OT,328,,,G2FND7;,
Q87YK4_PSESM,Rhomboid family protein,,Bacteria,Bacteria,Pseudomonadota,Gammaproteobacteria,Pseudomonadales,Pseudomonadaceae,Pseudomonas,Pseudomonassyringaegroupgenomosp.3,Q87YK4,PSPTO_3791,Pseudomonassyringaepv.tomato(strainATCCBAA-871/DC3000),284,,NP_793565.1;,Q87YK4;,
Q8YQA2_NOSS1,Alr3931 protein,Peptidase S54 family,Bacteria,Bacillati,Cyanobacteriota,unclassifiedNostoc,Nostocales,Nostocaceae,Nostoc,,Q8YQA2,alr3931,Nostocsp.(strainPCC7120/SAG25.82/UTEX2576),223,,WP_010998072.1;,Q8YQA2;,
A8TAH7_9VIBR,GlpG protein,,Bacteria,Bacteria,Pseudomonadota,unclassifiedVibrioharveyigroup,Vibrionales,Vibrionaceae,Vibrio,,A8TAH7,AND4_16444,Vibriosp.AND4,279,,WP_009844028.1;,A8TAH7;,
A1AUR7_PELPD,Rhomboid family protein,,Bacteria,Bacteria,Thermodesulfobacteriota,Desulfuromonadia,Desulfuromonadales,Desulfuromonadaceae,Pelobacter,Pelobacterpropionicus,A1AUR7,Ppro_3495,Pelobacterpropionicus(strainDSM2379/NBRC103807/OttBd1),313,,,A1AUR7;,
J2K1J8_9ACTN,Rhomboid family intramembrane serine protease (EC 3.4.21.105),Peptidase S54 family,Bacteria,Bacillati,Actinomycetota,Actinomycetes,Kitasatosporales,Streptomycetaceae,Streptomyces,Streptomycesauratus,J2K1J8,SU9_017100SU9_14461,StreptomycesauratusAGR0001,303,3.4.21.105,WP_006604445.1;,J2K1J8;,
Q9KFG2_HALH5,BH0517 protein,Peptidase S54 family,Bacteria,Bacillati,Bacillota,Bacilli,Bacillales,Bacillaceae,Halalkalibacterium,Halalkalibacteriumhalodurans,Q9KFG2,BH0517,Halalkalibacteriumhalodurans(strainATCCBAA-125/DSM18197/FERM7344/JCM9153/C-125)(Bacillushalodurans),248,,WP_010896695.1;,Q9KFG2;,
A0A0N4WVB3_HAEPC,Rhomboid protease,Peptidase S54 family,Eukaryota,Metazoa,Nematoda,Chromadorea,Rhabditomorpha,Trichostrongylidae,Haemonchus,,A0A0N4WVB3,HPLM_LOCUS15628,Haemonchusplacei(Barber'spoleworm),374,,,,
A0A0E3Z3A8_9GAMM,Membrane protein,,Bacteria,Bacteria,Pseudomonadota,Gammaproteobacteria,Lysobacterales,Lysobacteraceae,Pseudoxanthomonas,,A0A0E3Z3A8,WQ53_08835,Pseudoxanthomonassuwonensis,230,,WP_052634005.1;,A0A0E3Z3A8;,
N0B2S5_9HYPH,Rhomboid family protein,,Bacteria,Bacteria,Pseudomonadota,Alphaproteobacteria,Hyphomicrobiales,Hyphomicrobiaceae,Hyphomicrobium,Hyphomicrobiumdenitrificans,N0B2S5,HYPDE_30773,Hyphomicrobiumdenitrificans1NES1,242,,WP_015597862.1;,N0B2S5;,
D7I2X9_PSESS,,,,,,,,,,,D7I2X9,,,,,,,
A0A0B4X3P2_9HYPH,Rhombiod family peptidase protein,,Bacteria,Bacteria,Pseudomonadota,Alphaproteobacteria,Hyphomicrobiales,Rhizobiaceae,Rhizobium,Rhizobiumgallicum,A0A0B4X3P2,RGR602_CH02005,Rhizobiumgallicumbv.gallicumR602sp,256,,WP_039844959.1;,A0A0B4X3P2;,
A0A0M2JE01_9ACTN,,,,,,,,,,,A0A0M2JE01,,,,,,,
A0A0F2NAY4_9BACT,Protease,Peptidase S54 family,Bacteria,Bacteria,Thermodesulfobacteriota,unclassifiedDesulfobulbaceae,Desulfobulbales,Desulfobulbaceae,,,A0A0F2NAY4,VR65_17240,DesulfobulbaceaebacteriumBRH_c16a,283,,,A0A0F2NAY4;,
B5GGK9_STRSH,Rhomboid family protein,,Bacteria,Bacillati,Actinomycetota,unclassifiedStreptomyces,Kitasatosporales,Streptomycetaceae,Streptomyces,,B5GGK9,SSBG_03461,Streptomycessp.(strainSPB074),199,,WP_008746275.1;,B5GGK9;,
D8QY78_SELML,Peptidase S54 rhomboid domain-containing protein,Peptidase S54 family,Eukaryota,Viridiplantae,Streptophytina,Lycopodiopsida,Selaginellales,Selaginellaceae,Selaginella,,D8QY78,SELMODRAFT_79372,Selaginellamoellendorffii(Spikemoss),272,,XP_002963281.1;,D8QY78;,
M0XTC0_HORVV,,,,,,,,,,,M0XTC0,,,,,,,
R6SYU1_9BACE,,,,,,,,,,,R6SYU1,,,,,,,
D5XE05_THEPJ,Rhomboid family protein,Peptidase S54 family,Bacteria,Bacillati,Bacillota,Clostridia,Eubacteriales,Thermincolaceae,Thermincola,Thermincolapotens,D5XE05,TherJR_1011,Thermincolapotens(strainJR),225,,WP_013119895.1;,D5XE05;,
A4BI51_9GAMM,Peptidase S54 rhomboid domain-containing protein,Peptidase S54 family,Bacteria,Bacteria,Pseudomonadota,Gammaproteobacteria,Oceanospirillales,Saccharospirillaceae,Reinekea,Reinekeablandensis,A4BI51,MED297_14685,ReinekeablandensisMED297,209,,WP_008042963.1;,A4BI51;,
A0A0F2TG87_STRR3,Peptidase S54 rhomboid domain-containing protein,,Bacteria,Bacillati,Actinomycetota,Actinomycetes,Kitasatosporales,Streptomycetaceae,Streptomyces,,A0A0F2TG87,VM95_19445,Streptomycesrubellomurinus(strainATCC31215),238,,,A0A0F2TG87;,
H9JU45_BOMMO,,,,,,,,,,,H9JU45,,,,,,,
W5HID1_WHEAT,,,,,,,,,,,W5HID1,,,,,,,
M1CQ05_SOLTU,Rhomboid protein,Peptidase S54 family,Eukaryota,Viridiplantae,Streptophytina,Magnoliopsida,Solanales,Solanoideae,Solanum,,M1CQ05,LOC102593522,Solanumtuberosum(Potato),408,,XP_006339191.1;,M1CQ05;,
A5WG32_PSYWF,Rhomboid family protein,Peptidase S54 family,Bacteria,Bacteria,Pseudomonadota,unclassifiedPsychrobacter,Moraxellales,Moraxellaceae,Psychrobacter,,A5WG32,PsycPRwf_1683,Psychrobactersp.(strainPRwf-1),248,,,A5WG32;,
A5UZT5_ROSS1,Rhomboid family protein,,Bacteria,Bacillati,Chloroflexota,unclassifiedRoseiflexus,Roseiflexineae,Roseiflexaceae,Roseiflexus,,A5UZT5,RoseRS_3784,Roseiflexussp.(strainRS-1),283,,WP_011958480.1;,A5UZT5;,
B4M210_DROVI,EF-hand domain-containing protein,Peptidase S54 family,Eukaryota,Metazoa,Hexapoda,Neoptera,Muscomorpha,Drosophilinae,Drosophila,,B4M210,Dvir\GJ19413Dvir_GJ19413,Drosophilavirilis(Fruitfly),420,,XP_002055513.2;,B4M210;,
G8UP05_TANFA,"Peptidase, S54 family (EC 3.4.21.-)",,Bacteria,Bacteria,Bacteroidota,Bacteroidia,Bacteroidales,Tannerellaceae,Tannerella,Tannerellaforsythia,G8UP05,BFO_0848,Tannerellaforsythia(strainATCC43037/JCM10827/CCUG21028A/KCTC5666/FDC338)(Bacteroidesforsythus),245,3.4.21.-,,G8UP05;,
G7QE35_9BACT,"Peptidase S54, rhomboid domain protein",Peptidase S54 family,Bacteria,Bacteria,Thermodesulfobacteriota,Desulfovibrionia,Desulfovibrionales,Desulfovibrionaceae,Solidesulfovibrio,Solidesulfovibriocarbinoliphilus,G7QE35,DFW101_0674,Solidesulfovibriocarbinoliphilussubsp.oakridgensis,241,,WP_009180122.1;,G7QE35;,
R5U6B7_9BACE,,,,,,,,,,,R5U6B7,,,,,,,
D6CY27_9BACE,Uncharacterized membrane protein (Homolog of Drosophila rhomboid),Peptidase S54 family,Bacteria,Bacteria,Bacteroidota,Bacteroidia,Bacteroidales,Bacteroidaceae,Bacteroides,Bacteroidesxylanisolvens,D6CY27,BXY_19930,BacteroidesxylanisolvensXB1A,225,,,D6CY27;,
A0A024FCZ3_9FLAO,Peptidase S54 rhomboid domain-containing protein,,Bacteria,Bacteria,Bacteroidota,unclassifiedWinogradskyella,Flavobacteriales,Flavobacteriaceae,Winogradskyella,,A0A024FCZ3,WPG_0549,Winogradskyellasp.PG-2,231,,,A0A024FCZ3;,
A9GVL1_SORC5,Uncharacterized membrane protein,,Bacteria,Bacteria,Myxococcota,Polyangia,Polyangiales,Polyangiaceae,Sorangium,Sorangiumcellulosum,A9GVL1,sce0615,Sorangiumcellulosum(strainSoce56)(Polyangiumcellulosum(strainSoce56)),273,,,A9GVL1;,
A4ASS8_MARSH,Putative transmembrane rhomboid family protein,Peptidase S54 family,Bacteria,Bacteria,Bacteroidota,unclassifiedMaribacter,Flavobacteriales,Flavobacteriaceae,Maribacter,,A4ASS8,FB2170_09586,Maribactersp.(strainHTCC2170/KCCM42371),247,,WP_013306565.1;,A4ASS8;,
Q8TJC7_METAC,Rhomboid protein,Peptidase S54 family,Archaea,Methanobacteriati,Methanobacteriota,Methanomicrobia,Methanosarcinales,Methanosarcinaceae,Methanosarcina,Methanosarcinaacetivorans,Q8TJC7,MA_3859,Methanosarcinaacetivorans(strainATCC35395/DSM2834/JCM12185/C2A),226,,,Q8TJC7;,
T2GDI2_MEGG1,Putative rhomboid family protein,,Bacteria,Bacteria,Thermodesulfobacteriota,Desulfovibrionia,Desulfovibrionales,Desulfovibrionaceae,Megalodesulfovibrio,Megalodesulfovibriogigas,T2GDI2,DGI_2899,Megalodesulfovibriogigas(strainATCC19364/DSM1382/NCIMB9332/VKMB-1759)(Desulfovibriogigas),244,,WP_021761677.1;,T2GDI2;,
Q9KVP2_VIBCH,GlpG protein,,Bacteria,Bacteria,Pseudomonadota,Gammaproteobacteria,Vibrionales,Vibrionaceae,Vibrio,Vibriocholerae,Q9KVP2,VC_0099,VibriocholeraeserotypeO1(strainATCC39315/ElTorInabaN16961),277,,NP_229758.1;WP_000550456.1;,Q9KVP2;,
Q0W3W6_METAR,AN1-type domain-containing protein,Peptidase S54 family,Archaea,Methanobacteriati,Methanobacteriota,Methanomicrobia,Methanocellales,Methanocellaceae,Methanocella,Methanocellaarvoryzae,Q0W3W6,RCIX1707,Methanocellaarvoryzae(strainDSM22066/NBRC105507/MRE50),271,,WP_012035639.1;,Q0W3W6;,
A0A076NI24_9CORY,Peptidase S54 rhomboid domain-containing protein,,Bacteria,Bacillati,Actinomycetota,Actinomycetes,Mycobacteriales,Corynebacteriaceae,Corynebacterium,,A0A076NI24,CIMIT_09610,Corynebacteriumimitans,209,,,A0A076NI24;,
Q2RND6_RHORT,Rhomboid-like protein,,Bacteria,Bacteria,Pseudomonadota,Alphaproteobacteria,Rhodospirillales,Rhodospirillaceae,Rhodospirillum,Rhodospirillumrubrum,Q2RND6,Rru_A3565,Rhodospirillumrubrum(strainATCC11170/ATH1.1.1/DSM467/LMG4362/NCIMB8255/S1),252,,WP_011391312.1;YP_428646.1;,Q2RND6;,
R2SGT9_9ENTE,Peptidase S54 rhomboid domain-containing protein,,Bacteria,Bacillati,Bacillota,Bacilli,Lactobacillales,Enterococcaceae,Enterococcus,Enterococcuspallens,R2SGT9,UAU_02230,EnterococcuspallensATCCBAA-351,201,,WP_010757221.1;,R2SGT9;,
A0A0G0LER9_9BACT,Rhomboid family protein,Peptidase S54 family,Bacteria,Bacteria,CandidatusCurtissbacteria,,,,,,A0A0G0LER9,UT12_C0011G0008,CandidatusCurtissbacteriabacteriumGW2011_GWC2_38_9,220,,,A0A0G0LER9;,
E6K5G7_9BACT,"Peptidase, S54 family (EC 3.4.21.-)",,Bacteria,Bacteria,Bacteroidota,Bacteroidia,Bacteroidales,Prevotellaceae,Segatella,Segatellabuccae,E6K5G7,HMPREF6485_0809,SegatellabuccaeATCC33574,339,3.4.21.-,,E6K5G7;,
D7DWL6_NOSA0,Rhomboid family protein,Peptidase S54 family,Bacteria,Bacillati,Cyanobacteriota,Cyanophyceae,Nostocales,Nostocaceae,Trichormus,Trichormusazollae,D7DWL6,Aazo_4331,Nostocazollae(strain0708)(Anabaenaazollae(strain0708)),232,,WP_013192690.1;,D7DWL6;,
H7EIA2_9SPIR,Rhomboid family protein,Peptidase S54 family,Bacteria,Bacteria,Spirochaetota,Spirochaetia,Spirochaetales,Treponemataceae,Treponema,Treponemasaccharophilum,H7EIA2,TresaDRAFT_2521,TreponemasaccharophilumDSM2985,229,,WP_002702625.1;,H7EIA2;,
Z4YMS1_MOUSE,Rhomboid domain containing 3,,Eukaryota,Metazoa,Craniata,Mammalia,Myomorpha,Murinae,Mus,,Z4YMS1,Rhbdd3,Musmusculus(Mouse),192,,,Z4YMS1;,
R5KUL6_9BACT,Rhomboid family protein,Peptidase S54 family,Bacteria,Bacteria,Bacteroidota,unclassifiedPrevotella,Bacteroidales,Prevotellaceae,Prevotella,,R5KUL6,BN467_00187,Prevotellasp.CAG:1124,307,,,R5KUL6;,
Q7U864_PARMW,Peptidase S54 rhomboid domain-containing protein,Peptidase S54 family,Bacteria,Bacillati,Cyanobacteriota,Cyanophyceae,Synechococcales,Prochlorococcaceae,Parasynechococcus,Parasynechococcusmarenigrum,Q7U864,SYNW0760,Parasynechococcusmarenigrum(strainWH8102),185,,WP_011127625.1;,Q7U864;,
Q7XRW9_ORYSJ,RHOMBOID-like protein (EC 3.4.21.105),Peptidase S54 family,Eukaryota,Viridiplantae,Streptophytina,Petrosaviidae,Poales,Oryzoideae,Oryza,Oryzasativa,Q7XRW9,Os04g0569300OSNPB_040569300,Oryzasativasubsp.japonica(Rice),342,3.4.21.105,XP_015637146.1;,Q7XRW9;,
A3GHZ5_PICST,Rhomboid-type serine protease (EC 3.4.21.105),Peptidase S54 family,Eukaryota,Dikarya,Saccharomycotina,Pichiomycetes,Serinales,Debaryomycetaceae,Scheffersomyces,Scheffersomycesstipitis,A3GHZ5,RRP1PICST_39588,Scheffersomycesstipitis(strainATCC58785/CBS6054/NBRC10063/NRRLY-11545)(Yeast)(Pichiastipitis),556,3.4.21.105,XP_001386926.2;,A3GHZ5;,
A0A0M9X5P7_9ACTN,Rhomboid family protein,Peptidase S54 family,Bacteria,Bacillati,Actinomycetota,Actinomycetes,Kitasatosporales,Streptomycetaceae,Streptomyces,,A0A0M9X5P7,ADK41_34810,Streptomycescaelestis,275,,,A0A0M9X5P7;,
Q8XPW1_RALN1,Probable membrane transmembrane protein,Peptidase S54 family,Bacteria,Bacteria,Pseudomonadota,Betaproteobacteria,Burkholderiales,Burkholderiaceae,Ralstonia,Ralstoniapseudosolanacearum,Q8XPW1,RSp1525,Ralstonianicotianae(strainATCCBAA-1114/GMI1000)(Ralstoniasolanacearum),569,,,Q8XPW1;,
A0A089X496_STRGA,Peptidase S54 rhomboid domain-containing protein,,Bacteria,Bacillati,Actinomycetota,Actinomycetes,Kitasatosporales,Streptomycetaceae,Streptomyces,,A0A089X496,SGLAU_09765,Streptomycesglaucescens,225,,,A0A089X496;,
R5YN05_9BACE,,,,,,,,,,,R5YN05,,,,,,,
D8G072_9CYAN,Rhomboid family protein,Peptidase S54 family,Bacteria,Bacillati,Cyanobacteriota,unclassifiedKamptonema,Oscillatoriales,Microcoleaceae,Kamptonema,,D8G072,OSCI_2660001,Kamptonemasp.PCC6506,231,,WP_007355227.1;,D8G072;,
G5C9E8_HETGA,Rhomboid domain-containing protein 1 (Rhomboid-related protein 4),,Eukaryota,Metazoa,Craniata,Mammalia,Hystricomorpha,Bathyergidae,Heterocephalus,,G5C9E8,RHBDD1Rhbdd1GW7_08958,Heterocephalusglaber(Nakedmolerat),315,,XP_012922213.1;,,
A0A090F5Y4_9HYPH,Peptidase S54 rhomboid domain-containing protein,,Bacteria,Bacteria,Pseudomonadota,unclassifiedMesorhizobium,Hyphomicrobiales,Phyllobacteriaceae,Mesorhizobium,,A0A090F5Y4,MPLSOD_290065,Mesorhizobiumsp.SOD10,245,,,A0A090F5Y4;,
R5HVL5_9MOLU,,,,,,,,,,,R5HVL5,,,,,,,
A0A0E0RCC6_ORYRU,RHOMBOID-like protein (EC 3.4.21.105),Peptidase S54 family,Eukaryota,Viridiplantae,Streptophytina,Petrosaviidae,Poales,Oryzoideae,Oryza,,A0A0E0RCC6,,Oryzarufipogon(Brownbeardrice)(Asianwildrice),374,3.4.21.105,,A0A0E0RCC6;,
B1ME64_MYCA9,Rhomboid family protein,Peptidase S54 family,Bacteria,Bacillati,Actinomycetota,Actinomycetes,Mycobacteriales,Mycobacteriaceae,Mycobacteroides,Mycobacteroidesabscessus,B1ME64,MAB_0026,Mycobacteroidesabscessus(strainATCC19977/DSM44196/CCUG20993/CIP104536/JCM13569/NCTC13031/TMC1543/L948)(Mycobacteriumabscessus),287,,,B1ME64;,
K8YP61_NANGC,,,,,,,,,,,K8YP61,,,,,,,
W4FXT3_APHAT,rhomboid protease (EC 3.4.21.105),Peptidase S54 family,Eukaryota,Eukaryota,Oomycota,,Saprolegniales,Saprolegniaceae,Aphanomyces,,W4FXT3,H257_13354,Aphanomycesastaci(Crayfishplagueagent),299,3.4.21.105,XP_009839146.1;XP_009839148.1;,W4FXT3;,
D0LA51_GORB4,Rhomboid family protein,Peptidase S54 family,Bacteria,Bacillati,Actinomycetota,Actinomycetes,Mycobacteriales,Gordoniaceae,Gordonia,Gordoniabronchialis,D0LA51,Gbro_0021,Gordoniabronchialis(strainATCC25592/DSM43247/BCRC13721/JCM3198/KCTC3076/NBRC16047/NCTC10667)(Rhodococcusbronchialis),303,,,D0LA51;,
Q038D8_LACP3,Membrane-associated serine protease,Peptidase S54 family,Bacteria,Bacillati,Bacillota,Bacilli,Lactobacillales,Lactobacillaceae,Lacticaseibacillus,Lacticaseibacillusparacasei,Q038D8,LSEI_1661,Lacticaseibacillusparacasei(strainATCC334/BCRC17002/CCUG31169/CIP107868/KCTC3260/NRRLB-441)(Lactobacillusparacasei),227,,WP_003564613.1;YP_806876.1;,Q038D8;,
H0QKL5_ARTG1,Peptidase S54 family protein,Peptidase S54 family,Bacteria,Bacillati,Actinomycetota,Actinomycetes,Micrococcales,Micrococcaceae,Arthrobacter,Arthrobacterglobiformis,H0QKL5,ARGLB_037_00650,Arthrobacterglobiformis(strainATCC8010/DSM20124/JCM1332/NBRC12137/NCIMB8907/NRRLB-2979/168),293,,WP_003800240.1;,H0QKL5;,
W5BHK4_WHEAT,,,,,,,,,,,W5BHK4,,,,,,,
Q1GUG8_SPHAL,Rhomboid-like protein,,Bacteria,Bacteria,Pseudomonadota,Alphaproteobacteria,Sphingomonadales,Sphingomonadaceae,Sphingopyxis,Sphingopyxisalaskensis,Q1GUG8,Sala_0987,Sphingopyxisalaskensis(strainDSM13593/LMG18877/RB2256)(Sphingomonasalaskensis),211,,WP_011541292.1;,Q1GUG8;,
A0RYH8_CENSY,Uncharacterized membrane protein,Peptidase S54 family,Archaea,Thermoproteati,Nitrososphaerota,,CandidatusCenarchaeales,CandidatusCenarchaeaceae,CandidatusCenarchaeum,Cenarchaeumsymbiosum,A0RYH8,CENSYa_1785,Cenarchaeumsymbiosum(strainA),255,,,A0RYH8;,
M0URB6_HORVV,,,,,,,,,,,M0URB6,,,,,,,
Q9PEH4_XYLFA,Peptidase S54 rhomboid domain-containing protein,Peptidase S54 family,Bacteria,Bacteria,Pseudomonadota,Gammaproteobacteria,Lysobacterales,Lysobacteraceae,Xylella,Xylellafastidiosa,Q9PEH4,XF_1054,Xylellafastidiosa(strain9a5c),232,,,Q9PEH4;,
E7MPB4_9FIRM,"Peptidase, S54 family (EC 3.4.21.-)",,Bacteria,Bacillati,Bacillota,Erysipelotrichia,Erysipelotrichales,Erysipelotrichaceae,Solobacterium,Solobacteriummoorei,E7MPB4,HMPREF9430_01394,SolobacteriummooreiF0204,185,3.4.21.-,WP_006526202.1;,E7MPB4;,
A0A087HJ75_ARAAL,RHOMBOID-like protein (EC 3.4.21.105),Peptidase S54 family,Eukaryota,Viridiplantae,Streptophytina,Magnoliopsida,Brassicales,Brassicaceae,Arabis,,A0A087HJ75,AALP_Aa2g221300,Arabisalpina(Alpinerock-cress),388,3.4.21.105,,A0A087HJ75;,
A6H705_BOVIN,RHBDD3 protein,,Eukaryota,Metazoa,Craniata,Mammalia,Pecora,Bovinae,Bos,,A6H705,RHBDD3,Bostaurus(Bovine),386,,XP_005218110.1;XP_005218114.1;XP_005218115.1;XP_010812396.1;XP_010812397.1;XP_015331034.1;XP_015331035.1;,A6H705;,
Q6BIK2_DEBHA,Rhomboid-type serine protease (EC 3.4.21.105),Peptidase S54 family,Eukaryota,Dikarya,Saccharomycotina,Pichiomycetes,Serinales,Debaryomycetaceae,Debaryomyces,Debaryomyceshansenii,Q6BIK2,DEHA2G09724g,Debaryomyceshansenii(strainATCC36239/CBS767/BCRC21394/JCM1990/NBRC0083/IGC2968)(Yeast)(Torulasporahansenii),610,3.4.21.105,XP_461969.1;,Q6BIK2;,
A0A0E3SRX8_METMT,Intramembrane serine protease GlpG,Peptidase S54 family,Archaea,Methanobacteriati,Methanobacteriota,Methanomicrobia,Methanosarcinales,Methanosarcinaceae,Methanococcoides,Methanococcoidesmethylutens,A0A0E3SRX8,MCMEM_0989,MethanococcoidesmethylutensMM1,294,,,A0A0E3SRX8;,
D3NVQ8_AZOS1,Protein,,Bacteria,Bacteria,Pseudomonadota,unclassifiedAzospirillum,Rhodospirillales,Azospirillaceae,Azospirillum,,D3NVQ8,AZL_018490,Azospirillumsp.(strainB510),233,,WP_012974462.1;,D3NVQ8;,
A0A0F4NEV9_9VIBR,Intramembrane serine protease GlpG,,Bacteria,Bacteria,Pseudomonadota,Gammaproteobacteria,Vibrionales,Vibrionaceae,Vibrio,,A0A0F4NEV9,TW81_17230,Vibriogalatheae,278,,WP_045956981.1;,A0A0F4NEV9;,
B3M8H4_DROAN,Peptidase S54 rhomboid domain-containing protein,Peptidase S54 family,Eukaryota,Metazoa,Hexapoda,Neoptera,Muscomorpha,Drosophilinae,Sophophora,ananassaespeciescomplex,B3M8H4,Dana\GF24760dana_GLEANR_9458GF24760,Drosophilaananassae(Fruitfly),317,,XP_001956103.2;,B3M8H4;,
K1LEN5_CECL9,Rhomboid family protein,,Bacteria,Bacteria,Bacteroidota,Cytophagia,Cytophagales,Cyclobacteriaceae,Cecembia,Cecembialonarensis,K1LEN5,B879_02625,Cecembialonarensis(strainCCUG58316/KCTC22772/LW9),312,,WP_009185648.1;,K1LEN5;,
J2FW99_9CAUL,Putative membrane protein,Peptidase S54 family,Bacteria,Bacteria,Pseudomonadota,unclassifiedCaulobacter,Caulobacterales,Caulobacteraceae,Caulobacter,,J2FW99,PMI01_05203,Caulobactersp.AP07,241,,WP_007676135.1;,J2FW99;,
Q17K93_AEDAE,Peptidase S54 rhomboid domain-containing protein,Peptidase S54 family,Eukaryota,Metazoa,Hexapoda,Neoptera,Culicomorpha,Culicinae,Stegomyia,,Q17K93,5572280,Aedesaegypti(Yellowfevermosquito)(Culexaegypti),317,,XP_001653965.1;,Q17K93;,
C7NIE2_KYTSD,Uncharacterized membrane protein,Peptidase S54 family,Bacteria,Bacillati,Actinomycetota,Actinomycetes,Micrococcales,Kytococcaceae,Kytococcus,Kytococcussedentarius,C7NIE2,Ksed_00150,Kytococcussedentarius(strainATCC14392/DSM20547/JCM11482/CCUG33030/NBRC15357/NCTC11040/CCM314/541)(Micrococcussedentarius),306,,WP_012801532.1;,C7NIE2;,
A0A059CI47_EUCGR,RHOMBOID-like protein (EC 3.4.21.105),Peptidase S54 family,Eukaryota,Viridiplantae,Streptophytina,Magnoliopsida,Myrtales,Myrtoideae,Eucalyptus,,A0A059CI47,EUGRSUZ_D01914,Eucalyptusgrandis(Floodedgum),331,3.4.21.105,XP_010053327.1;,A0A059CI47;,
J9RZN7_9ACTN,Putative membrane protein,Peptidase S54 family,Bacteria,Bacillati,Actinomycetota,unclassifiedGordonia,Mycobacteriales,Gordoniaceae,Gordonia,,J9RZN7,KTR9_0027,Gordoniasp.KTR9,237,,WP_014924812.1;,J9RZN7;,
S1N723_9ENTE,Peptidase S54 rhomboid domain-containing protein,Peptidase S54 family,Bacteria,Bacillati,Bacillota,Bacilli,Lactobacillales,Enterococcaceae,Enterococcus,Enterococcusdispar,S1N723,OMK_01070,EnterococcusdisparATCC51266,231,,WP_016172248.1;,S1N723;,
Q9CL10_PASMU,GlpG,Peptidase S54 family,Bacteria,Bacteria,Pseudomonadota,Gammaproteobacteria,Pasteurellales,Pasteurellaceae,Pasteurella,Pasteurellamultocidasubsp.multocida,Q9CL10,glpGPM1438,Pasteurellamultocida(strainPm70),291,,WP_005724098.1;,Q9CL10;,
W5YTW8_9GAMM,Membrane protein,Peptidase S54 family,Bacteria,Bacteria,Pseudomonadota,Gammaproteobacteria,Pseudomonadales,Marinobacteraceae,Marinobacter,,W5YTW8,AU15_18415,Marinobactersalarius,482,,WP_041335487.1;,W5YTW8;,
M4X2C6_9PSED,Rhomboid family protein,Peptidase S54 family,Bacteria,Bacteria,Pseudomonadota,unclassifiedPseudomonas,Pseudomonadales,Pseudomonadaceae,Pseudomonas,,M4X2C6,H681_16595,Pseudomonassp.ATCC13867,288,,WP_015478040.1;,M4X2C6;,
M4D3D2_BRACM,Peptidase S54 rhomboid domain-containing protein,Peptidase S54 family,Eukaryota,Viridiplantae,Streptophytina,Magnoliopsida,Brassicales,Brassicaceae,Brassica,,M4D3D2,,Brassicacampestris(Fieldmustard),334,,XP_009109872.1;,M4D3D2;,
D1VZ15_9BACT,"Peptidase, S54 family (EC 3.4.21.-)",Peptidase S54 family,Bacteria,Bacteria,Bacteroidota,Bacteroidia,Bacteroidales,Prevotellaceae,Hoylesella,Hoylesellatimonensis,D1VZ15,HMPREF9019_1460,HoylesellatimonensisCRIS5C-B1,305,3.4.21.-,WP_008123709.1;,D1VZ15;,
A2F737_TRIV3,rhomboid protease (EC 3.4.21.105),Peptidase S54 family,Eukaryota,Eukaryota,Parabasalia,,Trichomonadida,Trichomonadidae,Trichomonas,Trichomonasvaginalis,A2F737,TVAG_112900,Trichomonasvaginalis(strainATCCPRA-98/G3),366,3.4.21.105,XP_001312204.1;,A2F737;,
B4L8W0_DROMO,Peptidase S54 rhomboid domain-containing protein,Peptidase S54 family,Eukaryota,Metazoa,Hexapoda,Neoptera,Muscomorpha,Drosophilinae,Drosophila,mojavensisspeciescomplex,B4L8W0,Dmoj\GI16668Dmoj_GI16668,Drosophilamojavensis(Fruitfly),398,,XP_002012004.1;,B4L8W0;,
R6LBX8_9BACE,,,,,,,,,,,R6LBX8,,,,,,,
B4IK37_DROSE,GM13096,Peptidase S54 family,Eukaryota,Metazoa,Hexapoda,Neoptera,Muscomorpha,Drosophilinae,Sophophora,,B4IK37,Dsec\GM13096Dsec_GM13096,Drosophilasechellia(Fruitfly),417,,XP_002044097.1;,B4IK37;,
M5WCB7_PRUPE,Peptidase S54 rhomboid domain-containing protein,Peptidase S54 family,Eukaryota,Viridiplantae,Streptophytina,Magnoliopsida,Rosales,Amygdaloideae,Prunus,,M5WCB7,PRUPE_5G207300,Prunuspersica(Peach)(Amygdaluspersica),344,,XP_007210208.1;,M5WCB7;,
A0A0N5BGV8_STREA,Rhomboid protease,Peptidase S54 family,Eukaryota,Metazoa,Nematoda,Chromadorea,Panagrolaimomorpha,Strongyloididae,Strongyloides,,A0A0N5BGV8,,Strongyloidespapillosus(Intestinalthreadworm),358,,,A0A0N5BGV8;,
B1L3D6_KORCO,Membrane associated serine protease,Peptidase S54 family,Archaea,Thermoproteati,Thermoproteota,CandidatusKorarchaeia,CandidatusKorarchaeales,CandidatusKorarchaeaceae,CandidatusKorarchaeum,CandidatusKorarchaeumcryptofilum,B1L3D6,Kcr_0205,Korarchaeumcryptofilum(strainOPF8),203,,WP_012308862.1;,B1L3D6;,
J9R105_RIEAN,Putative membrane protein,Peptidase S54 family,Bacteria,Bacteria,Bacteroidota,Flavobacteriia,Flavobacteriales,Weeksellaceae,Riemerella,Riemerellaanatipestifer,J9R105,B739_0812,RiemerellaanatipestiferRA-CH-1,244,,WP_014937816.1;,J9R105;,
C6WCG7_ACTMD,Rhomboid family protein,Peptidase S54 family,Bacteria,Bacillati,Actinomycetota,Actinomycetes,Pseudonocardiales,Pseudonocardiaceae,Actinosynnema,Actinosynnemamirum,C6WCG7,Amir_0014,Actinosynnemamirum(strainATCC29888/DSM43827/JCM3225/NBRC14064/NCIMB13271/NRRLB-12336/IMRU3971/101),298,,,C6WCG7;,
D7GS14_9FIRM,Uncharacterized membrane protein (Homolog of Drosophila rhomboid),Peptidase S54 family,Bacteria,Bacillati,Bacillota,unclassifiedEubacteriales,Eubacteriales,,,,D7GS14,CK3_08240,butyrate-producingbacteriumSS3/4,206,,,D7GS14;,
A0A0F0KMT9_9MICO,Rhomboid protease GluP (EC 3.4.21.105),Peptidase S54 family,Bacteria,Bacillati,Actinomycetota,Actinomycetes,Micrococcales,Microbacteriaceae,Microbacterium,,A0A0F0KMT9,gluPRN50_01654,Microbacteriumfoliorum,299,3.4.21.105,WP_045254021.1;,A0A0F0KMT9;,
F9X3L6_ZYMTI,Rhomboid-type serine protease (EC 3.4.21.105),Peptidase S54 family,Eukaryota,Dikarya,Pezizomycotina,Dothideomycetidae,Mycosphaerellales,Mycosphaerellaceae,Zymoseptoria,Zymoseptoriatritici,F9X3L6,MYCGRDRAFT_68129,Zymoseptoriatritici(strainCBS115943/IPO323)(Speckledleafblotchfungus)(Septoriatritici),496,3.4.21.105,XP_003855637.1;,F9X3L6;,
R6NNT4_9BACE,Peptidase S54 family,Peptidase S54 family,Bacteria,Bacteria,Bacteroidota,unclassifiedBacteroides,Bacteroidales,Bacteroidaceae,Bacteroides,,R6NNT4,BN659_00480,Bacteroidessp.CAG:443,225,,,R6NNT4;,
F0LR24_VIBFN,,,,,,,,,,,F0LR24,,,,,,,
Q4YT04_PLABA,,,,,,,,,,,Q4YT04,,,,,,,
K4CRB4_SOLLC,,,,,,,,,,,K4CRB4,,,,,,,
A0A0L0C4L1_LUCCU,Protein rhomboid,Peptidase S54 family,Eukaryota,Metazoa,Hexapoda,Neoptera,Muscomorpha,Luciliinae,Lucilia,,A0A0L0C4L1,FF38_13846,Luciliacuprina(Greenbottlefly)(Australiansheepblowfly),312,,,A0A0L0C4L1;,
A0A061H019_THECC,RHOMBOID-like protein (EC 3.4.21.105),Peptidase S54 family,Eukaryota,Viridiplantae,Streptophytina,Magnoliopsida,Malvales,Byttnerioideae,Theobroma,,A0A061H019,TCM_041822,Theobromacacao(Cacao)(Cocoa),404,3.4.21.105,XP_007016395.1;,A0A061H019;,
E3MCM5_CAERE,CRE-ROM-1 protein,Peptidase S54 family,Eukaryota,Metazoa,Nematoda,Chromadorea,Rhabditomorpha,Peloderinae,Caenorhabditis,,E3MCM5,Cre-rom-1CRE_20301GCK72_009988,Caenorhabditisremanei(Caenorhabditisvulgaris),356,,XP_003106085.1;,,
A0A0M2MTE7_9ACTN,,,,,,,,,,,A0A0M2MTE7,,,,,,,
A0A0G2ZDW3_9BACT,Protease,Peptidase S54 family,Bacteria,Bacteria,Thermotogota,Thermotogae,Kosmotogales,Kosmotogaceae,Kosmotoga,,A0A0G2ZDW3,IX53_03175,Kosmotogapacifica,283,,WP_047754123.1;,A0A0G2ZDW3;,
A0A068Z5I3_9GAMM,Rhomboid protease glpG,Peptidase S54 family,Bacteria,Bacteria,Pseudomonadota,Gammaproteobacteria,Enterobacterales,Yersiniaceae,Serratia,,A0A068Z5I3,glpGSYMBAF_15110,Serratiasymbiotica,278,3.4.21.105,,,
A0A0D5BZG9_9ARCH,"Peptidase, S54 family",Peptidase S54 family,Archaea,Thermoproteati,Nitrososphaerota,Nitrososphaeria,Nitrosopumilales,Nitrosopumilaceae,Nitrosopumilus,,A0A0D5BZG9,NADRNF5_0245,Nitrosopumilusadriaticus,258,,WP_048114846.1;,A0A0D5BZG9;,
H6L5M3_SAPGL,Rhomboid family protein,Peptidase S54 family,Bacteria,Bacteria,Bacteroidota,Saprospiria,Saprospirales,Saprospiraceae,Saprospira,Saprospiragrandis,H6L5M3,SGRA_2511,Saprospiragrandis(strainLewin),201,,WP_015692852.1;,H6L5M3;,
R6S7E1_9BACE,,,,,,,,,,,R6S7E1,,,,,,,
D3PAV5_DEFDS,Rhomboid family protein,,Bacteria,Bacteria,Deferribacterota,Deferribacteres,Deferribacterales,Deferribacteraceae,Deferribacter,Deferribacterdesulfuricans,D3PAV5,DEFDS_0217,Deferribacterdesulfuricans(strainDSM14783/JCM11476/NBRC101012/SSM1),241,,WP_013006976.1;,D3PAV5;,
S0EW02_CHTCT,Uncharacterized membrane protein (Homolog of Drosophila rhomboid),,Bacteria,Bacillati,Armatimonadota,Chthonomonadia,Chthonomonadales,Chthonomonadaceae,Chthonomonas,Chthonomonascalidirosea,S0EW02,CCALI_00752,Chthonomonascalidirosea(strainDSM23976/ICMP18418/T49),386,,WP_016482138.1;,S0EW02;,
A0A059W5W0_STRNR,Rhomboid family intramembrane serine protease,,Bacteria,Bacillati,Actinomycetota,Actinomycetes,Kitasatosporales,Streptomycetaceae,Streptomyces,,A0A059W5W0,SALB_03479,Streptomycesnoursei(Streptomycesalbulus),243,,,A0A059W5W0;,
L0K1W1_9EURY,Putative membrane protein,Peptidase S54 family,Archaea,Methanobacteriati,Methanobacteriota,Halobacteria,Halobacteriales,Natrialbaceae,Natronococcus,Natronococcusoccultus,L0K1W1,Natoc_2560,NatronococcusoccultusSP4,315,,WP_015321764.1;,L0K1W1;,
T0Q454_SAPDV,rhomboid protease (EC 3.4.21.105),Peptidase S54 family,Eukaryota,Eukaryota,Oomycota,,Saprolegniales,Saprolegniaceae,Saprolegnia,Saprolegniadiclina,T0Q454,SDRG_14039,Saprolegniadiclina(strainVS20),396,3.4.21.105,XP_008618364.1;,T0Q454;,
A0A0F2C4G0_9MICO,Rhomboid protease GluP (EC 3.4.21.105),Peptidase S54 family,Bacteria,Bacillati,Actinomycetota,unclassifiedMicrobacterium,Micrococcales,Microbacteriaceae,Microbacterium,,A0A0F2C4G0,gluPRS85_03436,Microbacteriumsp.SA39,298,3.4.21.105,WP_046014659.1;,A0A0F2C4G0;,
A0A096RGA4_MAIZE,,,,,,,,,,,A0A096RGA4,,,,,,,
B9QYY9_LABAD,,,,,,,,,,,B9QYY9,,,,,,,
A0A077Z9G0_TRITR,Rhomboid protein 3,Peptidase S54 family,Eukaryota,Metazoa,Nematoda,Dorylaimia,Trichinellida,Trichuridae,Trichuris,,A0A077Z9G0,TTRE_0000469301,Trichuristrichiura(Whipworm)(Trichocephalustrichiurus),268,,,A0A077Z9G0;,
S0EXD8_CHTCT,Uncharacterized membrane protein (Homolog of Drosophila rhomboid),Peptidase S54 family,Bacteria,Bacillati,Armatimonadota,Chthonomonadia,Chthonomonadales,Chthonomonadaceae,Chthonomonas,Chthonomonascalidirosea,S0EXD8,CCALI_01143,Chthonomonascalidirosea(strainDSM23976/ICMP18418/T49),235,,WP_016482507.1;,S0EXD8;,
D7JEL9_9BACT,Rhomboid family protein,Peptidase S54 family,Bacteria,Bacteria,Bacteroidota,unclassifiedBacteroidota,,,,Bacteroidetesoraltaxon274,D7JEL9,HMPREF0156_01065,Bacteroidetesoraltaxon274str.F0058,252,,,D7JEL9;,
I5C2A9_9BACT,Rhomboid family protein,,Bacteria,Bacteria,Bacteroidota,Cytophagia,Cytophagales,Cyclobacteriaceae,Nitritalea,Nitritaleahalalkaliphila,I5C2A9,A3SI_11309,NitritaleahalalkaliphilaLW7,323,,WP_009055309.1;,I5C2A9;,
B5HTI4_STRX2,Peptidase S54 rhomboid domain-containing protein,Peptidase S54 family,Bacteria,Bacillati,Actinomycetota,Actinomycetes,Kitasatosporales,Streptomycetaceae,Streptomyces,Streptomycessviceus,B5HTI4,SSEG_02714,Streptomycessviceus(strainATCC29083/DSM924/JCM4929/NBRC13980/NCIMB11184/NRRL5439/UC5370),294,,WP_007383301.1;,B5HTI4;,
J2W7K1_9SPHN,,,,,,,,,,,J2W7K1,,,,,,,
E8WC00_STRFA,,,,,,,,,,,E8WC00,,,,,,,
K2Q4R7_9FLAO,"Peptidase S54, rhomboid domain-containing protein",Peptidase S54 family,Bacteria,Bacteria,Bacteroidota,Flavobacteriia,Flavobacteriales,Flavobacteriaceae,Galbibacter,,K2Q4R7,I215_06087,Galbibactermarinus,247,,WP_008991089.1;,K2Q4R7;,
A0A087GXM5_ARAAL,RHOMBOID-like protein (EC 3.4.21.105),Peptidase S54 family,Eukaryota,Viridiplantae,Streptophytina,Magnoliopsida,Brassicales,Brassicaceae,Arabis,,A0A087GXM5,AALP_Aa5g170600,Arabisalpina(Alpinerock-cress),367,3.4.21.105,,A0A087GXM5;,
A0A0M3B7Q7_9HYPH,Membrane protein,,Bacteria,Bacteria,Pseudomonadota,unclassifiedRhizobium,Hyphomicrobiales,Rhizobiaceae,Rhizobium,,A0A0M3B7Q7,YH62_21775,Rhizobiumsp.LC145,247,,WP_046796364.1;,A0A0M3B7Q7;,
A0A093X724_9PEZI,Rhomboid-type serine protease (EC 3.4.21.105),Peptidase S54 family,Eukaryota,Dikarya,Pezizomycotina,unclassifiedPseudogymnoascus,Thelebolales,Thelebolaceae,Pseudogymnoascus,,A0A093X724,V490_07652,Pseudogymnoascussp.VKMF-3557,539,3.4.21.105,,A0A093X724;,
K0VW03_9HYPH,Rhomboid family protein,,Bacteria,Bacteria,Pseudomonadota,unclassifiedRhizobium,Hyphomicrobiales,Rhizobiaceae,Rhizobium,,K0VW03,RCCGEPOP_08812,Rhizobiumsp.Pop5,253,,WP_008526192.1;,K0VW03;,
W9XD96_9EURO,Rhomboid-type serine protease (EC 3.4.21.105),Peptidase S54 family,Eukaryota,Dikarya,Pezizomycotina,Chaetothyriomycetidae,Chaetothyriales,Herpotrichiellaceae,Cladophialophora,Cladophialophorapsammophila,W9XD96,A1O5_01617,CladophialophorapsammophilaCBS110553,542,3.4.21.105,XP_007740423.1;,W9XD96;,
K4B200_SOLLC,,,,,,,,,,,K4B200,,,,,,,
M1C6Z6_SOLTU,KOM,Peptidase S54 family,Eukaryota,Viridiplantae,Streptophytina,Magnoliopsida,Solanales,Solanoideae,Solanum,,M1C6Z6,,Solanumtuberosum(Potato),326,,,M1C6Z6;,
R6DCY2_9FIRM,,,,,,,,,,,R6DCY2,,,,,,,
W6G930_NODSP,,,,,,,,,,,W6G930,,,,,,,
B3JK86_9BACT,"Peptidase, S54 family (EC 3.4.21.-)",,Bacteria,Bacteria,Bacteroidota,Bacteroidia,Bacteroidales,Bacteroidaceae,Phocaeicola,Phocaeicolacoprocola,B3JK86,BACCOP_02314,PhocaeicolacoprocolaDSM17136,298,3.4.21.-,WP_007567181.1;,B3JK86;,
A0A024PAI8_9BACI,Rhomboid protease GluP,Peptidase S54 family,Bacteria,Bacillati,Bacillota,Bacilli,Bacillales,Bacillaceae,Halobacillus,,A0A024PAI8,gluP_2BN983_03787,Halobacilluskarajensis,255,,WP_035511164.1;,A0A024PAI8;,
V4K973_EUTSA,Peptidase S54 rhomboid domain-containing protein,Peptidase S54 family,Eukaryota,Viridiplantae,Streptophytina,Magnoliopsida,Brassicales,Brassicaceae,Eutrema,,V4K973,EUTSA_v10008135mg,Eutremasalsugineum(Saltwatercress)(Sisymbriumsalsugineum),337,,XP_006415852.1;,V4K973;,
A0A089WSE2_9PSED,Peptidase S54,Peptidase S54 family,Bacteria,Bacteria,Pseudomonadota,Gammaproteobacteria,Pseudomonadales,Pseudomonadaceae,Pseudomonas,,A0A089WSE2,LK03_20635,Pseudomonascremoricolorata,294,,WP_038414325.1;,A0A089WSE2;,
B8DP36_NITV9,Rhomboid family protein,,Bacteria,Bacteria,Thermodesulfobacteriota,Desulfovibrionia,Desulfovibrionales,Desulfovibrionaceae,Nitratidesulfovibrio,Nitratidesulfovibriovulgaris,B8DP36,DvMF_0913,Nitratidesulfovibriovulgaris(strainDSM19637/MiyazakiF)(Desulfovibriovulgaris),247,,,B8DP36;,
A5DHK3_PICGU,Rhomboid-type serine protease (EC 3.4.21.105),Peptidase S54 family,Eukaryota,Dikarya,Saccharomycotina,Pichiomycetes,Serinales,Debaryomycetaceae,Meyerozyma,Meyerozymaguilliermondii,A5DHK3,PGUG_02754,Meyerozymaguilliermondii(strainATCC6260/CBS566/DSM6381/JCM1539/NBRC10279/NRRLY-324)(Yeast)(Candidaguilliermondii),648,3.4.21.105,XP_001485025.1;,A5DHK3;,
K0CGH5_ALCDB,"Peptidase, S54 (Rhomboid) family",,Bacteria,Bacteria,Pseudomonadota,Gammaproteobacteria,Oceanospirillales,Alcanivoracaceae,Alloalcanivorax,Alloalcanivoraxdieselolei,K0CGH5,B5T_03446,Alcanivoraxdieselolei(strainDSM16502/CGMCC1.3690/MCCC1A00001/B-5)(Alloalcanivoraxdieselolei),199,,WP_014995775.1;,K0CGH5;,
J1QNH0_9ENTR,,,,,,,,,,,J1QNH0,,,,,,,
A0A0F5W5H3_9ACTN,Rhomboid family protein,Peptidase S54 family,Bacteria,Bacillati,Actinomycetota,unclassifiedStreptomyces,Kitasatosporales,Streptomycetaceae,Streptomyces,,A0A0F5W5H3,TN53_02075,Streptomycessp.WM6386,303,,WP_046256537.1;,A0A0F5W5H3;,
A0A0D2QGM7_GOSRA,Peptidase S54 rhomboid domain-containing protein,Peptidase S54 family,Eukaryota,Viridiplantae,Streptophytina,Magnoliopsida,Malvales,Malvoideae,Gossypium,,A0A0D2QGM7,B456_002G209900,Gossypiumraimondii(Peruviancotton)(Gossypiumklotzschianumsubsp.raimondii),335,,XP_012467728.1;,A0A0D2QGM7;,
D6SUC0_9BACT,Rhomboid family protein,Peptidase S54 family,Bacteria,Bacteria,Thermodesulfobacteriota,Desulfovibrionia,Desulfovibrionales,Desulfonatronovibrionaceae,Desulfonatronospira,Desulfonatronospirathiodismutans,D6SUC0,Dthio_PD0214,DesulfonatronospirathiodismutansASO3-1,238,,WP_008871593.1;,D6SUC0;,
D8DT28_9BACT,Rhomboid family protein,,Bacteria,Bacteria,Bacteroidota,Bacteroidia,Bacteroidales,Prevotellaceae,Segatella,Segatellabaroniae,D8DT28,PBR_2890,SegatellabaroniaeB14,315,,WP_006281179.1;,D8DT28;,
Q9VYW6_DROME,"Rhomboid-4 (EC 3.4.21.-) (Rhomboid-4, isoform B) (SD06923p)",Peptidase S54 family,Eukaryota,Metazoa,Hexapoda,Neoptera,Muscomorpha,Drosophilinae,Sophophora,,Q9VYW6,rho-4Dmel\CG1697DmRho4rho4Rho-4Rho-related[10C6]rho4CG1697Dmel_CG1697,Drosophilamelanogaster(Fruitfly),417,3.4.21.-,NP_525084.1;NP_727538.1;,,
D4L2P7_9FIRM,Uncharacterized membrane protein (Homolog of Drosophila rhomboid),,Bacteria,Bacillati,Bacillota,Clostridia,Lachnospirales,Lachnospiraceae,Roseburia,Roseburiaintestinalis,D4L2P7,RO1_36370,RoseburiaintestinalisXB6B4,196,,,D4L2P7;,
R9P4J9_PSEHS,Rhomboid-type serine protease (EC 3.4.21.105),Peptidase S54 family,Eukaryota,Dikarya,Ustilaginomycotina,Ustilaginomycetes,Ustilaginales,Ustilaginaceae,Pseudozyma,Pseudozymahubeiensis,R9P4J9,PHSY_003913,Pseudozymahubeiensis(strainSY62)(Yeast),602,3.4.21.105,XP_012189920.1;,R9P4J9;,
A0A088ANN2_APIME,,,,,,,,,,,A0A088ANN2,,,,,,,
E9FXC0_DAPPU,Peptidase S54 rhomboid domain-containing protein,Peptidase S54 family,Eukaryota,Metazoa,Crustacea,Phyllopoda,Anomopoda,Daphniidae,Daphnia,,E9FXC0,DAPPUDRAFT_127055,Daphniapulex(Waterflea),298,,,E9FXC0;,
A0A0G0KA63_9BACT,Peptidase S54 rhomboid domain-containing protein,Peptidase S54 family,Bacteria,Bacteria,,unclassifiedParcubacteriagroup,,,,,A0A0G0KA63,US98_C0033G0005,ParcubacteriagroupbacteriumGW2011_GWC1_38_6,236,,,A0A0G0KA63;,
A1U6X8_MARN8,Rhomboid family protein,Peptidase S54 family,Bacteria,Bacteria,Pseudomonadota,Gammaproteobacteria,Pseudomonadales,Marinobacteraceae,Marinobacter,Marinobacternauticus,A1U6X8,Maqu_3678,Marinobacternauticus(strainATCC700491/DSM11845/VT8)(Marinobacteraquaeolei),483,,WP_011787085.1;,A1U6X8;,
U3U471_9ENTR,Rhomboid protease glpG,Peptidase S54 family,Bacteria,Bacteria,Pseudomonadota,unclassifiedEnterobacteriaceae,Enterobacterales,Enterobacteriaceae,,,U3U471,glpGE05_41670,Plautiastalisymbiont,275,3.4.21.105,,U3U471;,
R5P498_9BACT,Rhomboid family protein,Peptidase S54 family,Bacteria,Bacteria,Bacteroidota,unclassifiedPrevotella,Bacteroidales,Prevotellaceae,Prevotella,,R5P498,BN465_00684,Prevotellasp.CAG:1092,308,,,R5P498;,
D5EVQ5_XYLR2,Rhomboid family protein,Peptidase S54 family,Bacteria,Bacteria,Bacteroidota,Bacteroidia,Bacteroidales,Prevotellaceae,Xylanibacter,Xylanibacterruminicola,D5EVQ5,PRU_2303,Xylanibacterruminicola(strainATCC19189/DSM19721/CIP105475/JCM8958/23)(Prevotellaruminicola),315,,,D5EVQ5;,
C3MB41_SINFN,Rhombiod family transmembrane protein,,Bacteria,Bacteria,Pseudomonadota,Alphaproteobacteria,Hyphomicrobiales,Rhizobiaceae,Sinorhizobium,Rhizobiumfredii,C3MB41,NGR_c12530,Sinorhizobiumfredii(strainNBRC101917/NGR234),241,,WP_012707811.1;YP_002825787.1;,C3MB41;,
W0L8F6_9GAMM,Rhomboid protease glpG,Peptidase S54 family,Bacteria,Bacteria,Pseudomonadota,Gammaproteobacteria,Enterobacterales,Yersiniaceae,Chania,Chaniamultitudinisentens,W0L8F6,glpGZ042_10450,ChaniamultitudinisentensRB-25,278,3.4.21.105,WP_024914370.1;,W0L8F6;,
D6CWP0_9BACE,Uncharacterized membrane protein (Homolog of Drosophila rhomboid),Peptidase S54 family,Bacteria,Bacteria,Bacteroidota,Bacteroidia,Bacteroidales,Bacteroidaceae,Bacteroides,Bacteroidesxylanisolvens,D6CWP0,BXY_14590,BacteroidesxylanisolvensXB1A,584,,,D6CWP0;,
Q89ZS4_BACTN,Transmembrane protein,,Bacteria,Bacteria,Bacteroidota,Bacteroidia,Bacteroidales,Bacteroidaceae,Bacteroides,Bacteroidesthetaiotaomicron,Q89ZS4,BT_4302,Bacteroidesthetaiotaomicron(strainATCC29148/DSM2079/JCM5827/CCUG10774/NCTC10582/VPI-5482/E50),221,,NP_813213.1;WP_008759973.1;,Q89ZS4;,
K2BX49_9BACT,Peptidase S54 rhomboid domain-containing protein,Peptidase S54 family,Bacteria,Bacteria,,,,,,,K2BX49,ACD_38C00130G0002,unculturedbacterium,218,,,K2BX49;,
M0RLA2_MUSAM,,,,,,,,,,,M0RLA2,,,,,,,
A0LZH9_CHRFK,Transmembrane rhomboid family protein,Peptidase S54 family,Bacteria,Bacteria,Bacteroidota,Flavobacteriia,Flavobacteriales,Flavobacteriaceae,Christiangramia,Christiangramiaforsetii,A0LZH9,GFO_0798,Christiangramiaforsetii(strainDSM17595/CGMCC1.15422/KT0803)(Gramellaforsetii),249,,WP_011708711.1;,A0LZH9;,
A0A0A0Z6V6_9GAMM,,,,,,,,,,,A0A0A0Z6V6,,,,,,,
C8N6T0_CARH6,Putative rhomboid protease GlpG (EC 3.4.21.105),Peptidase S54 family,Bacteria,Bacteria,Pseudomonadota,Gammaproteobacteria,Cardiobacteriales,Cardiobacteriaceae,Cardiobacterium,Cardiobacteriumhominis,C8N6T0,HMPREF0198_0206,Cardiobacteriumhominis(strainATCC15826/DSM8339/NCTC10426/6573),197,3.4.21.105,,C8N6T0;,
A0A0M9GE90_9PSED,Putative membrane protein,Peptidase S54 family,Bacteria,Bacteria,Pseudomonadota,Gammaproteobacteria,Pseudomonadales,Pseudomonadaceae,Pseudomonas,,A0A0M9GE90,PF66_04452,Pseudomonasfuscovaginae,292,,WP_054059176.1;,A0A0M9GE90;,
M0U247_MUSAM,,,,,,,,,,,M0U247,,,,,,,
A0A0K0G191_STRVS,Rhomboid-related protein 2 (inferred by orthology to a C. elegans protein),Peptidase S54 family,Eukaryota,Metazoa,Nematoda,Chromadorea,Panagrolaimomorpha,Strongyloididae,Strongyloides,,A0A0K0G191,,Strongyloidesvenezuelensis(Threadworm),358,,,A0A0K0G191;,
A0A0B5DAK6_9ACTN,Membrane protein (Rhomboid family intramembrane serine protease),,Bacteria,Bacillati,Actinomycetota,Actinomycetes,Kitasatosporales,Streptomycetaceae,Streptomyces,,A0A0B5DAK6,CP978_10335SNOD_09990,Streptomycesnodosus,243,,WP_043448371.1;,A0A0B5DAK6;,
E0QN06_9ACTO,"Peptidase, S54 family (EC 3.4.21.-)",Peptidase S54 family,Bacteria,Bacillati,Actinomycetota,Actinomycetes,Actinomycetales,Actinomycetaceae,Mobiluncus,Mobiluncusmulieris,E0QN06,yggPHMPREF0580_0270,MobiluncusmulierisATCC35239,239,3.4.21.-,,E0QN06;,
L0FUU0_ECHVK,Putative membrane protein,Peptidase S54 family,Bacteria,Bacteria,Bacteroidota,Cytophagia,Cytophagales,Cyclobacteriaceae,Echinicola,Echinicolavietnamensis,L0FUU0,Echvi_0782,Echinicolavietnamensis(strainDSM17526/LMG23754/KMM6221),306,,WP_015264623.1;,L0FUU0;,
M4EDY7_BRACM,RHOMBOID-like protein (EC 3.4.21.105),Peptidase S54 family,Eukaryota,Viridiplantae,Streptophytina,Magnoliopsida,Brassicales,Brassicaceae,Brassica,,M4EDY7,,Brassicacampestris(Fieldmustard),319,3.4.21.105,XP_009113019.1;,M4EDY7;,
A0A0A0L1V2_CUCSA,RHOMBOID-like protein (EC 3.4.21.105),Peptidase S54 family,Eukaryota,Viridiplantae,Streptophytina,Magnoliopsida,Cucurbitales,Cucurbitaceae,Cucumis,,A0A0A0L1V2,Csa_3G038720,Cucumissativus(Cucumber),322,3.4.21.105,XP_004147969.1;,A0A0A0L1V2;,
Q8I433_PLAF7,Rhomboid-like protease (EC 3.4.21.105),Peptidase S54 family,Eukaryota,Eukaryota,Apicomplexa,Aconoidasida,Haemosporida,Plasmodiidae,Plasmodium,Plasmodiumfalciparum,Q8I433,PF3D7_0506900,Plasmodiumfalciparum(isolate3D7),759,3.4.21.105,XP_001351627.1;,Q8I433;,
C3PE94_CORA7,Rhomboid protease GlpG,Peptidase S54 family,Bacteria,Bacillati,Actinomycetota,Actinomycetes,Mycobacteriales,Corynebacteriaceae,Corynebacterium,Corynebacteriumaurimucosum,C3PE94,cauri_0023,Corynebacteriumaurimucosum(strainATCC700975/DSM44827/CIP107346/CN-1)(Corynebacteriumnigricans),214,3.4.21.105,WP_010188152.1;,C3PE94;,
H2BR77_GILLR,Rhomboid family protein,Peptidase S54 family,Bacteria,Bacteria,Bacteroidota,Flavobacteriia,Flavobacteriales,Flavobacteriaceae,Gillisia,Gillisialimnaea,H2BR77,Gilli_0246,Gillisialimnaea(strainDSM15749/LMG21470/R-8282),247,,WP_006987288.1;,H2BR77;,
Q46G03_METBF,Rhomboid protein,Peptidase S54 family,Archaea,Methanobacteriati,Methanobacteriota,Methanomicrobia,Methanosarcinales,Methanosarcinaceae,Methanosarcina,Methanosarcinabarkeri,Q46G03,Mbar_A0205,Methanosarcinabarkeri(strainFusaro/DSM804),207,,,Q46G03;,
W5WVL6_BDEBC,,,,,,,,,,,W5WVL6,,,,,,,
F9R6K6_VIBSN,Protein GlpG,,Bacteria,Bacteria,Pseudomonadota,unclassifiedVibrio,Vibrionales,Vibrionaceae,Vibrio,,F9R6K6,VIBRN418_19138,Vibriosp.(strainN418),274,,WP_009384144.1;,F9R6K6;,
I3KHD9_ORENI,Rhomboid-related protein 2 (EC 3.4.21.105),Peptidase S54 family,Eukaryota,Metazoa,Craniata,Teleostei,Cichliformes,Pseudocrenilabrinae,Oreochromis,,I3KHD9,rhbdl2,Oreochromisniloticus(Niletilapia)(Tilapianilotica),298,3.4.21.105,XP_005455367.1;XP_005455368.1;XP_005455369.1;XP_005455370.1;XP_019220060.1;,I3KHD9;,
A0A068QYR7_9GAMM,Rhomboid protease GlpG,Peptidase S54 family,Bacteria,Bacteria,Pseudomonadota,Gammaproteobacteria,Enterobacterales,Morganellaceae,Xenorhabdus,Xenorhabduspoinarii,A0A068QYR7,glpGXPG1_0121,XenorhabduspoinariiG6,279,3.4.21.105,WP_045957351.1;,A0A068QYR7;,
A0YKD5_LYNSP,Rhomboid-like protein,Peptidase S54 family,Bacteria,Bacillati,Cyanobacteriota,unclassifiedLyngbya,Oscillatoriales,Microcoleaceae,Lyngbya,,A0YKD5,L8106_06724,Lyngbyasp.(strainPCC8106)(Lyngbyaaestuarii(strainCCY9616)),233,,WP_009782941.1;,A0YKD5;,
Q9X7Z8_STRCO,Integral membrane protein,,Bacteria,Bacillati,Actinomycetota,Actinomycetes,Kitasatosporales,Streptomycetaceae,Streptomyces,Streptomycescoelicolor,Q9X7Z8,SCO2139SC6G10.12,Streptomycescoelicolor(strainATCCBAA-471/A3(2)/M145),256,,NP_626395.1;WP_011028161.1;,Q9X7Z8;,
A0A078DER2_BRANA,,,,,,,,,,,A0A078DER2,,,,,,,
G1LP49_AILME,Rhomboid domain containing 3,,Eukaryota,Metazoa,Craniata,Mammalia,Caniformia,Ursidae,Ailuropoda,,G1LP49,RHBDD3,Ailuropodamelanoleuca(Giantpanda),453,,XP_019651251.1;,G1LP49;,
B0UQF2_METS4,,,,,,,,,,,B0UQF2,,,,,,,
A0A0D3HQ89_9ORYZ,RHOMBOID-like protein (EC 3.4.21.105),Peptidase S54 family,Eukaryota,Viridiplantae,Streptophytina,Petrosaviidae,Poales,Oryzoideae,Oryza,,A0A0D3HQ89,,Oryzabarthii,374,3.4.21.105,,A0A0D3HQ89;,
F2NKU4_MARHT,"Peptidase S54, rhomboid domain protein",,Bacteria,Bacteria,Deinococcota,Deinococci,Thermales,Thermaceae,Marinithermus,Marinithermushydrothermalis,F2NKU4,Marky_0094,Marinithermushydrothermalis(strainDSM14884/JCM11576/T1),213,,WP_013702912.1;,F2NKU4;,
A0A0Q9XRM0_DROMO,"Uncharacterized protein, isoform C (EC 3.4.21.-)",Peptidase S54 family,Eukaryota,Metazoa,Hexapoda,Neoptera,Muscomorpha,Drosophilinae,Drosophila,mojavensisspeciescomplex,A0A0Q9XRM0,Dmoj\GI16724Dmoj_GI16724,Drosophilamojavensis(Fruitfly),322,3.4.21.-,XP_015015807.1;,A0A0Q9XRM0;,
U5QHG6_GLOK1,Rhomboid family protein,Peptidase S54 family,Bacteria,Bacillati,Cyanobacteriota,Cyanophyceae,Gloeobacterales,Gloeobacteraceae,Gloeobacter,Gloeobacterkilaueensis,U5QHG6,GKIL_2115,Gloeobacterkilaueensis(strainATCCBAA-2537/CCAP1431/1/ULC316/JS1),237,,WP_023173501.1;,U5QHG6;,
A0A078HS18_BRANA,RHOMBOID-like protein (EC 3.4.21.105),Peptidase S54 family,Eukaryota,Viridiplantae,Streptophytina,Magnoliopsida,Brassicales,Brassicaceae,Brassica,,A0A078HS18,BnaC04g15270DDARMORV10_C04P21920.1GSBRNA2T00068061001,Brassicanapus(Rape),383,3.4.21.105,,A0A078HS18;,
D4ZDD9_SHEVD,GlpG protein,Peptidase S54 family,Bacteria,Bacteria,Pseudomonadota,Gammaproteobacteria,Alteromonadales,Shewanellaceae,Shewanella,Shewanellaviolacea,D4ZDD9,glpGSVI_0090,Shewanellaviolacea(strainJCM10179/CIP106290/LMG19151/DSS12),279,,WP_013049376.1;,D4ZDD9;,
A0A0H5S742_BRUMA,,,,,,,,,,,A0A0H5S742,,,,,,,
M0ZTP4_SOLTU,RHOMBOID-like protein (EC 3.4.21.105),Peptidase S54 family,Eukaryota,Viridiplantae,Streptophytina,Magnoliopsida,Solanales,Solanoideae,Solanum,,M0ZTP4,LOC102580896,Solanumtuberosum(Potato),330,3.4.21.105,,M0ZTP4;,
S8C7D7_9LAMI,RHOMBOID-like protein (EC 3.4.21.105),Peptidase S54 family,Eukaryota,Viridiplantae,Streptophytina,Magnoliopsida,Lamiales,Lentibulariaceae,Genlisea,,S8C7D7,M569_12091,Genliseaaurea,380,3.4.21.105,,S8C7D7;,
A0A0D1E412_USTMA,Rhomboid-type serine protease (EC 3.4.21.105),Peptidase S54 family,Eukaryota,Dikarya,Ustilaginomycotina,Ustilaginomycetes,Ustilaginales,Ustilaginaceae,Mycosarcoma,,A0A0D1E412,UMAG_01641,Mycosarcomamaydis(Cornsmutfungus)(Ustilagomaydis),600,3.4.21.105,XP_011387628.1;,A0A0D1E412;,
B4IXI2_DROGR,GH16237,Peptidase S54 family,Eukaryota,Metazoa,Hexapoda,Neoptera,Muscomorpha,Drosophilinae,Drosophila,,B4IXI2,Dgri\GH16237Dgri_GH16237,Drosophilagrimshawi(Hawaiianfruitfly)(Idiomyiagrimshawi),321,,XP_001984071.1;,B4IXI2;,
C0AUC4_9GAMM,,,,,,,,,,,C0AUC4,,,,,,,
R6FL57_9BACE,Rhomboid family protein,Peptidase S54 family,Bacteria,Bacteria,Bacteroidota,unclassifiedBacteroides,Bacteroidales,Bacteroidaceae,Bacteroides,,R6FL57,BN744_01426,Bacteroidessp.CAG:633,244,,,R6FL57;,
G0L7Z4_ZOBGA,"Serine endopeptidase, family S54 (EC 3.4.21.-)",Peptidase S54 family,Bacteria,Bacteria,Bacteroidota,Flavobacteriia,Flavobacteriales,Flavobacteriaceae,Zobellia,,G0L7Z4,zobellia_3690,Zobelliagalactanivorans(strainDSM12802/CCUG47099/CIP106680/NCIMB13871/Dsij),247,3.4.21.-,WP_013995018.1;,G0L7Z4;,
Q7Q2N8_ANOGA,AGAP004737-PA,Peptidase S54 family,Eukaryota,Metazoa,Hexapoda,Neoptera,Culicomorpha,Anophelinae,Cellia,gambiaespeciescomplex,Q7Q2N8,1278488AgaP_AGAP004737,Anophelesgambiae(Africanmalariamosquito),361,,XP_318085.4;,,
E7GD64_9FIRM,Peptidase S54 rhomboid domain-containing protein,,Bacteria,Bacillati,Bacillota,Erysipelotrichia,Erysipelotrichales,Coprobacillaceae,Coprobacillus,,E7GD64,HMPREF9488_02707,Coprobacilluscateniformis,213,,WP_008789794.1;,E7GD64;,
E4XY96_OIKDI,rhomboid protease (EC 3.4.21.105),Peptidase S54 family,Eukaryota,Metazoa,Tunicata,Appendicularia,Copelata,Oikopleuridae,Oikopleura,,E4XY96,GSOID_T00009671001,Oikopleuradioica(Tunicate),386,3.4.21.105,,E4XY96;,
R4YN37_OLEAN,Rhomboid-like protein,,Bacteria,Bacteria,Pseudomonadota,Gammaproteobacteria,Oceanospirillales,Oceanospirillaceae,Oleispira,Oleispiraantarctica,R4YN37,OLEAN_C02970,OleispiraantarcticaRB-8,190,,,R4YN37;,
G7PHH6_MACFA,Rhomboid domain containing 3,,Eukaryota,Metazoa,Craniata,Mammalia,Catarrhini,Cercopithecinae,Macaca,,G7PHH6,RHBDD3,Macacafascicularis(Crab-eatingmacaque)(Cynomolgusmonkey),429,,,G7PHH6;,
A0A0G1AAY0_9BACT,Rhomboid family protein,Peptidase S54 family,Bacteria,Bacteria,CandidatusRoizmanbacteria,,,,,,A0A0G1AAY0,UU78_C0016G0003,CandidatusRoizmanbacteriabacteriumGW2011_GWC2_41_7,231,,,A0A0G1AAY0;,
A0A0G0RBV9_9BACT,Rhomboid family protein,Peptidase S54 family,Bacteria,Bacteria,CandidatusLevyibacteriota,unclassifiedCandidatusLevyibacteriota,,,,,A0A0G0RBV9,UT85_C0009G0007,CandidatusLevybacteriabacteriumGW2011_GWA2_40_16,231,,,A0A0G0RBV9;,
J2JWX5_9ACTN,Integral membrane protein,,Bacteria,Bacillati,Actinomycetota,Actinomycetes,Kitasatosporales,Streptomycetaceae,Streptomyces,Streptomycesauratus,J2JWX5,SU9_22910,StreptomycesauratusAGR0001,259,,,J2JWX5;,
B4IXI9_DROGR,GH15206,Peptidase S54 family,Eukaryota,Metazoa,Hexapoda,Neoptera,Muscomorpha,Drosophilinae,Drosophila,,B4IXI9,Dgri\GH15206Dgri_GH15206,Drosophilagrimshawi(Hawaiianfruitfly)(Idiomyiagrimshawi),476,,XP_001984078.1;,B4IXI9;,
F0RH53_CELLC,"Peptidase S54, rhomboid domain protein",Peptidase S54 family,Bacteria,Bacteria,Bacteroidota,Flavobacteriia,Flavobacteriales,Flavobacteriaceae,Cellulophaga,Cellulophagalytica,F0RH53,Celly_0256,Cellulophagalytica(strainATCC23178/DSM7489/JCM8516/NBRC14961/NCIMB1423/VKMB-1433/Cyl20),247,,WP_013619839.1;,F0RH53;,
M1C6Z5_SOLTU,KOM,Peptidase S54 family,Eukaryota,Viridiplantae,Streptophytina,Magnoliopsida,Solanales,Solanoideae,Solanum,,M1C6Z5,,Solanumtuberosum(Potato),316,,,M1C6Z5;,
A0A067K115_JATCU,RHOMBOID-like protein (EC 3.4.21.105),Peptidase S54 family,Eukaryota,Viridiplantae,Streptophytina,Magnoliopsida,Malpighiales,Crotonoideae,Jatropha,,A0A067K115,JCGZ_20650,Jatrophacurcas(Barbadosnut),321,3.4.21.105,XP_012086985.1;,A0A067K115;,
I4WA23_9GAMM,Peptidase S54 rhomboid domain-containing protein,,Bacteria,Bacteria,Pseudomonadota,unclassifiedRhodanobacter,Lysobacterales,Rhodanobacteraceae,Rhodanobacter,,I4WA23,UU5_07399,Rhodanobactersp.115,227,,WP_008211253.1;,I4WA23;,
K0JRC8_SACES,Membrane protein,Peptidase S54 family,Bacteria,Bacillati,Actinomycetota,Actinomycetes,Pseudonocardiales,Pseudonocardiaceae,Saccharothrix,Saccharothrixespanaensis,K0JRC8,BN6_00160,Saccharothrixespanaensis(strainATCC51144/DSM44229/JCM9112/NBRC15066/NRRL15764),286,,WP_015097463.1;,K0JRC8;,
D4GD36_PANAM,Rhomboid protease GlpG,Peptidase S54 family,Bacteria,Bacteria,Pseudomonadota,Gammaproteobacteria,Enterobacterales,Erwiniaceae,Pantoea,Pantoeaananas,D4GD36,glpGPANA_3694,Pantoeaananatis(strainLMG20103),272,3.4.21.105,WP_013027532.1;,D4GD36;,
G7LUV7_9GAMM,Rhomboid protease GlpG,Peptidase S54 family,Bacteria,Bacteria,Pseudomonadota,unclassifiedBrenneria,Enterobacterales,Pectobacteriaceae,Brenneria,,G7LUV7,glpGBrE312_0355,Brenneriasp.EniD312,331,3.4.21.105,,G7LUV7;,
C8XIR9_NAKMY,Rhomboid family protein,Peptidase S54 family,Bacteria,Bacillati,Actinomycetota,Actinomycetes,Nakamurellales,Nakamurellaceae,Nakamurella,Nakamurellamultipartita,C8XIR9,Namu_0069,Nakamurellamultipartita(strainATCC700099/DSM44233/CIP104796/JCM9543/NBRC105858/Y-104)(Microsphaeramultipartita),292,,,C8XIR9;,
A0A0B0PI99_GOSAR,Rhomboid protease gluP,Peptidase S54 family,Eukaryota,Viridiplantae,Streptophytina,Magnoliopsida,Malvales,Malvoideae,Gossypium,,A0A0B0PI99,F383_09474,Gossypiumarboreum(Treecotton)(Gossypiumnanking),191,,,A0A0B0PI99;,
K4KGT6_SIMAS,Rhomboid family protein,Peptidase S54 family,Bacteria,Bacteria,Pseudomonadota,Gammaproteobacteria,Cellvibrionales,Cellvibrionaceae,Simiduia,Simiduiaagarivorans,K4KGT6,M5M_00960,Simiduiaagarivorans(strainDSM21679/JCM13881/BCRC17597/SA1),293,,WP_016389142.1;,K4KGT6;,
I1IQP4_BRADI,Peptidase S54 rhomboid domain-containing protein,Peptidase S54 family,Eukaryota,Viridiplantae,Streptophytina,Petrosaviidae,Poales,Pooideae,Brachypodium,,I1IQP4,LOC100843508BRADI_4g31990v3,Brachypodiumdistachyon(Purplefalsebrome)(Trachyniadistachya),345,,XP_003578222.1;,,
Q49XZ2_STAS1,Peptidase S54 rhomboid domain-containing protein,Peptidase S54 family,Bacteria,Bacillati,Bacillota,Bacilli,Bacillales,Staphylococcaceae,Staphylococcus,Staphylococcussaprophyticus,Q49XZ2,SSP1207,Staphylococcussaprophyticussubsp.saprophyticus(strainATCC15305/DSM20229/NCIMB8711/NCTC7292/S-41),485,,WP_011303017.1;,Q49XZ2;,
E9J0X1_SOLIN,,,,,,,,,,,E9J0X1,,,,,,,
E8R2D7_ISOPI,Rhomboid family protein,Peptidase S54 family,Bacteria,Bacteria,Planctomycetota,Planctomycetia,Isosphaerales,Isosphaeraceae,Isosphaera,Isosphaerapallida,E8R2D7,Isop_0832,Isosphaerapallida(strainATCC43644/DSM9630/IS1B),441,,WP_013563711.1;,E8R2D7;,
A0A0P9AIQ2_DROAN,Peptidase S54 rhomboid domain-containing protein,Peptidase S54 family,Eukaryota,Metazoa,Hexapoda,Neoptera,Muscomorpha,Drosophilinae,Sophophora,ananassaespeciescomplex,A0A0P9AIQ2,Dana\GF27773GF27773,Drosophilaananassae(Fruitfly),330,,XP_014765706.1;,A0A0P9AIQ2;,
Q1YT69_9GAMM,Rhomboid family protein,Peptidase S54 family,Bacteria,Bacteria,Pseudomonadota,unclassifiedPorticoccaceae,Cellvibrionales,Porticoccaceae,,,Q1YT69,GB2207_02402,gammaproteobacteriumHTCC2207,213,,,Q1YT69;,
A0A059C2F5_EUCGR,RHOMBOID-like protein (EC 3.4.21.105),Peptidase S54 family,Eukaryota,Viridiplantae,Streptophytina,Magnoliopsida,Myrtales,Myrtoideae,Eucalyptus,,A0A059C2F5,EUGRSUZ_E00540,Eucalyptusgrandis(Floodedgum),321,3.4.21.105,XP_010055604.1;,A0A059C2F5;,
G5BXW1_HETGA,rhomboid protease (EC 3.4.21.105),Peptidase S54 family,Eukaryota,Metazoa,Craniata,Mammalia,Hystricomorpha,Bathyergidae,Heterocephalus,,G5BXW1,GW7_12978,Heterocephalusglaber(Nakedmolerat),363,3.4.21.105,,G5BXW1;,
A0A059ATI7_EUCGR,Peptidase S54 rhomboid domain-containing protein,Peptidase S54 family,Eukaryota,Viridiplantae,Streptophytina,Magnoliopsida,Myrtales,Myrtoideae,Eucalyptus,,A0A059ATI7,EUGRSUZ_I02721,Eucalyptusgrandis(Floodedgum),301,,,A0A059ATI7;,
V4TWZ0_CITCL,Peptidase S54 rhomboid domain-containing protein,Peptidase S54 family,Eukaryota,Viridiplantae,Streptophytina,Magnoliopsida,Sapindales,Aurantioideae,Citrus,,V4TWZ0,CICLE_v10021679mg,Citrusclementina(Clementine)(CitrusdeliciosaxCitrussinensis),269,,XP_006442995.1;,V4TWZ0;,
D9XMH0_9ACTN,Rhomboid family protein,Peptidase S54 family,Bacteria,Bacillati,Actinomycetota,Actinomycetes,Kitasatosporales,Streptomycetaceae,Streptomyces,Streptomycesgriseoflavus,D9XMH0,SSRG_03166,StreptomycesgriseoflavusTu4000,295,,WP_004929147.1;,D9XMH0;,
A0A0M3D7T6_9MICO,Membrane protein,,Bacteria,Bacillati,Actinomycetota,unclassifiedMicrobacterium,Micrococcales,Microbacteriaceae,Microbacterium,,A0A0M3D7T6,AAY78_08715,Microbacteriumsp.Ag1,202,,WP_046747899.1;,A0A0M3D7T6;,
M3ZJE8_XIPMA,Rhomboid-related protein 2 (EC 3.4.21.105),Peptidase S54 family,Eukaryota,Metazoa,Craniata,Teleostei,Cyprinodontoidei,Poeciliinae,Xiphophorus,,M3ZJE8,,Xiphophorusmaculatus(Southernplatyfish)(Platypoecilusmaculatus),285,3.4.21.105,,M3ZJE8;,
A0A0E3S1I0_9EURY,Intramembrane serine protease GlpG,Peptidase S54 family,Archaea,Methanobacteriati,Methanobacteriota,Methanomicrobia,Methanosarcinales,Methanosarcinaceae,Methanosarcina,Methanosarcinalacustris,A0A0E3S1I0,MSLAZ_0650,MethanosarcinalacustrisZ-7289,195,,,A0A0E3S1I0;,
A6AVU8_VIBCY,,,,,,,,,,,A6AVU8,,,,,,,
A0A6L7HBR6_BACAN,Rhomboid family protein,Peptidase S54 family,Bacteria,Bacillati,Bacillota,Bacilli,Bacillales,Bacillaceae,Bacillus,,A0A6L7HBR6,GBAA_0249,Bacillusanthracis,190,,WP_000906916.1;,A0A6L7HBR6;,
Q5KX55_GEOKA,Hypothetical conserved protein,Peptidase S54 family,Bacteria,Bacillati,Bacillota,Bacilli,Bacillales,Bacillaceae,Geobacillus,Geobacilluskaustophilus,Q5KX55,GK2446,Geobacilluskaustophilus(strainHTA426),390,,,Q5KX55;,
B4H1D2_DROPE,GL22503,Peptidase S54 family,Eukaryota,Metazoa,Hexapoda,Neoptera,Muscomorpha,Drosophilinae,Sophophora,,B4H1D2,Dper\GL22503Dper_GL22503,Drosophilapersimilis(Fruitfly),344,,XP_002024661.1;,B4H1D2;,
I4VKA1_9GAMM,Peptidase S54 rhomboid domain-containing protein,,Bacteria,Bacteria,Pseudomonadota,unclassifiedRhodanobacter,Lysobacterales,Rhodanobacteraceae,Rhodanobacter,,I4VKA1,UU5_18447,Rhodanobactersp.115,221,,WP_008216147.1;,I4VKA1;,
A0A0J8EQE6_BETVU,,,,,,,,,,,A0A0J8EQE6,,,,,,,
A3U8D7_CROAH,Rhomboid family protein,Peptidase S54 family,Bacteria,Bacteria,Bacteroidota,Flavobacteriia,Flavobacteriales,Flavobacteriaceae,Croceibacter,Croceibacteratlanticus,A3U8D7,CA2559_07075,Croceibacteratlanticus(strainATCCBAA-628/JCM21780/CIP108009/IAM15332/KCTC12090/HTCC2559),247,,WP_013187172.1;,A3U8D7;,
M7YMH8_TRIUA,NEDD8-specific protease 1,Peptidase S54 family,Eukaryota,Viridiplantae,Streptophytina,Petrosaviidae,Poales,Pooideae,Triticum,,M7YMH8,TRIUR3_12967,Triticumurartu(Redwildeinkorn)(Crithodiumurartu),592,,,M7YMH8;,
W5AW49_WHEAT,,,,,,,,,,,W5AW49,,,,,,,
A6QC04_SULNB,Peptidase S54 rhomboid domain-containing protein,,Bacteria,Bacteria,Campylobacterota,unclassifiedSulfurovum,Campylobacterales,Sulfurovaceae,Sulfurovum,,A6QC04,SUN_2072,Sulfurovumsp.(strainNBC37-1),192,,,A6QC04;,
B7KLH0_GLOC7,Rhomboid family protein,Peptidase S54 family,Bacteria,Bacillati,Cyanobacteriota,Oscillatoriophycideae,Chroococcales,Aphanothecaceae,Gloeothece,Gloeothececitriformis,B7KLH0,PCC7424_4172,Gloeothececitriformis(strainPCC7424)(Cyanothecesp.(strainPCC7424)),236,,WP_015956127.1;,B7KLH0;,
B2FJY3_STRMK,Rhomboid family transmembrane protein,Peptidase S54 family,Bacteria,Bacteria,Pseudomonadota,Gammaproteobacteria,Lysobacterales,Lysobacteraceae,Stenotrophomonas,Stenotrophomonasmaltophilia,B2FJY3,Smlt0422,Stenotrophomonasmaltophilia(strainK279a),230,,WP_005407784.1;,B2FJY3;,
Q7RGJ5_PLAYO,Rhomboid-like protease (EC 3.4.21.105),Peptidase S54 family,Eukaryota,Eukaryota,Apicomplexa,Aconoidasida,Haemosporida,Plasmodiidae,Plasmodium,Plasmodiumyoelii,Q7RGJ5,PY04351,Plasmodiumyoeliiyoelii,659,3.4.21.105,,Q7RGJ5;,
A0A0F5L7F0_9HYPH,Peptidase S54 rhomboid domain-containing protein,Peptidase S54 family,Bacteria,Bacteria,Pseudomonadota,Alphaproteobacteria,Hyphomicrobiales,Devosiaceae,Devosia,,A0A0F5L7F0,VW35_11930,Devosiasoli,227,,,A0A0F5L7F0;,
W5KQE5_ASTMX,,,,,,,,,,,W5KQE5,,,,,,,
J3L6P3_ORYBR,Peptidase S54 rhomboid domain-containing protein,Peptidase S54 family,Eukaryota,Viridiplantae,Streptophytina,Petrosaviidae,Poales,Oryzoideae,Oryza,,J3L6P3,,Oryzabrachyantha(malosina),273,,XP_015699273.1;,J3L6P3;,
A0A0A8ET29_9ACTN,Integral membrane protein,,Bacteria,Bacillati,Actinomycetota,unclassifiedStreptomyces,Kitasatosporales,Streptomycetaceae,Streptomyces,,A0A0A8ET29,GZL_06378,Streptomycessp.769,252,,,A0A0A8ET29;,
R6MTW2_9BACE,Peptidase S54 family,,Bacteria,Bacteria,Bacteroidota,unclassifiedBacteroides,Bacteroidales,Bacteroidaceae,Bacteroides,,R6MTW2,BN659_00479,Bacteroidessp.CAG:443,298,,,R6MTW2;,
D3EA58_GEOS4,Rhomboid family protein,Peptidase S54 family,Bacteria,Bacillati,Bacillota,unclassifiedPaenibacillus,Bacillales,Paenibacillaceae,Paenibacillus,,D3EA58,GYMC10_4602,Geobacillussp.(strainY412MC10),204,,WP_015736694.1;,D3EA58;,
D8RTW4_SELML,Peptidase S54 rhomboid domain-containing protein,Peptidase S54 family,Eukaryota,Viridiplantae,Streptophytina,Lycopodiopsida,Selaginellales,Selaginellaceae,Selaginella,,D8RTW4,SELMODRAFT_101862,Selaginellamoellendorffii(Spikemoss),272,,XP_002974581.1;,D8RTW4;,
A0A0N1DU42_9FLAO,Peptidase S54 rhomboid domain-containing protein,Peptidase S54 family,Bacteria,Bacteria,Bacteroidota,unclassifiedChryseobacterium,Flavobacteriales,Weeksellaceae,Chryseobacterium,,A0A0N1DU42,AMQ68_21240,Chryseobacteriumsp.ERMR1:04,243,,WP_054512576.1;,A0A0N1DU42;,
A0A0B5ETT8_STRA4,Peptidase S54 rhomboid domain-containing protein,Peptidase S54 family,Bacteria,Bacillati,Actinomycetota,Actinomycetes,Kitasatosporales,Streptomycetaceae,Streptomyces,Streptomycesalbussubsp.albus,A0A0B5ETT8,SLNWT_5872,Streptomycesalbus(strainATCC21838/DSM41398/FERMP-419/JCM4703/NBRC107858),305,,,A0A0B5ETT8;,
Q212L5_RHOPB,Rhomboid-like protein,,Bacteria,Bacteria,Pseudomonadota,Alphaproteobacteria,Hyphomicrobiales,Nitrobacteraceae,Rhodopseudomonas,Rhodopseudomonaspalustris,Q212L5,RPC_3129,Rhodopseudomonaspalustris(strainBisB18),276,,,Q212L5;,
F2AJ23_RHIET,,,,,,,,,,,F2AJ23,,,,,,,
A0A0M9YRK7_9ACTN,Rhomboid family protein,Peptidase S54 family,Bacteria,Bacillati,Actinomycetota,unclassifiedStreptomyces,Kitasatosporales,Streptomycetaceae,Streptomyces,,A0A0M9YRK7,ADK57_35885,Streptomycessp.MMG1533,295,,WP_053753866.1;,A0A0M9YRK7;,
I4VRY0_9GAMM,Peptidase S54 rhomboid domain-containing protein,,Bacteria,Bacteria,Pseudomonadota,Gammaproteobacteria,Lysobacterales,Rhodanobacteraceae,Rhodanobacter,Rhodanobacterspathiphylli,I4VRY0,UU7_16252,RhodanobacterspathiphylliB39,227,,WP_007810223.1;,I4VRY0;,
W5I757_WHEAT,,,,,,,,,,,W5I757,,,,,,,
A0A067BFL4_SAPPC,rhomboid protease (EC 3.4.21.105),Peptidase S54 family,Eukaryota,Eukaryota,Oomycota,,Saprolegniales,Saprolegniaceae,Saprolegnia,Saprolegniaparasitica,A0A067BFL4,SPRG_17604,Saprolegniaparasitica(strainCBS223.65),260,3.4.21.105,XP_012212353.1;,A0A067BFL4;,
H6BM04_EXODN,Rhomboid-type serine protease (EC 3.4.21.105),Peptidase S54 family,Eukaryota,Dikarya,Pezizomycotina,Chaetothyriomycetidae,Chaetothyriales,Herpotrichiellaceae,Exophiala,Exophialadermatitidis,H6BM04,HMPREF1120_01142,Exophialadermatitidis(strainATCC34100/CBS525.76/NIH/UT8656)(Blackyeast)(Wangielladermatitidis),524,3.4.21.105,XP_009153401.1;,H6BM04;,
A0A0D2VC31_GOSRA,RHOMBOID-like protein (EC 3.4.21.105),Peptidase S54 family,Eukaryota,Viridiplantae,Streptophytina,Magnoliopsida,Malvales,Malvoideae,Gossypium,,A0A0D2VC31,B456_013G107900,Gossypiumraimondii(Peruviancotton)(Gossypiumklotzschianumsubsp.raimondii),248,3.4.21.105,XP_012463544.1;,A0A0D2VC31;,
F2RD31_STRVP,Putative membrane protein,Peptidase S54 family,Bacteria,Bacillati,Actinomycetota,Actinomycetes,Kitasatosporales,Streptomycetaceae,Streptomyces,Streptomycesvenezuelae,F2RD31,SVEN_3641,Streptomycesvenezuelae(strainATCC10712/CBS650.69/DSM40230/JCM4526/NBRC13096/PD04745),294,,WP_015034842.1;,F2RD31;,
B1KL22_SHEWM,Rhomboid family protein,Peptidase S54 family,Bacteria,Bacteria,Pseudomonadota,Gammaproteobacteria,Alteromonadales,Shewanellaceae,Shewanella,Shewanellawoodyi,B1KL22,Swoo_0062,Shewanellawoodyi(strainATCC51908/MS32),278,,WP_012322712.1;,B1KL22;,
R5UY44_9BACE,,,,,,,,,,,R5UY44,,,,,,,
R6LEE5_9BACE,,,,,,,,,,,R6LEE5,,,,,,,
Q16V56_AEDAE,Putative rhomboid family,Peptidase S54 family,Eukaryota,Metazoa,Hexapoda,Neoptera,Culicomorpha,Culicinae,Stegomyia,,Q16V56,5572255,Aedesaegypti(Yellowfevermosquito)(Culexaegypti),375,,XP_001653937.1;,Q16V56;,
M0T982_MUSAM,,,,,,,,,,,M0T982,,,,,,,
A0ZLB4_NODSP,,,,,,,,,,,A0ZLB4,,,,,,,
C5YE36_SORBI,RHOMBOID-like protein (EC 3.4.21.105),Peptidase S54 family,Eukaryota,Viridiplantae,Streptophytina,Petrosaviidae,Poales,Panicoideae,Sorghum,,C5YE36,SORBI_3006G183400,Sorghumbicolor(Sorghum)(Sorghumvulgare),340,3.4.21.105,XP_002446954.1;,C5YE36;,
H2JWZ2_STRHJ,,,,,,,,,,,H2JWZ2,,,,,,,
K7IMR5_NASVI,,,,,,,,,,,K7IMR5,,,,,,,
H2LE13_ORYLA,Rhomboid-related protein 3 (EC 3.4.21.105),Peptidase S54 family,Eukaryota,Metazoa,Craniata,Teleostei,Adrianichthyoidei,Oryziinae,Oryzias,,H2LE13,rhbdl3,Oryziaslatipes(Japanesericefish)(Japanesekillifish),390,3.4.21.105,,H2LE13;,
H0DIX8_9STAP,,,,,,,,,,,H0DIX8,,,,,,,
L2FNQ0_COLFN,Rhomboid-type serine protease (EC 3.4.21.105),Peptidase S54 family,Eukaryota,Dikarya,Pezizomycotina,Hypocreomycetidae,Glomerellales,Glomerellaceae,Colletotrichum,Colletotrichumfructicola,L2FNQ0,CGGC5_11562CGGC5_v003695,Colletotrichumfructicola(strainNaragc5)(Anthracnosefungus)(Colletotrichumgloeosporioides(strainNaragc5)),606,3.4.21.105,XP_007283297.1;,L2FNQ0;,
A0A0M9YRH0_9ACTN,Membrane protein,,Bacteria,Bacillati,Actinomycetota,unclassifiedStreptomyces,Kitasatosporales,Streptomycetaceae,Streptomyces,,A0A0M9YRH0,ADK57_36915,Streptomycessp.MMG1533,247,,WP_053754036.1;,A0A0M9YRH0;,
A0A0N5E0H8_TRIMR,,,,,,,,,,,A0A0N5E0H8,,,,,,,
B2J732_NOSP7,Rhomboid family protein,Peptidase S54 family,Bacteria,Bacillati,Cyanobacteriota,Cyanophyceae,Nostocales,Nostocaceae,Nostoc,Nostocpunctiforme,B2J732,Npun_R0461,Nostocpunctiforme(strainATCC29133/PCC73102),239,,WP_012407266.1;,B2J732;,
A0A0M8UXQ5_9ACTN,Rhomboid family protein,Peptidase S54 family,Bacteria,Bacillati,Actinomycetota,unclassifiedStreptomyces,Kitasatosporales,Streptomycetaceae,Streptomyces,,A0A0M8UXQ5,ADL00_44830,Streptomycessp.AS58,308,,,A0A0M8UXQ5;,
A0A094A1S9_9PEZI,Rhomboid-type serine protease (EC 3.4.21.105),Peptidase S54 family,Eukaryota,Dikarya,Pezizomycotina,unclassifiedPseudogymnoascus,Thelebolales,Thelebolaceae,Pseudogymnoascus,,A0A094A1S9,O988_07508,Pseudogymnoascussp.VKMF-3808,562,3.4.21.105,,A0A094A1S9;,
A0A095ZII0_9BACT,Protease,,Bacteria,Bacteria,Bacteroidota,Bacteroidia,Bacteroidales,Prevotellaceae,Hoylesella,Hoylesellabuccalis,A0A095ZII0,HMPREF2137_07205,HoylesellabuccalisDNF00853,304,,WP_036873042.1;,A0A095ZII0;,
D4LW39_9FIRM,Uncharacterized membrane protein (Homolog of Drosophila rhomboid),Peptidase S54 family,Bacteria,Bacillati,Bacillota,Clostridia,Lachnospirales,Lachnospiraceae,Blautia,Blautiaobeum,D4LW39,CK5_02110,BlautiaobeumA2-162,200,,,D4LW39;,
A8GYP6_SHEPA,Rhomboid family protein,Peptidase S54 family,Bacteria,Bacteria,Pseudomonadota,Gammaproteobacteria,Alteromonadales,Shewanellaceae,Shewanella,Shewanellapealeana,A8GYP6,Spea_0104,Shewanellapealeana(strainATCC700345/ANG-SQ1),279,,WP_012153379.1;,A8GYP6;,
A0A0D3EH34_BRAOL,RHOMBOID-like protein (EC 3.4.21.105),Peptidase S54 family,Eukaryota,Viridiplantae,Streptophytina,Magnoliopsida,Brassicales,Brassicaceae,Brassica,Brassicaoleracea,A0A0D3EH34,,Brassicaoleraceavar.oleracea,340,3.4.21.105,XP_013608738.1;,A0A0D3EH34;,
M3ZX77_XIPMA,Rhomboid-related protein 3 (EC 3.4.21.105),Peptidase S54 family,Eukaryota,Metazoa,Craniata,Teleostei,Cyprinodontoidei,Poeciliinae,Xiphophorus,,M3ZX77,,Xiphophorusmaculatus(Southernplatyfish)(Platypoecilusmaculatus),404,3.4.21.105,,M3ZX77;,
V4M575_EUTSA,RHOMBOID-like protein (EC 3.4.21.105),Peptidase S54 family,Eukaryota,Viridiplantae,Streptophytina,Magnoliopsida,Brassicales,Brassicaceae,Eutrema,,V4M575,EUTSA_v10016796mg,Eutremasalsugineum(Saltwatercress)(Sisymbriumsalsugineum),382,3.4.21.105,XP_006409946.1;,V4M575;,
A0A0B1ZEH4_9ACTN,,,,,,,,,,,A0A0B1ZEH4,,,,,,,
B0W645_CULQU,Rhomboid-like protein,Peptidase S54 family,Eukaryota,Metazoa,Hexapoda,Neoptera,Culicomorpha,Culicinae,Culex,,B0W645,6033773CpipJ_CPIJ002510,Culexquinquefasciatus(Southernhousemosquito)(Culexpungens),372,,XP_001844179.1;,B0W645;,
G9NFE1_HYPAI,Rhomboid-type serine protease (EC 3.4.21.105),Peptidase S54 family,Eukaryota,Dikarya,Pezizomycotina,Hypocreomycetidae,Hypocreales,Hypocreaceae,Trichoderma,Hypocreaatroviridis,G9NFE1,TRIATDRAFT_52595,Hypocreaatroviridis(strainATCC20476/IMI206040)(Trichodermaatroviride),510,3.4.21.105,XP_013948817.1;,G9NFE1;,
A0A0F4JWT1_9ACTN,,,,,,,,,,,A0A0F4JWT1,,,,,,,
E7NNK6_YEASO,,,,,,,,,,,E7NNK6,,,,,,,
K9R7P1_9CYAN,Putative membrane protein,,Bacteria,Bacillati,Cyanobacteriota,unclassifiedRivularia,Nostocales,Rivulariaceae,Rivularia,,K9R7P1,Riv7116_0757,Rivulariasp.PCC7116,232,,WP_015116922.1;,K9R7P1;,
B8H7E1_PSECP,Rhomboid family protein,Peptidase S54 family,Bacteria,Bacillati,Actinomycetota,Actinomycetes,Micrococcales,Micrococcaceae,Pseudarthrobacter,Pseudarthrobacterchlorophenolicus,B8H7E1,Achl_0014,Pseudarthrobacterchlorophenolicus(strainATCC700700/DSM12829/CIP107037/JCM12360/KCTC9906/NCIMB13794/A6)(Arthrobacterchlorophenolicus),292,,WP_012630753.1;,B8H7E1;,
A0A0Q9XGL2_DROMO,"Uncharacterized protein, isoform B (EC 3.4.21.-)",Peptidase S54 family,Eukaryota,Metazoa,Hexapoda,Neoptera,Muscomorpha,Drosophilinae,Drosophila,mojavensisspeciescomplex,A0A0Q9XGL2,Dmoj\GI16665Dmoj_GI16665,Drosophilamojavensis(Fruitfly),312,3.4.21.-,XP_015015808.1;,A0A0Q9XGL2;,
I1MDP8_SOYBN,,,,,,,,,,,I1MDP8,,,,,,,
A0A078DIN9_BRANA,,,,,,,,,,,A0A078DIN9,,,,,,,
A0A0D2TZ12_GOSRA,RHOMBOID-like protein (EC 3.4.21.105),Peptidase S54 family,Eukaryota,Viridiplantae,Streptophytina,Magnoliopsida,Malvales,Malvoideae,Gossypium,,A0A0D2TZ12,B456_013G107900,Gossypiumraimondii(Peruviancotton)(Gossypiumklotzschianumsubsp.raimondii),246,3.4.21.105,,A0A0D2TZ12;,
B4FMX3_MAIZE,RHOMBOID-like protein (EC 3.4.21.105),Peptidase S54 family,Eukaryota,Viridiplantae,Streptophytina,Petrosaviidae,Poales,Panicoideae,Zea,,B4FMX3,LOC100272312ZEAMMB73_Zm00001d002632,Zeamays(Maize),340,3.4.21.105,NP_001140268.1;,,
A0A061EII6_THECC,RHOMBOID-like protein 13 isoform 1,Peptidase S54 family,Eukaryota,Viridiplantae,Streptophytina,Magnoliopsida,Malvales,Byttnerioideae,Theobroma,,A0A061EII6,TCM_020004,Theobromacacao(Cacao)(Cocoa),269,,,A0A061EII6;,
A0A0M8QHJ2_9ACTN,Rhomboid family protein,Peptidase S54 family,Bacteria,Bacillati,Actinomycetota,Actinomycetes,Kitasatosporales,Streptomycetaceae,Streptomyces,,A0A0M8QHJ2,ADK41_29155,Streptomycescaelestis,297,,WP_030820061.1;,A0A0M8QHJ2;,
W5QFF2_SHEEP,rhomboid protease (EC 3.4.21.105),Peptidase S54 family,Eukaryota,Metazoa,Craniata,Mammalia,Pecora,Caprinae,Ovis,,W5QFF2,RHBDL2,Ovisaries(Sheep),337,3.4.21.105,,W5QFF2;,
K9VER9_9CYAN,"Peptidase S54, rhomboid domain protein",Peptidase S54 family,Bacteria,Bacillati,Cyanobacteriota,Oscillatoriophycideae,Oscillatoriales,Oscillatoriaceae,Oscillatoria,Oscillatorianigro-viridis,K9VER9,Osc7112_1973,Oscillatorianigro-viridisPCC7112,234,,WP_015175762.1;,K9VER9;,
W4FVH6_APHAT,rhomboid protease (EC 3.4.21.105),Peptidase S54 family,Eukaryota,Eukaryota,Oomycota,,Saprolegniales,Saprolegniaceae,Aphanomyces,,W4FVH6,H257_13364,Aphanomycesastaci(Crayfishplagueagent),367,3.4.21.105,XP_009839164.1;,W4FVH6;,
C7H3B4_FAED2,"Peptidase, S54 family (EC 3.4.21.-)",,Bacteria,Bacillati,Bacillota,Clostridia,Eubacteriales,Oscillospiraceae,Faecalibacterium,,C7H3B4,FAEPRAA2165_00773,Faecalibacteriumduncaniae(strainDSM17677/JCM31915/A2-165)(Faecalibacteriumprausnitzii),196,3.4.21.-,WP_005930504.1;,C7H3B4;,
G2P9R0_STRV4,Rhomboid family protein,Peptidase S54 family,Bacteria,Bacillati,Actinomycetota,Actinomycetes,Kitasatosporales,Streptomycetaceae,Streptomyces,Streptomycesviolaceusniger,G2P9R0,Strvi_0266,Streptomycesviolaceusniger(strainTu4113),294,,WP_014053578.1;,G2P9R0;,
H9EXU7_MACMU,Rhomboid domain containing 3 (Rhomboid domain-containing protein 3),,Eukaryota,Metazoa,Craniata,Mammalia,Catarrhini,Cercopithecinae,Macaca,,H9EXU7,RHBDD3,Macacamulatta(Rhesusmacaque),386,,NP_001181231.1;XP_015005482.1;XP_015005483.1;XP_015005484.1;,,
A0A0D3BTY7_BRAOL,RHOMBOID-like protein (EC 3.4.21.105),Peptidase S54 family,Eukaryota,Viridiplantae,Streptophytina,Magnoliopsida,Brassicales,Brassicaceae,Brassica,Brassicaoleracea,A0A0D3BTY7,,Brassicaoleraceavar.oleracea,380,3.4.21.105,XP_013633714.1;,A0A0D3BTY7;,
H0XSE4_OTOGA,Rhomboid-related protein 1 (EC 3.4.21.105),Peptidase S54 family,Eukaryota,Metazoa,Craniata,Mammalia,Lorisiformes,Galagidae,Otolemur,,H0XSE4,RHBDL1,Otolemurgarnettii(Small-earedgalago)(Garnett'sgreaterbushbaby),361,3.4.21.105,,H0XSE4;,
D2TLL5_CITRI,Rhomboid protease GlpG,Peptidase S54 family,Bacteria,Bacteria,Pseudomonadota,Gammaproteobacteria,Enterobacterales,Enterobacteriaceae,Citrobacter,Citrobacterrodentium,D2TLL5,glpGROD_44001,Citrobacterrodentium(strainICC168)(Citrobacterfreundiibiotype4280),276,3.4.21.105,WP_012908331.1;,D2TLL5;,
A0A0F5HV75_BACTR,GlpG protein (Membrane protein of glp regulon),Peptidase S54 family,Bacteria,Bacillati,Bacillota,Bacilli,Bacillales,Bacillaceae,Bacillus,,A0A0F5HV75,QY95_03024,Bacillusthermotolerans(Quasibacillusthermotolerans),390,,WP_039233815.1;,A0A0F5HV75;,
H2TDY3_TAKRU,,,,,,,,,,,H2TDY3,,,,,,,
K9QCL6_9NOSO,Rhomboid family protein,Peptidase S54 family,Bacteria,Bacillati,Cyanobacteriota,unclassifiedNostoc,Nostocales,Nostocaceae,Nostoc,,K9QCL6,Nos7107_2284,Nostocsp.PCC7107,225,,WP_015113111.1;,K9QCL6;,
A0A024TBS4_9STRA,rhomboid protease (EC 3.4.21.105),Peptidase S54 family,Eukaryota,Eukaryota,Oomycota,,Saprolegniales,Saprolegniaceae,Aphanomyces,,A0A024TBS4,H310_14466,Aphanomycesinvadans,359,3.4.21.105,XP_008880554.1;,A0A024TBS4;,
G1TB42_RABIT,rhomboid protease (EC 3.4.21.105),Peptidase S54 family,Eukaryota,Metazoa,Craniata,Mammalia,Lagomorpha,Leporidae,Oryctolagus,,G1TB42,RHBDL2,Oryctolaguscuniculus(Rabbit),403,3.4.21.105,,G1TB42;,
A0A096RGA6_MAIZE,,,,,,,,,,,A0A096RGA6,,,,,,,
A0A084WCT1_ANOSI,Rhomboid-like protein,Peptidase S54 family,Eukaryota,Metazoa,Hexapoda,Neoptera,Culicomorpha,Anophelinae,Anopheles,,A0A084WCT1,ZHAS_00016143,Anophelessinensis(Mosquito),251,,,A0A084WCT1;,
R6F064_9BACT,Peptidase S54 family,Peptidase S54 family,Bacteria,Bacteria,Bacteroidota,unclassifiedPrevotella,Bacteroidales,Prevotellaceae,Prevotella,,R6F064,BN691_00349,Prevotellasp.CAG:520,308,,,R6F064;,
W4KNX7_HETIT,Rhomboid-type serine protease (EC 3.4.21.105),Peptidase S54 family,Eukaryota,Dikarya,Agaricomycotina,Agaricomycetes,Russulales,Bondarzewiaceae,Heterobasidion,Heterobasidionirregulare,W4KNX7,sps54HETIRDRAFT_307583,Heterobasidionirregulare(strainTC32-1),406,3.4.21.105,XP_009541305.1;,W4KNX7;,
I1KUK6_SOYBN,Peptidase S54 rhomboid domain-containing protein,Peptidase S54 family,Eukaryota,Viridiplantae,Streptophytina,Magnoliopsida,Fabales,Papilionoideae,Glycinesubgen.Soja,,I1KUK6,GLYMA_08G185300,Glycinemax(Soybean)(Glycinehispida),342,,,I1KUK6;,
A0A0A8E3S5_9XANT,,,,,,,,,,,A0A0A8E3S5,,,,,,,
A0A0J8BVS3_BETVU,,,,,,,,,,,A0A0J8BVS3,,,,,,,
A0A0L0GMR9_9ENTR,Rhomboid protease GlpG,Peptidase S54 family,Bacteria,Bacteria,Pseudomonadota,Gammaproteobacteria,Enterobacterales,Enterobacteriaceae,Trabulsiella,,A0A0L0GMR9,glpGGM31_05190,Trabulsiellaodontotermitis,276,3.4.21.105,WP_049857815.1;,A0A0L0GMR9;,
A1WYM1_HALHL,Rhomboid family protein,,Bacteria,Bacteria,Pseudomonadota,Gammaproteobacteria,Chromatiales,Ectothiorhodospiraceae,Halorhodospira,Halorhodospirahalophila,A1WYM1,Hhal_2019,Halorhodospirahalophila(strainDSM244/SL1)(Ectothiorhodospirahalophila(strainDSM244/SL1)),226,,WP_011814805.1;,A1WYM1;,
J9BL60_WUCBA,Rhomboid family protein,Peptidase S54 family,Eukaryota,Metazoa,Nematoda,Chromadorea,Spiruromorpha,Onchocercidae,Wuchereria,,J9BL60,WUBG_00862,Wuchereriabancrofti,368,,,J9BL60;,
W0HSI0_9GAMM,Rhomboid protease GlpG,Peptidase S54 family,Bacteria,Bacteria,Pseudomonadota,Gammaproteobacteria,Enterobacterales,Bruguierivoracaceae,Sodalis,,W0HSI0,glpGSant_0357,Sodalispraecaptivus,282,3.4.21.105,WP_025420613.1;,W0HSI0;,
I2G302_USTHO,Rhomboid-type serine protease (EC 3.4.21.105),Peptidase S54 family,Eukaryota,Dikarya,Ustilaginomycotina,Ustilaginomycetes,Ustilaginales,Ustilaginaceae,Ustilago,,I2G302,UHOR_02433,Ustilagohordei(Barleycoveredsmutfungus),603,3.4.21.105,,I2G302;,
M4DGM4_BRACM,RHOMBOID-like protein (EC 3.4.21.105),Peptidase S54 family,Eukaryota,Viridiplantae,Streptophytina,Magnoliopsida,Brassicales,Brassicaceae,Brassica,,M4DGM4,,Brassicacampestris(Fieldmustard),386,3.4.21.105,XP_009106429.1;XP_009106430.1;XP_009106431.1;XP_018508606.1;,M4DGM4;,
W5FB32_WHEAT,,,,,,,,,,,W5FB32,,,,,,,
A0A0M2MTN3_9ACTN,,,,,,,,,,,A0A0M2MTN3,,,,,,,
A0A078CJH0_BRANA,,,,,,,,,,,A0A078CJH0,,,,,,,
M0YBN8_HORVV,,,,,,,,,,,M0YBN8,,,,,,,
A0A0E0BMG0_9ORYZ,RHOMBOID-like protein (EC 3.4.21.105),Peptidase S54 family,Eukaryota,Viridiplantae,Streptophytina,Petrosaviidae,Poales,Oryzoideae,Oryza,,A0A0E0BMG0,,Oryzaglumipatula,374,3.4.21.105,,A0A0E0BMG0;,
A0A096MWV9_PAPAN,Rhomboid domain containing 3,,Eukaryota,Metazoa,Craniata,Mammalia,Catarrhini,Cercopithecinae,Papio,,A0A096MWV9,RHBDD3,Papioanubis(Olivebaboon),386,,XP_003905434.1;XP_009215286.1;XP_009215287.1;XP_009215290.1;XP_009215291.1;,A0A096MWV9;,
H2K3T1_STRHJ,,,,,,,,,,,H2K3T1,,,,,,,
B4LCW9_DROVI,Rhomboid (EC 3.4.21.-),Peptidase S54 family,Eukaryota,Metazoa,Hexapoda,Neoptera,Muscomorpha,Drosophilinae,Drosophila,,B4LCW9,Dvir\rhoDvir_GJ12920,Drosophilavirilis(Fruitfly),401,3.4.21.-,XP_002046488.1;,B4LCW9;,
A0A0M2Z712_9ACTN,,,,,,,,,,,A0A0M2Z712,,,,,,,
W5FHJ0_WHEAT,,,,,,,,,,,W5FHJ0,,,,,,,
B9SZJ8_RICCO,"KOM, putative",Peptidase S54 family,Eukaryota,Viridiplantae,Streptophytina,Magnoliopsida,Malpighiales,Acalyphoideae,Ricinus,,B9SZJ8,RCOM_0065580,Ricinuscommunis(Castorbean),340,,XP_002531417.1;,B9SZJ8;,
A0A0J7YXP7_STRVR,Rhomboid family protein,Peptidase S54 family,Bacteria,Bacillati,Actinomycetota,Actinomycetes,Kitasatosporales,Streptomycetaceae,Streptomyces,,A0A0J7YXP7,ACM01_41140,Streptomycesviridochromogenes,294,,WP_048586615.1;,A0A0J7YXP7;,
F2EBV9_HORVV,Predicted protein,Peptidase S54 family,Eukaryota,Viridiplantae,Streptophytina,Petrosaviidae,Poales,Pooideae,Hordeum,Hordeumvulgare,F2EBV9,LOC123440614,Hordeumvulgaresubsp.vulgare(Domesticatedbarley),274,,,,
J2JFV7_FLASC,Putative membrane protein,Peptidase S54 family,Bacteria,Bacteria,Bacteroidota,unclassifiedFlavobacterium,Flavobacteriales,Flavobacteriaceae,Flavobacterium,,J2JFV7,PMI10_00449,Flavobacteriumsp.(strainCF136),249,,WP_007804017.1;,J2JFV7;,
A0A0B5D9I6_9ACTN,Rhomboid family intramembrane serine protease (Rhomboid family protein),Peptidase S54 family,Bacteria,Bacillati,Actinomycetota,Actinomycetes,Kitasatosporales,Streptomycetaceae,Streptomyces,,A0A0B5D9I6,CP978_09765SNOD_09420,Streptomycesnodosus,302,,WP_043439478.1;,A0A0B5D9I6;,
D7KGF7_ARALL,Rhomboid family protein,Peptidase S54 family,Eukaryota,Viridiplantae,Streptophytina,Magnoliopsida,Brassicales,Brassicaceae,Arabidopsis,Arabidopsislyrata,D7KGF7,ARALYDRAFT_472080,Arabidopsislyratasubsp.lyrata(Lyre-leavedrock-cress),336,,XP_002890288.1;,D7KGF7;,
M3BA14_PSEFD,Rhomboid-type serine protease (EC 3.4.21.105),Peptidase S54 family,Eukaryota,Dikarya,Pezizomycotina,Dothideomycetidae,Mycosphaerellales,Mycosphaerellaceae,Pseudocercospora,Pseudocercosporafijiensis,M3BA14,MYCFIDRAFT_202408,Pseudocercosporafijiensis(strainCIRAD86)(Blackleafstreakdiseasefungus)(Mycosphaerellafijiensis),514,3.4.21.105,XP_007923541.1;,M3BA14;,
A0A084QGY4_STAC4,Rhomboid-type serine protease (EC 3.4.21.105),Peptidase S54 family,Eukaryota,Dikarya,Pezizomycotina,Hypocreomycetidae,Hypocreales,Stachybotryaceae,Stachybotrys,Stachybotryschlorohalonatus,A0A084QGY4,S40285_04922,Stachybotryschlorohalonatus(strainIBT40285),511,3.4.21.105,,A0A084QGY4;,
V5ER64_KALBG,Rhomboid-type serine protease (EC 3.4.21.105),Peptidase S54 family,Eukaryota,Dikarya,Ustilaginomycotina,Ustilaginomycetes,Ustilaginales,Ustilaginaceae,Kalmanozyma,Kalmanozymabrasiliensis,V5ER64,PSEUBRA_SCAF2g02710,Kalmanozymabrasiliensis(strainGHG001)(Yeast)(Pseudozymabrasiliensis),598,3.4.21.105,XP_016292594.1;,V5ER64;,
B9GZF8_POPTR,,,,,,,,,,,B9GZF8,,,,,,,
B4L8W6_DROMO,"Uncharacterized protein, isoform A (EC 3.4.21.-)",Peptidase S54 family,Eukaryota,Metazoa,Hexapoda,Neoptera,Muscomorpha,Drosophilinae,Drosophila,mojavensisspeciescomplex,B4L8W6,Dmoj\GI16665Dmoj_GI16665,Drosophilamojavensis(Fruitfly),311,3.4.21.-,XP_002012010.1;,B4L8W6;,
A0A078IQ19_BRANA,(rape) hypothetical protein (BnaC03g75680D protein),Peptidase S54 family,Eukaryota,Viridiplantae,Streptophytina,Magnoliopsida,Brassicales,Brassicaceae,Brassica,,A0A078IQ19,BnaC03g75680DDARMORV10_C03P73090.1GSBRNA2T00004675001,Brassicanapus(Rape),338,,,A0A078IQ19;,
J3MY21_ORYBR,Peptidase S54 rhomboid domain-containing protein,Peptidase S54 family,Eukaryota,Viridiplantae,Streptophytina,Petrosaviidae,Poales,Oryzoideae,Oryza,,J3MY21,,Oryzabrachyantha(malosina),345,,XP_015696563.1;,J3MY21;,
B7K6U8_GLOC7,Rhomboid family protein,Peptidase S54 family,Bacteria,Bacillati,Cyanobacteriota,Oscillatoriophycideae,Chroococcales,Aphanothecaceae,Gloeothece,Gloeothececitriformis,B7K6U8,PCC7424_4278,Gloeothececitriformis(strainPCC7424)(Cyanothecesp.(strainPCC7424)),234,,WP_015956232.1;,B7K6U8;,
A0A067FTW7_CITSI,UBA domain-containing protein,Peptidase S54 family,Eukaryota,Viridiplantae,Streptophytina,Magnoliopsida,Sapindales,Aurantioideae,Citrus,,A0A067FTW7,CISIN_1g015601mg,Citrussinensis(Sweetorange)(Citrusaurantiumvar.sinensis),404,,,A0A067FTW7;,
A0A0D3D1G0_BRAOL,RHOMBOID-like protein (EC 3.4.21.105),Peptidase S54 family,Eukaryota,Viridiplantae,Streptophytina,Magnoliopsida,Brassicales,Brassicaceae,Brassica,Brassicaoleracea,A0A0D3D1G0,,Brassicaoleraceavar.oleracea,388,3.4.21.105,XP_013590633.1;XP_013590634.1;XP_013590635.1;,A0A0D3D1G0;,
K9PCQ1_9CYAN,"Peptidase S54, rhomboid domain protein",Peptidase S54 family,Bacteria,Bacillati,Cyanobacteriota,unclassifiedCalothrix,Nostocales,Calotrichaceae,Calothrix,,K9PCQ1,Cal7507_0020,Calothrixsp.PCC7507,224,,WP_015126362.1;,K9PCQ1;,
A0A094D7H4_9PEZI,Rhomboid-type serine protease (EC 3.4.21.105),Peptidase S54 family,Eukaryota,Dikarya,Pezizomycotina,unclassifiedPseudogymnoascus,Thelebolales,Thelebolaceae,Pseudogymnoascus,,A0A094D7H4,V493_01673,Pseudogymnoascussp.VKMF-4281(FW-2241),512,3.4.21.105,,A0A094D7H4;,
E2R6X6_CANLF,,,,,,,,,,,E2R6X6,,,,,,,
M0URB7_HORVV,,,,,,,,,,,M0URB7,,,,,,,
W0HCJ9_PSECI,,,,,,,,,,,W0HCJ9,,,,,,,
H2TDY0_TAKRU,Rhomboid-related protein 2 (EC 3.4.21.105),Peptidase S54 family,Eukaryota,Metazoa,Craniata,Teleostei,Tetraodontoidei,Tetraodontidae,Takifugu,,H2TDY0,rhbdl2,Takifugurubripes(Japanesepufferfish)(Fugurubripes),298,3.4.21.105,,H2TDY0;,
M5VNR2_PRUPE,Peptidase S54 rhomboid domain-containing protein,Peptidase S54 family,Eukaryota,Viridiplantae,Streptophytina,Magnoliopsida,Rosales,Amygdaloideae,Prunus,,M5VNR2,PRUPE_8G006500,Prunuspersica(Peach)(Amygdaluspersica),269,,XP_007201322.1;,M5VNR2;,
Q7CSV4_AGRFC,Peptidase S54 rhomboid domain-containing protein,Peptidase S54 family,Bacteria,Bacteria,Pseudomonadota,Alphaproteobacteria,Hyphomicrobiales,Rhizobiaceae,Agrobacterium,Agrobacteriumfabrum,Q7CSV4,Atu3594,Agrobacteriumfabrum(strainC58/ATCC33970)(Agrobacteriumtumefaciens(strainC58)),257,,NP_357018.2;WP_010973171.1;,Q7CSV4;,
A0A0K0DU02_STRER,EF-hand domain-containing protein (Rhomboid protease),Peptidase S54 family,Eukaryota,Metazoa,Nematoda,Chromadorea,Panagrolaimomorpha,Strongyloididae,Strongyloides,,A0A0K0DU02,,Strongyloidesstercoralis(Threadworm),358,,,A0A0K0DU02;,
A0A384KJ42_PLAKH,Rhomboid-like protease (EC 3.4.21.105),Peptidase S54 family,Eukaryota,Eukaryota,Apicomplexa,Aconoidasida,Haemosporida,Plasmodiidae,Plasmodium,Plasmodiumknowlesi,A0A384KJ42,PKNH_1026700,Plasmodiumknowlesi(strainH),664,3.4.21.105,XP_002259747.1;,A0A384KJ42;,
A0A067R7E3_ZOONE,Protein rhomboid,Peptidase S54 family,Eukaryota,Metazoa,Hexapoda,Neoptera,Blattodea,Termopsinae,Zootermopsis,,A0A067R7E3,L798_06888,Zootermopsisnevadensis(Dampwoodtermite),352,,,A0A067R7E3;,
E4PFD3_MARAH,Integral membrane protein,Peptidase S54 family,Bacteria,Bacteria,Pseudomonadota,Gammaproteobacteria,Pseudomonadales,Marinobacteraceae,Marinobacter,Marinobacteradhaerens,E4PFD3,HP15_3440,Marinobacteradhaerens(strainDSM23420/HP15),482,,WP_014578617.1;,E4PFD3;,
M3CN63_SPHMS,Rhomboid-type serine protease (EC 3.4.21.105),Peptidase S54 family,Eukaryota,Dikarya,Pezizomycotina,Dothideomycetidae,Mycosphaerellales,Mycosphaerellaceae,Sphaerulina,Sphaerulinamusiva,M3CN63,SEPMUDRAFT_147163,Sphaerulinamusiva(strainSO2202)(Poplarstemcankerfungus)(Septoriamusiva),503,3.4.21.105,XP_016763354.1;,M3CN63;,
A0A0N4TWG1_BRUPA,Rhomboid protease,Peptidase S54 family,Eukaryota,Metazoa,Nematoda,Chromadorea,Spiruromorpha,Onchocercidae,Brugia,,A0A0N4TWG1,BPAG_LOCUS13201,Brugiapahangi(Filarialnematodeworm),377,,,,
S8CRP4_9LAMI,RHOMBOID-like protein (EC 3.4.21.105),Peptidase S54 family,Eukaryota,Viridiplantae,Streptophytina,Magnoliopsida,Lamiales,Lentibulariaceae,Genlisea,,S8CRP4,M569_04872,Genliseaaurea,302,3.4.21.105,,S8CRP4;,
E9IIC4_SOLIN,,,,,,,,,,,E9IIC4,,,,,,,
B4FU25_MAIZE,RHOMBOID-like protein (EC 3.4.21.105),Peptidase S54 family,Eukaryota,Viridiplantae,Streptophytina,Petrosaviidae,Poales,Panicoideae,Zea,,B4FU25,LOC100191668ZEAMMB73_Zm00001d006179,Zeamays(Maize),327,3.4.21.105,,,
C6X3A3_FLAB3,Rhomboid family protein,Peptidase S54 family,Bacteria,Bacteria,Bacteroidota,unclassifiedFlavobacteriaceae,Flavobacteriales,Flavobacteriaceae,,,C6X3A3,FIC_02483,Flavobacteriaceaebacterium(strain3519-10),243,,,C6X3A3;,
W9Y5Z6_9EURO,Rhomboid-type serine protease (EC 3.4.21.105),Peptidase S54 family,Eukaryota,Dikarya,Pezizomycotina,Chaetothyriomycetidae,Chaetothyriales,Herpotrichiellaceae,Capronia,Caproniaepimyces,W9Y5Z6,A1O3_05321,CaproniaepimycesCBS606.96,531,3.4.21.105,XP_007733636.1;,W9Y5Z6;,
K9UZA9_9CYAN,"Peptidase S54, rhomboid domain protein",,Bacteria,Bacillati,Cyanobacteriota,unclassifiedCalothrix,Nostocales,Calotrichaceae,Calothrix,,K9UZA9,Cal6303_1259,Calothrixsp.PCC6303,223,,WP_015196971.1;,K9UZA9;,
E6ZX96_SPORE,Rhomboid-type serine protease (EC 3.4.21.105),Peptidase S54 family,Eukaryota,Dikarya,Ustilaginomycotina,Ustilaginomycetes,Ustilaginales,Ustilaginaceae,Sporisorium,Sporisoriumreilianum,E6ZX96,sr12709,Sporisoriumreilianum(strainSRZ2)(Maizeheadsmutfungus),600,3.4.21.105,,E6ZX96;,
R5CFV3_9BACE,,,,,,,,,,,R5CFV3,,,,,,,
H1VBL0_COLHI,Rhomboid-type serine protease (EC 3.4.21.105),Peptidase S54 family,Eukaryota,Dikarya,Pezizomycotina,Hypocreomycetidae,Glomerellales,Glomerellaceae,Colletotrichum,Colletotrichumhigginsianum,H1VBL0,CH063_01732CH63R_04435,Colletotrichumhigginsianum(strainIMI349063)(Cruciferanthracnosefungus),572,3.4.21.105,XP_018160656.1;,,
I1LDT9_SOYBN,RHOMBOID-like protein (EC 3.4.21.105),Peptidase S54 family,Eukaryota,Viridiplantae,Streptophytina,Magnoliopsida,Fabales,Papilionoideae,Glycinesubgen.Soja,,I1LDT9,GLYMA_10G238200,Glycinemax(Soybean)(Glycinehispida),330,3.4.21.105,XP_006589560.1;,,
A0A0D2MPP4_GOSRA,RHOMBOID-like protein (EC 3.4.21.105),Peptidase S54 family,Eukaryota,Viridiplantae,Streptophytina,Magnoliopsida,Malvales,Malvoideae,Gossypium,,A0A0D2MPP4,B456_003G161200,Gossypiumraimondii(Peruviancotton)(Gossypiumklotzschianumsubsp.raimondii),292,3.4.21.105,,A0A0D2MPP4;,
A0A094CBN5_9PEZI,Rhomboid-type serine protease (EC 3.4.21.105),Peptidase S54 family,Eukaryota,Dikarya,Pezizomycotina,unclassifiedPseudogymnoascus,Thelebolales,Thelebolaceae,Pseudogymnoascus,,A0A094CBN5,V496_10137,Pseudogymnoascussp.VKMF-4515(FW-2607),501,3.4.21.105,,A0A094CBN5;,
A0A0N0ZUH7_CHRID,Peptidase S54 rhomboid domain-containing protein,Peptidase S54 family,Bacteria,Bacteria,Bacteroidota,Flavobacteriia,Flavobacteriales,Weeksellaceae,Chryseobacterium,,A0A0N0ZUH7,AOB46_13865,Chryseobacteriumindologenes(Flavobacteriumindologenes),242,,WP_062700353.1;,A0A0N0ZUH7;,
A0A0M8XXY9_9ACTN,Peptidase,,Bacteria,Bacillati,Actinomycetota,unclassifiedNocardiopsis,Streptosporangiales,Nocardiopsidaceae,Nocardiopsis,,A0A0M8XXY9,ADL05_17500,Nocardiopsissp.NRRLB-16309,190,,,A0A0M8XXY9;,
A0A0D9Y372_9ORYZ,RHOMBOID-like protein (EC 3.4.21.105),Peptidase S54 family,Eukaryota,Viridiplantae,Streptophytina,Petrosaviidae,Poales,Oryzoideae,Oryza,,A0A0D9Y372,,Oryzaglumipatula,427,3.4.21.105,,A0A0D9Y372;,
M1AH71_SOLTU,RHOMBOID-like protein (EC 3.4.21.105),Peptidase S54 family,Eukaryota,Viridiplantae,Streptophytina,Magnoliopsida,Solanales,Solanoideae,Solanum,,M1AH71,LOC102601550,Solanumtuberosum(Potato),386,3.4.21.105,XP_006341018.1;,M1AH71;,
F7HTX1_CALJA,,,,,,,,,,,F7HTX1,,,,,,,
L8F1K8_STRR1,Rhomboid family intramembrane serine protease,Peptidase S54 family,Bacteria,Bacillati,Actinomycetota,Actinomycetes,Kitasatosporales,Streptomycetaceae,Streptomyces,Streptomycesrimosussubsp.rimosus,L8F1K8,SRIM_021035,Streptomycesrimosussubsp.rimosus(strainATCC10970/DSM40260/JCM4667/NRRL2234),303,,WP_003978851.1;,L8F1K8;,
B4LCW4_DROVI,Peptidase S54 rhomboid domain-containing protein,Peptidase S54 family,Eukaryota,Metazoa,Hexapoda,Neoptera,Muscomorpha,Drosophilinae,Drosophila,,B4LCW4,Dvir\GJ12917Dvir_GJ12917,Drosophilavirilis(Fruitfly),314,,XP_002046483.1;,B4LCW4;,
D3VF38_XENNA,Rhomboid protease GlpG,Peptidase S54 family,Bacteria,Bacteria,Pseudomonadota,Gammaproteobacteria,Enterobacterales,Morganellaceae,Xenorhabdus,Xenorhabdusnematophila,D3VF38,glpGXNC1_4473,Xenorhabdusnematophila(strainATCC19061/DSM3370/CCUG14189/LMG1036/NCIMB9965/AN6),282,3.4.21.105,WP_010848417.1;,D3VF38;,
K4D347_SOLLC,,,,,,,,,,,K4D347,,,,,,,
M0YIA3_HORVV,,,,,,,,,,,M0YIA3,,,,,,,
M4CNZ2_BRACM,RHOMBOID-like protein (EC 3.4.21.105),Peptidase S54 family,Eukaryota,Viridiplantae,Streptophytina,Magnoliopsida,Brassicales,Brassicaceae,Brassica,,M4CNZ2,,Brassicacampestris(Fieldmustard),325,3.4.21.105,XP_009130984.1;,M4CNZ2;,
A0A072TZJ0_MEDTR,RHOMBOID-like protein (EC 3.4.21.105),Peptidase S54 family,Eukaryota,Viridiplantae,Streptophytina,Magnoliopsida,Fabales,Papilionoideae,Medicago,,A0A072TZJ0,MTR_7g061780,Medicagotruncatula(Barrelmedic)(Medicagotribuloides),335,3.4.21.105,XP_013448862.1;,A0A072TZJ0;,
A0A023Y8I8_9GAMM,,,,,,,,,,,A0A023Y8I8,,,,,,,
R7EHF4_BACUN,,,,,,,,,,,R7EHF4,,,,,,,
V4SLX2_CITCL,RHOMBOID-like protein (EC 3.4.21.105),Peptidase S54 family,Eukaryota,Viridiplantae,Streptophytina,Magnoliopsida,Sapindales,Aurantioideae,Citrus,,V4SLX2,CICLE_v10028496mg,Citrusclementina(Clementine)(CitrusdeliciosaxCitrussinensis),428,3.4.21.105,XP_006424846.1;,V4SLX2;,
M3W1U2_FELCA,Rhomboid domain containing 3,,Eukaryota,Metazoa,Craniata,Mammalia,Feliformia,Felinae,Felis,,M3W1U2,RHBDD3,Feliscatus(Cat)(Felissilvestriscatus),393,,XP_003994931.1;XP_011286033.1;XP_011286034.1;,M3W1U2;,
A4CQ06_ROBBH,Peptidase S54 rhomboid domain-containing protein,Peptidase S54 family,Bacteria,Bacteria,Bacteroidota,Flavobacteriia,Flavobacteriales,Flavobacteriaceae,Robiginitalea,Robiginitaleabiformata,A4CQ06,RB2501_01655,Robiginitaleabiformata(strainATCCBAA-864/DSM15991/KCTC12146/HTCC2501),250,,WP_015755527.1;,A4CQ06;,
L0LXJ7_ENTBF,Rhomboid protease GlpG,Peptidase S54 family,Bacteria,Bacteria,Pseudomonadota,unclassifiedEnterobacteriaceae,Enterobacterales,Enterobacteriaceae,,,L0LXJ7,glpGD782_0294,Enterobacteriaceaebacterium(strainFGI57),276,3.4.21.105,,L0LXJ7;,
A0A091DWG2_FUKDA,rhomboid protease (EC 3.4.21.105),Peptidase S54 family,Eukaryota,Metazoa,Craniata,Mammalia,Hystricomorpha,Bathyergidae,Fukomys,,A0A091DWG2,H920_03796,Fukomysdamarensis(Damaralandmolerat)(Cryptomysdamarensis),373,3.4.21.105,XP_010618874.1;,A0A091DWG2;,
Q29FG3_DROPS,,,,,,,,,,,Q29FG3,,,,,,,
W5ED98_WHEAT,,,,,,,,,,,W5ED98,,,,,,,
G1PEM5_MYOLU,Rhomboid-related protein 2 (EC 3.4.21.105),Peptidase S54 family,Eukaryota,Metazoa,Craniata,Mammalia,Yangochiroptera,Vespertilionidae,Myotis,,G1PEM5,RHBDL2,Myotislucifugus(Littlebrownbat),305,3.4.21.105,,G1PEM5;,
F6VHH2_CALJA,Rhomboid domain containing 3 (Rhomboid domain-containing protein 3),,Eukaryota,Metazoa,Craniata,Mammalia,Platyrrhini,Callitrichinae,Callithrix,,F6VHH2,RHBDD3,Callithrixjacchus(White-tufted-earmarmoset),386,,XP_002743690.1;XP_009007024.1;,,
W7TFD1_9STRA,Rhomboid-like protein 10,,Eukaryota,Eukaryota,,Eustigmatophyceae,Eustigmatales,Monodopsidaceae,Nannochloropsis,,W7TFD1,Naga_100154g5,Nannochloropsisgaditana,464,,,W7TFD1;,
A0A0E0PCU8_ORYRU,RHOMBOID-like protein (EC 3.4.21.105),Peptidase S54 family,Eukaryota,Viridiplantae,Streptophytina,Petrosaviidae,Poales,Oryzoideae,Oryza,,A0A0E0PCU8,,Oryzarufipogon(Brownbeardrice)(Asianwildrice),352,3.4.21.105,,A0A0E0PCU8;,
V4M849_EUTSA,RHOMBOID-like protein (EC 3.4.21.105),Peptidase S54 family,Eukaryota,Viridiplantae,Streptophytina,Magnoliopsida,Brassicales,Brassicaceae,Eutrema,,V4M849,EUTSA_v10018698mg,Eutremasalsugineum(Saltwatercress)(Sisymbriumsalsugineum),384,3.4.21.105,XP_006390045.1;,V4M849;,
I1IJ25_BRADI,RHOMBOID-like protein (EC 3.4.21.105),Peptidase S54 family,Eukaryota,Viridiplantae,Streptophytina,Petrosaviidae,Poales,Pooideae,Brachypodium,,I1IJ25,LOC100837307BRADI_4g09210v3,Brachypodiumdistachyon(Purplefalsebrome)(Trachyniadistachya),383,3.4.21.105,XP_003577199.1;,,
K3ZUV9_SETIT,Peptidase S54 rhomboid domain-containing protein,Peptidase S54 family,Eukaryota,Viridiplantae,Streptophytina,Petrosaviidae,Poales,Panicoideae,Setaria,,K3ZUV9,LOC101754532,Setariaitalica(Foxtailmillet)(Panicumitalicum),344,,XP_004956999.1;,K3ZUV9;,
K7M3E7_SOYBN,RHOMBOID-like protein (EC 3.4.21.105),Peptidase S54 family,Eukaryota,Viridiplantae,Streptophytina,Magnoliopsida,Fabales,Papilionoideae,Glycinesubgen.Soja,,K7M3E7,GLYMA_13G336700,Glycinemax(Soybean)(Glycinehispida),392,3.4.21.105,XP_003542031.1;,,
K9T4C5_9CYAN,Putative membrane protein,Peptidase S54 family,Bacteria,Bacillati,Cyanobacteriota,unclassifiedPleurocapsa,Pleurocapsales,Hyellaceae,Pleurocapsa,,K9T4C5,Ple7327_1486,Pleurocapsasp.PCC7327,237,,WP_015143170.1;,K9T4C5;,
I3M3C9_ICTTR,Rhomboid-related protein 1 (EC 3.4.21.105),Peptidase S54 family,Eukaryota,Metazoa,Craniata,Mammalia,Sciuromorpha,Xerinae,Ictidomys,,I3M3C9,RHBDL1,Ictidomystridecemlineatus(Thirteen-linedgroundsquirrel)(Spermophilustridecemlineatus),373,3.4.21.105,XP_005323700.1;,I3M3C9;,
G1PFX4_MYOLU,Rhomboid-related protein 1 (EC 3.4.21.105),Peptidase S54 family,Eukaryota,Metazoa,Craniata,Mammalia,Yangochiroptera,Vespertilionidae,Myotis,,G1PFX4,RHBDL1,Myotislucifugus(Littlebrownbat),373,3.4.21.105,XP_006103708.1;,G1PFX4;,
B4QM12_DROSI,GD13615,Peptidase S54 family,Eukaryota,Metazoa,Hexapoda,Neoptera,Muscomorpha,Drosophilinae,Sophophora,,B4QM12,Dsim\GD13615Dsim_GD13615Dsimw501_GD13615,Drosophilasimulans(Fruitfly),344,,XP_016029807.1;XP_016029808.1;XP_016029809.1;,B4QM12;,
Q29FF9_DROPS,,,,,,,,,,,Q29FF9,,,,,,,
N4UUG1_COLOR,Rhomboid-type serine protease (EC 3.4.21.105),Peptidase S54 family,Eukaryota,Dikarya,Pezizomycotina,Hypocreomycetidae,Glomerellales,Glomerellaceae,Colletotrichum,Colletotrichumorbiculare,N4UUG1,Cob_v004635,Colletotrichumorbiculare(strain104-T/ATCC96160/CBS514.97/LARS414/MAFF240422)(Cucumberanthracnosefungus)(Colletotrichumlagenarium),574,3.4.21.105,,N4UUG1;,
K9ZAX9_ANACC,"Peptidase S54, rhomboid domain protein",Peptidase S54 family,Bacteria,Bacillati,Cyanobacteriota,Cyanophyceae,Nostocales,Nostocaceae,Anabaena,Anabaenacylindrica,K9ZAX9,Anacy_0747,Anabaenacylindrica(strainATCC27899/PCC7122),235,,WP_015212984.1;,K9ZAX9;,
A0A067KRX4_JATCU,Peptidase S54 rhomboid domain-containing protein,Peptidase S54 family,Eukaryota,Viridiplantae,Streptophytina,Magnoliopsida,Malpighiales,Crotonoideae,Jatropha,,A0A067KRX4,JCGZ_05039,Jatrophacurcas(Barbadosnut),318,,,A0A067KRX4;,
W5EXP6_WHEAT,,,,,,,,,,,W5EXP6,,,,,,,
A0A0L0C008_LUCCU,EF-hand domain-containing protein,Peptidase S54 family,Eukaryota,Metazoa,Hexapoda,Neoptera,Muscomorpha,Luciliinae,Lucilia,,A0A0L0C008,FF38_00988,Luciliacuprina(Greenbottlefly)(Australiansheepblowfly),390,,,A0A0L0C008;,
Q8YMU0_NOSS1,Alr4837 protein,Peptidase S54 family,Bacteria,Bacillati,Cyanobacteriota,unclassifiedNostoc,Nostocales,Nostocaceae,Nostoc,,Q8YMU0,alr4837,Nostocsp.(strainPCC7120/SAG25.82/UTEX2576),239,,WP_010998965.1;,Q8YMU0;,
D5GYP4_LACCS,Membrane protein,,Bacteria,Bacillati,Bacillota,Bacilli,Lactobacillales,Lactobacillaceae,Lactobacillus,Lactobacilluscrispatus,D5GYP4,LCRIS_01456,Lactobacilluscrispatus(strainST1),228,,WP_013086633.1;,D5GYP4;,
I6FDR1_SHIFL,,,,,,,,,,,I6FDR1,,,,,,,
J9FDF7_WUCBA,Rhomboid family protein,Peptidase S54 family,Eukaryota,Metazoa,Nematoda,Chromadorea,Spiruromorpha,Onchocercidae,Wuchereria,,J9FDF7,WUBG_01492,Wuchereriabancrofti,377,,,J9FDF7;,
A0A066X912_COLSU,Rhomboid-type serine protease (EC 3.4.21.105),Peptidase S54 family,Eukaryota,Dikarya,Pezizomycotina,Hypocreomycetidae,Glomerellales,Glomerellaceae,Colletotrichum,Colletotrichumgraminicolaspeciescomplex,A0A066X912,CSUB01_01051,Colletotrichumsublineola(Sorghumanthracnosefungus),558,3.4.21.105,,A0A066X912;,
A0A059A6Z3_EUCGR,RHOMBOID-like protein (EC 3.4.21.105),Peptidase S54 family,Eukaryota,Viridiplantae,Streptophytina,Magnoliopsida,Myrtales,Myrtoideae,Eucalyptus,,A0A059A6Z3,EUGRSUZ_K03129,Eucalyptusgrandis(Floodedgum),394,3.4.21.105,XP_010037829.1;,A0A059A6Z3;,
A0A0A2VWE6_BEABA,Rhomboid-type serine protease (EC 3.4.21.105),Peptidase S54 family,Eukaryota,Dikarya,Pezizomycotina,Hypocreomycetidae,Hypocreales,Cordycipitaceae,Beauveria,Beauveriabassiana,A0A0A2VWE6,BBAD15_g4134,BeauveriabassianaD1-5,517,3.4.21.105,,A0A0A2VWE6;,
A0A0D4DQ63_9ACTN,,,,,,,,,,,A0A0D4DQ63,,,,,,,
A0A0M2Z6E6_9ACTN,,,,,,,,,,,A0A0M2Z6E6,,,,,,,
G3R928_GORGO,Rhomboid domain containing 3,,Eukaryota,Metazoa,Craniata,Mammalia,Catarrhini,Homininae,Gorilla,Gorillagorilla,G3R928,,Gorillagorillagorilla(Westernlowlandgorilla),386,,XP_018873726.1;,G3R928;,
K7J1X6_NASVI,,,,,,,,,,,K7J1X6,,,,,,,
W5FEN6_WHEAT,,,,,,,,,,,W5FEN6,,,,,,,
Q2JCX7_FRACC,Rhomboid-like protein,,Bacteria,Bacillati,Actinomycetota,Actinomycetes,Frankiales,Frankiaceae,Frankia,,Q2JCX7,Francci3_1489,Frankiacasuarinae(strainDSM45818/CECT9043/HFP020203/CcI3),298,,,Q2JCX7;,
A0A0M8V9Y9_9ACTN,Rhomboid family protein,Peptidase S54 family,Bacteria,Bacillati,Actinomycetota,unclassifiedStreptomyces,Kitasatosporales,Streptomycetaceae,Streptomyces,,A0A0M8V9Y9,ADL00_26135,Streptomycessp.AS58,307,,WP_053760631.1;,A0A0M8V9Y9;,
F6UQN5_HORSE,Rhomboid domain containing 3,,Eukaryota,Metazoa,Craniata,Mammalia,Perissodactyla,Equidae,Equus,,F6UQN5,RHBDD3,Equuscaballus(Horse),428,,,F6UQN5;,
G3GTS1_CRIGR,rhomboid protease (EC 3.4.21.105),Peptidase S54 family,Eukaryota,Metazoa,Craniata,Mammalia,Myomorpha,Cricetinae,Cricetulus,,G3GTS1,I79_001059,Cricetulusgriseus(Chinesehamster)(Cricetulusbarabensisgriseus),373,3.4.21.105,,G3GTS1;,
A0A0G3AJZ1_9ACTN,,,,,,,,,,,A0A0G3AJZ1,,,,,,,
A0A067JKB4_JATCU,RHOMBOID-like protein (EC 3.4.21.105),Peptidase S54 family,Eukaryota,Viridiplantae,Streptophytina,Magnoliopsida,Malpighiales,Crotonoideae,Jatropha,,A0A067JKB4,JCGZ_05305,Jatrophacurcas(Barbadosnut),395,3.4.21.105,XP_012092564.1;,A0A067JKB4;,
R0GVS9_9BRAS,RHOMBOID-like protein (EC 3.4.21.105),Peptidase S54 family,Eukaryota,Viridiplantae,Streptophytina,Magnoliopsida,Brassicales,Brassicaceae,Capsella,,R0GVS9,CARUB_v10001321mg,Capsellarubella,346,3.4.21.105,XP_006288091.1;,R0GVS9;,
A0A0D3DSV4_BRAOL,RHOMBOID-like protein (EC 3.4.21.105),Peptidase S54 family,Eukaryota,Viridiplantae,Streptophytina,Magnoliopsida,Brassicales,Brassicaceae,Brassica,Brassicaoleracea,A0A0D3DSV4,,Brassicaoleraceavar.oleracea,391,3.4.21.105,XP_013600355.1;,A0A0D3DSV4;,
A0A0F5YB46_9CYAN,Peptidase S54,Peptidase S54 family,Bacteria,Bacillati,Cyanobacteriota,Oscillatoriophycideae,Oscillatoriales,Sirenicapillariaceae,Limnoraphis,Limnoraphisrobusta,A0A0F5YB46,WN50_25130,LimnoraphisrobustaCS-951,241,,WP_046281349.1;,A0A0F5YB46;,
G3R248_GORGO,Rhomboid-related protein 2 (EC 3.4.21.105),Peptidase S54 family,Eukaryota,Metazoa,Craniata,Mammalia,Catarrhini,Homininae,Gorilla,Gorillagorilla,G3R248,RHBDL2,Gorillagorillagorilla(Westernlowlandgorilla),303,3.4.21.105,,G3R248;,
H0X714_OTOGA,Rhomboid domain containing 3,,Eukaryota,Metazoa,Craniata,Mammalia,Lorisiformes,Galagidae,Otolemur,,H0X714,RHBDD3,Otolemurgarnettii(Small-earedgalago)(Garnett'sgreaterbushbaby),386,,XP_003789897.1;XP_012660638.1;XP_012660639.1;,H0X714;,
A0A072U4R8_MEDTR,Rhomboid family protein,Peptidase S54 family,Eukaryota,Viridiplantae,Streptophytina,Magnoliopsida,Fabales,Papilionoideae,Medicago,,A0A072U4R8,25499567MTR_7g107390,Medicagotruncatula(Barrelmedic)(Medicagotribuloides),358,,XP_013450313.1;,A0A072U4R8;,
D7TMU9_VITVI,RHOMBOID-like protein (EC 3.4.21.105),Peptidase S54 family,Eukaryota,Viridiplantae,Streptophytina,Magnoliopsida,Vitales,Vitaceae,Vitis,,D7TMU9,VIT_16s0100g00640,Vitisvinifera(Grape),325,3.4.21.105,XP_002279077.1;,D7TMU9;,
H2TDY2_TAKRU,,,,,,,,,,,H2TDY2,,,,,,,
M0WRB1_HORVV,,,,,,,,,,,M0WRB1,,,,,,,
B4L8V8_DROMO,"Uncharacterized protein, isoform A (Uncharacterized protein, isoform B (EC 3.4.21.-))",Peptidase S54 family,Eukaryota,Metazoa,Hexapoda,Neoptera,Muscomorpha,Drosophilinae,Drosophila,mojavensisspeciescomplex,B4L8V8,Dmoj\GI16724Dmoj_GI16724,Drosophilamojavensis(Fruitfly),476,3.4.21.-,XP_002012002.1;XP_015015806.1;,B4L8V8;,
A0A0M2Z2F7_9ACTN,,,,,,,,,,,A0A0M2Z2F7,,,,,,,
G3J4Q9_CORMM,Rhomboid-type serine protease (EC 3.4.21.105),Peptidase S54 family,Eukaryota,Dikarya,Pezizomycotina,Hypocreomycetidae,Hypocreales,Cordycipitaceae,Cordyceps,Cordycepsmilitaris,G3J4Q9,CCM_01382,Cordycepsmilitaris(strainCM01)(Caterpillarfungus),601,3.4.21.105,XP_006666601.1;,G3J4Q9;,
B4HVS7_DROSE,GM14406,Peptidase S54 family,Eukaryota,Metazoa,Hexapoda,Neoptera,Muscomorpha,Drosophilinae,Sophophora,,B4HVS7,Dsec\GM14406Dsec_GM14406,Drosophilasechellia(Fruitfly),344,,XP_002034906.1;,B4HVS7;,
R5JDV3_9BACE,Peptidase S54 rhomboid domain-containing protein,Peptidase S54 family,Bacteria,Bacteria,Bacteroidota,unclassifiedBacteroides,Bacteroidales,Bacteroidaceae,Bacteroides,,R5JDV3,BN523_00991,Bacteroidessp.CAG:189,225,,,R5JDV3;,
B4FJ85_MAIZE,RHOMBOID-like protein 13 (Rhomboid family protein),Peptidase S54 family,Eukaryota,Viridiplantae,Streptophytina,Petrosaviidae,Poales,Panicoideae,Zea,,B4FJ85,LOC100216684ZEAMMB73_Zm00001d012169,Zeamays(Maize),275,,NP_001136563.1;,,
B0WAB7_CULQU,Stem cell tumor,Peptidase S54 family,Eukaryota,Metazoa,Hexapoda,Neoptera,Culicomorpha,Culicinae,Culex,,B0WAB7,6035466CpipJ_CPIJ003969,Culexquinquefasciatus(Southernhousemosquito)(Culexpungens),364,,XP_001845651.1;,B0WAB7;,
I1JLP8_SOYBN,RHOMBOID-like protein (EC 3.4.21.105),Peptidase S54 family,Eukaryota,Viridiplantae,Streptophytina,Magnoliopsida,Fabales,Papilionoideae,Glycinesubgen.Soja,,I1JLP8,GLYMA_03G079800,Glycinemax(Soybean)(Glycinehispida),385,3.4.21.105,XP_003520922.1;,,
A0A023NY68_9GAMM,,,,,,,,,,,A0A023NY68,,,,,,,
W5C1I8_WHEAT,,,,,,,,,,,W5C1I8,,,,,,,
B2J731_NOSP7,Rhomboid family protein,Peptidase S54 family,Bacteria,Bacillati,Cyanobacteriota,Cyanophyceae,Nostocales,Nostocaceae,Nostoc,Nostocpunctiforme,B2J731,Npun_R0460,Nostocpunctiforme(strainATCC29133/PCC73102),223,,WP_012407265.1;,B2J731;,
S9Z1L8_CAMFR,,,,,,,,,,,S9Z1L8,,,,,,,
W5EH56_WHEAT,,,,,,,,,,,W5EH56,,,,,,,
E2C6G0_HARSA,Protein rhomboid,Peptidase S54 family,Eukaryota,Metazoa,Hexapoda,Neoptera,Aculeata,Ponerinae,Harpegnathos,,E2C6G0,EAI_05368,Harpegnathossaltator(Jerdon'sjumpingant),217,,,E2C6G0;,
M7Z757_TRIUA,RHOMBOID-like protein (EC 3.4.21.105),Peptidase S54 family,Eukaryota,Viridiplantae,Streptophytina,Petrosaviidae,Poales,Pooideae,Triticum,,M7Z757,TRIUR3_19426,Triticumurartu(Redwildeinkorn)(Crithodiumurartu),302,3.4.21.105,,M7Z757;,
W5FZT3_WHEAT,,,,,,,,,,,W5FZT3,,,,,,,
B5HQK5_STRX2,Rhomboid family protein,Peptidase S54 family,Bacteria,Bacillati,Actinomycetota,Actinomycetes,Kitasatosporales,Streptomycetaceae,Streptomyces,Streptomycessviceus,B5HQK5,SSEG_01690,Streptomycessviceus(strainATCC29083/DSM924/JCM4929/NBRC13980/NCIMB11184/NRRL5439/UC5370),305,,WP_007381355.1;,B5HQK5;,
C9P0U0_VIBME,,,,,,,,,,,C9P0U0,,,,,,,
D7LWE1_ARALL,Rhomboid family protein,Peptidase S54 family,Eukaryota,Viridiplantae,Streptophytina,Magnoliopsida,Brassicales,Brassicaceae,Arabidopsis,Arabidopsislyrata,D7LWE1,ARALYDRAFT_486418,Arabidopsislyratasubsp.lyrata(Lyre-leavedrock-cress),269,,XP_002876508.1;,D7LWE1;,
A0A0M8VB18_9ACTN,Rhomboid family protein,Peptidase S54 family,Bacteria,Bacillati,Actinomycetota,unclassifiedStreptomyces,Kitasatosporales,Streptomycetaceae,Streptomyces,,A0A0M8VB18,ADL01_34585,Streptomycessp.NRRLWC-3618,297,,WP_053745982.1;,A0A0M8VB18;,
K4ACL9_SETIT,RHOMBOID-like protein (EC 3.4.21.105),Peptidase S54 family,Eukaryota,Viridiplantae,Streptophytina,Petrosaviidae,Poales,Panicoideae,Setaria,,K4ACL9,LOC101769352SETIT_9G567800v2,Setariaitalica(Foxtailmillet)(Panicumitalicum),324,3.4.21.105,XP_004985988.1;,,
D7I2X3_PSESS,,,,,,,,,,,D7I2X3,,,,,,,
B8AD89_ORYSI,RHOMBOID-like protein (EC 3.4.21.105),Peptidase S54 family,Eukaryota,Viridiplantae,Streptophytina,Petrosaviidae,Poales,Oryzoideae,Oryza,Oryzasativa,B8AD89,OsI_00380,Oryzasativasubsp.indica(Rice),428,3.4.21.105,,B8AD89;,
E6WH17_PANSA,Rhomboid protease GlpG,Peptidase S54 family,Bacteria,Bacteria,Pseudomonadota,unclassifiedPantoea,Enterobacterales,Erwiniaceae,Pantoea,,E6WH17,glpGPat9b_3715,Pantoeasp.(strainAt-9b),276,3.4.21.105,,E6WH17;,
E1FGI5_LOALO,,,,,,,,,,,E1FGI5,,,,,,,
A0A0A8EN79_9ACTN,Peptidase S54 rhomboid domain-containing protein,Peptidase S54 family,Bacteria,Bacillati,Actinomycetota,unclassifiedStreptomyces,Kitasatosporales,Streptomycetaceae,Streptomyces,,A0A0A8EN79,GZL_04696,Streptomycessp.769,304,,WP_039634761.1;,A0A0A8EN79;,
A0A0B0MRY8_GOSAR,RHOMBOID-like protein (EC 3.4.21.105),Peptidase S54 family,Eukaryota,Viridiplantae,Streptophytina,Magnoliopsida,Malvales,Malvoideae,Gossypium,,A0A0B0MRY8,F383_28984,Gossypiumarboreum(Treecotton)(Gossypiumnanking),326,3.4.21.105,XP_017624460.1;,A0A0B0MRY8;,
G3PKD2_GASAC,Rhomboid-related protein 2 (EC 3.4.21.105),Peptidase S54 family,Eukaryota,Metazoa,Craniata,Teleostei,Gasterosteales,Gasterosteidae,Gasterosteus,Gasterosteusaculeatus,G3PKD2,,Gasterosteusaculeatusaculeatus(three-spinedstickleback),298,3.4.21.105,,G3PKD2;,
F9T6B6_9VIBR,Intramembrane serine protease GlpG,,Bacteria,Bacteria,Pseudomonadota,Gammaproteobacteria,Vibrionales,Vibrionaceae,Vibrio,Vibriotubiashii,F9T6B6,IX91_14550,VibriotubiashiiATCC19109,276,,WP_004745049.1;,F9T6B6;,
A0A072VDE3_MEDTR,RHOMBOID-like protein (EC 3.4.21.105),Peptidase S54 family,Eukaryota,Viridiplantae,Streptophytina,Magnoliopsida,Fabales,Papilionoideae,Medicago,,A0A072VDE3,11414014MTR_2g097210,Medicagotruncatula(Barrelmedic)(Medicagotribuloides),300,3.4.21.105,XP_013465413.1;,A0A072VDE3;,
B4NQ62_DROWI,EF-hand domain-containing protein,Peptidase S54 family,Eukaryota,Metazoa,Hexapoda,Neoptera,Muscomorpha,Drosophilinae,Sophophora,,B4NQ62,Dwil\GK15930Dwil_GK15930,Drosophilawillistoni(Fruitfly),418,,XP_002075301.1;,B4NQ62;,
A0A094E673_9PEZI,Rhomboid-type serine protease (EC 3.4.21.105),Peptidase S54 family,Eukaryota,Dikarya,Pezizomycotina,unclassifiedPseudogymnoascus,Thelebolales,Thelebolaceae,Pseudogymnoascus,,A0A094E673,V497_00525,Pseudogymnoascussp.VKMF-4516(FW-969),583,3.4.21.105,,A0A094E673;,
M4DEE1_BRACM,RHOMBOID-like protein (EC 3.4.21.105),Peptidase S54 family,Eukaryota,Viridiplantae,Streptophytina,Magnoliopsida,Brassicales,Brassicaceae,Brassica,,M4DEE1,,Brassicacampestris(Fieldmustard),424,3.4.21.105,,M4DEE1;,
A0A096NKH7_PAPAN,,,,,,,,,,,A0A096NKH7,,,,,,,
A0A0N1NQ87_9ACTN,"Peptidase S54, rhomboid domain containing protein",,Bacteria,Bacillati,Actinomycetota,unclassifiedActinomycetes,,,,,A0A0N1NQ87,OV320_7469,ActinobacteriabacteriumOV320,261,,,A0A0N1NQ87;,
A0A0E0MIE3_ORYPU,RHOMBOID-like protein (EC 3.4.21.105),Peptidase S54 family,Eukaryota,Viridiplantae,Streptophytina,Petrosaviidae,Poales,Oryzoideae,Oryza,,A0A0E0MIE3,,Oryzapunctata(Redrice),800,3.4.21.105,,A0A0E0MIE3;,
A0A0G0XGX1_9BACT,Rhomboid family protein,Peptidase S54 family,Bacteria,Bacteria,,unclassifiedMicrogenomatesgroup,,,,,A0A0G0XGX1,UU81_C0022G0007,MicrogenomatesgroupbacteriumGW2011_GWC1_41_8,231,,,A0A0G0XGX1;,
A0A0D9YIK7_9ORYZ,Peptidase S54 rhomboid domain-containing protein,Peptidase S54 family,Eukaryota,Viridiplantae,Streptophytina,Petrosaviidae,Poales,Oryzoideae,Oryza,,A0A0D9YIK7,,Oryzaglumipatula,273,,,A0A0D9YIK7;,
F7C7A4_CALJA,Rhomboid-related protein 2 (EC 3.4.21.105),Peptidase S54 family,Eukaryota,Metazoa,Craniata,Mammalia,Platyrrhini,Callitrichinae,Callithrix,,F7C7A4,RHBDL2,Callithrixjacchus(White-tufted-earmarmoset),303,3.4.21.105,XP_017830070.1;,,
A0A067KTP2_JATCU,RHOMBOID-like protein (EC 3.4.21.105),Peptidase S54 family,Eukaryota,Viridiplantae,Streptophytina,Magnoliopsida,Malpighiales,Crotonoideae,Jatropha,,A0A067KTP2,JCGZ_09073,Jatrophacurcas(Barbadosnut),392,3.4.21.105,XP_012074937.1;,A0A067KTP2;,
V4T160_CITCL,UBA domain-containing protein,Peptidase S54 family,Eukaryota,Viridiplantae,Streptophytina,Magnoliopsida,Sapindales,Aurantioideae,Citrus,,V4T160,CICLE_v10011870mg,Citrusclementina(Clementine)(CitrusdeliciosaxCitrussinensis),408,,XP_006429971.1;,V4T160;,
M1W7R3_CLAP2,Rhomboid-type serine protease (EC 3.4.21.105),Peptidase S54 family,Eukaryota,Dikarya,Pezizomycotina,Hypocreomycetidae,Hypocreales,Clavicipitaceae,Claviceps,Clavicepspurpurea,M1W7R3,CPUR_02310,Clavicepspurpurea(strain20.1)(Ergotfungus)(Sphaceliasegetum),478,3.4.21.105,,M1W7R3;,
K3XHN9_SETIT,RHOMBOID-like protein (EC 3.4.21.105),Peptidase S54 family,Eukaryota,Viridiplantae,Streptophytina,Petrosaviidae,Poales,Panicoideae,Setaria,,K3XHN9,SETIT_5G101700v2,Setariaitalica(Foxtailmillet)(Panicumitalicum),452,3.4.21.105,,,
B8HRW5_CYAP4,Rhomboid family protein,Peptidase S54 family,Bacteria,Bacillati,Cyanobacteriota,unclassifiedCyanothece,Gomontiellales,Cyanothecaceae,Cyanothece,,B8HRW5,Cyan7425_0228,Cyanothecesp.(strainPCC7425/ATCC29141),237,,,B8HRW5;,
A0A077RVP2_WHEAT,RHOMBOID-like protein (EC 3.4.21.105),Peptidase S54 family,Eukaryota,Viridiplantae,Streptophytina,Petrosaviidae,Poales,Pooideae,Triticum,,A0A077RVP2,TRAES_3BF083000080CFD_c1,Triticumaestivum(Wheat),374,3.4.21.105,,,
A0A024WX31_PLAFA,Rhomboid-like protease (EC 3.4.21.105),Peptidase S54 family,Eukaryota,Eukaryota,Apicomplexa,Aconoidasida,Haemosporida,Plasmodiidae,Plasmodium,Plasmodiumfalciparum,A0A024WX31,PFMALIP_00988,PlasmodiumfalciparumMaliPS096_E11,715,3.4.21.105,,A0A024WX31;,
A0A0E0N671_ORYRU,Peptidase S54 rhomboid domain-containing protein,Peptidase S54 family,Eukaryota,Viridiplantae,Streptophytina,Petrosaviidae,Poales,Oryzoideae,Oryza,,A0A0E0N671,,Oryzarufipogon(Brownbeardrice)(Asianwildrice),273,,,A0A0E0N671;,
U7PPX8_SPOS1,Rhomboid-type serine protease (EC 3.4.21.105),Peptidase S54 family,Eukaryota,Dikarya,Pezizomycotina,Sordariomycetidae,Ophiostomatales,Ophiostomataceae,Sporothrix,Sporothrixschenckii,U7PPX8,HMPREF1624_06739,Sporothrixschenckii(strainATCC58251/dePerez2211183)(Rose-picker'sdiseasefungus),585,3.4.21.105,,U7PPX8;,
F1QAX9_DANRE,rhomboid protease (EC 3.4.21.105),Peptidase S54 family,Eukaryota,Metazoa,Craniata,Teleostei,Cyprinoidei,Danioninae,Danio,,F1QAX9,rhbdl2zgc:55533,Daniorerio(Zebrafish)(Brachydaniorerio),293,3.4.21.105,XP_005158427.1;XP_005158427.1;XP_009290740.1;XP_009290740.1;XP_068070124.1;,,
R6XVX3_9BACT,Peptidase S54 family,,Bacteria,Bacteria,Bacteroidota,unclassifiedPrevotella,Bacteroidales,Prevotellaceae,Prevotella,,R6XVX3,BN769_00524,Prevotellasp.CAG:732,316,,,R6XVX3;,
A0A086TDA5_HAPC1,Rhomboid-type serine protease (EC 3.4.21.105),Peptidase S54 family,Eukaryota,Dikarya,Pezizomycotina,Hypocreomycetidae,Hypocreales,Bionectriaceae,Hapsidospora,Hapsidosporachrysogena,A0A086TDA5,ACRE_017150,Hapsidosporachrysogenum(strainATCC11550/CBS779.69/DSM880/IAM14645/JCM23072/IMI49137)(Acremoniumchrysogenum),532,3.4.21.105,,A0A086TDA5;,
B9T4C7_RICCO,RHOMBOID-like protein (EC 3.4.21.105),Peptidase S54 family,Eukaryota,Viridiplantae,Streptophytina,Magnoliopsida,Malpighiales,Acalyphoideae,Ricinus,,B9T4C7,RCOM_0203460,Ricinuscommunis(Castorbean),408,3.4.21.105,XP_002533096.1;,B9T4C7;,
M0WRA9_HORVV,,,,,,,,,,,M0WRA9,,,,,,,
A0A078D163_BRANA,,,,,,,,,,,A0A078D163,,,,,,,
Q28CT5_XENTR,rhomboid protease (EC 3.4.21.105),Peptidase S54 family,Eukaryota,Metazoa,Craniata,Amphibia,Anura,Xenopodinae,Silurana,,Q28CT5,rhbdl2TNeu024c23.1-001,Xenopustropicalis(Westernclawedfrog)(Siluranatropicalis),290,3.4.21.105,NP_001016521.1;,,
G0R6Z8_HYPJQ,Rhomboid-type serine protease (EC 3.4.21.105),Peptidase S54 family,Eukaryota,Dikarya,Pezizomycotina,Hypocreomycetidae,Hypocreales,Hypocreaceae,Trichoderma,Hypocreajecorina,G0R6Z8,TRIREDRAFT_119887,Hypocreajecorina(strainQM6a)(Trichodermareesei),515,3.4.21.105,XP_006961875.1;,G0R6Z8;,
A6QPK1_BOVIN,Rhomboid-related protein 2 (EC 3.4.21.105),Peptidase S54 family,Eukaryota,Metazoa,Craniata,Mammalia,Pecora,Bovinae,Bos,,A6QPK1,RHBDL2,Bostaurus(Bovine),303,3.4.21.105,NP_001095484.1;XP_015321719.1;XP_015321720.1;,,
A0A096RY76_MAIZE,,,,,,,,,,,A0A096RY76,,,,,,,
A0A0D9RIQ6_CHLSB,rhomboid protease (EC 3.4.21.105),Peptidase S54 family,Eukaryota,Metazoa,Craniata,Mammalia,Catarrhini,Cercopithecinae,Chlorocebus,,A0A0D9RIQ6,RHBDL1,Chlorocebussabaeus(Greenmonkey)(Simiasabaea),438,3.4.21.105,XP_007978716.1;,A0A0D9RIQ6;,
M1BCD8_SOLTU,Rhomboid protein,Peptidase S54 family,Eukaryota,Viridiplantae,Streptophytina,Magnoliopsida,Solanales,Solanoideae,Solanum,,M1BCD8,,Solanumtuberosum(Potato),271,,XP_015165664.1;XP_015165665.1;,M1BCD8;,
R0I9M7_9BRAS,Peptidase S54 rhomboid domain-containing protein,Peptidase S54 family,Eukaryota,Viridiplantae,Streptophytina,Magnoliopsida,Brassicales,Brassicaceae,Capsella,,R0I9M7,CARUB_v10011881mg,Capsellarubella,339,,XP_006306211.1;,R0I9M7;,
A0A094FHS7_9PEZI,Rhomboid-type serine protease (EC 3.4.21.105),Peptidase S54 family,Eukaryota,Dikarya,Pezizomycotina,unclassifiedPseudogymnoascus,Thelebolales,Thelebolaceae,Pseudogymnoascus,,A0A094FHS7,V498_06850,Pseudogymnoascussp.VKMF-4517(FW-2822),501,3.4.21.105,,A0A094FHS7;,
M0WRB0_HORVV,,,,,,,,,,,M0WRB0,,,,,,,
A0A0N1GAV0_9ACTN,"Peptidase S54, rhomboid domain containing protein",Peptidase S54 family,Bacteria,Bacillati,Actinomycetota,unclassifiedActinomycetes,,,,,A0A0N1GAV0,OK074_7807,ActinobacteriabacteriumOK074,320,,,A0A0N1GAV0;,
A0A087GZ71_ARAAL,Peptidase S54 rhomboid domain-containing protein,Peptidase S54 family,Eukaryota,Viridiplantae,Streptophytina,Magnoliopsida,Brassicales,Brassicaceae,Arabis,,A0A087GZ71,AALP_Aa5g249200,Arabisalpina(Alpinerock-cress),269,,,A0A087GZ71;,
H0W628_CAVPO,Rhomboid-related protein 1 (EC 3.4.21.105),Peptidase S54 family,Eukaryota,Metazoa,Craniata,Mammalia,Hystricomorpha,Caviidae,Cavia,,H0W628,RHBDL1,Caviaporcellus(Guineapig),373,3.4.21.105,XP_003478471.1;,H0W628;,
V4US16_CITCL,RHOMBOID-like protein (EC 3.4.21.105),Peptidase S54 family,Eukaryota,Viridiplantae,Streptophytina,Magnoliopsida,Sapindales,Aurantioideae,Citrus,,V4US16,CICLE_v10011927mg,Citrusclementina(Clementine)(CitrusdeliciosaxCitrussinensis),391,3.4.21.105,XP_006429099.1;,V4US16;,
A0A0E0QU31_ORYRU,RHOMBOID-like protein (EC 3.4.21.105),Peptidase S54 family,Eukaryota,Viridiplantae,Streptophytina,Petrosaviidae,Poales,Oryzoideae,Oryza,,A0A0E0QU31,,Oryzarufipogon(Brownbeardrice)(Asianwildrice),323,3.4.21.105,,A0A0E0QU31;,
A0A0M2KKZ1_9GAMM,Rhomboid protease GlpG,Peptidase S54 family,Bacteria,Bacteria,Pseudomonadota,Gammaproteobacteria,Enterobacterales,Erwiniaceae,Erwinia,,A0A0M2KKZ1,glpGAV903_21595SY86_19845,Erwiniatracheiphila,272,3.4.21.105,WP_040465502.1;,A0A0M2KKZ1;,
V7AM94_PHAVU,RHOMBOID-like protein (EC 3.4.21.105),Peptidase S54 family,Eukaryota,Viridiplantae,Streptophytina,Magnoliopsida,Fabales,Papilionoideae,Phaseolus,,V7AM94,PHAVU_010G009600g,Phaseolusvulgaris(Kidneybean)(Frenchbean),383,3.4.21.105,XP_007133989.1;,V7AM94;,
A0A0E0M1Y8_ORYPU,Peptidase S54 rhomboid domain-containing protein,Peptidase S54 family,Eukaryota,Viridiplantae,Streptophytina,Petrosaviidae,Poales,Oryzoideae,Oryza,,A0A0E0M1Y8,,Oryzapunctata(Redrice),173,,,A0A0E0M1Y8;,
M0WRA8_HORVV,,,,,,,,,,,M0WRA8,,,,,,,
T1MF88_TRIUA,,,,,,,,,,,T1MF88,,,,,,,
A0A0D9W8D0_9ORYZ,RHOMBOID-like protein (EC 3.4.21.105),Peptidase S54 family,Eukaryota,Viridiplantae,Streptophytina,Petrosaviidae,Poales,Oryzoideae,Leersia,,A0A0D9W8D0,,Leersiaperrieri,337,3.4.21.105,,A0A0D9W8D0;,
A0A0D3E3U1_BRAOL,RHOMBOID-like protein (EC 3.4.21.105),Peptidase S54 family,Eukaryota,Viridiplantae,Streptophytina,Magnoliopsida,Brassicales,Brassicaceae,Brassica,Brassicaoleracea,A0A0D3E3U1,,Brassicaoleraceavar.oleracea,315,3.4.21.105,XP_013608691.1;,A0A0D3E3U1;,
A0A0F2LWJ4_SPOSC,Rhomboid-type serine protease (EC 3.4.21.105),Peptidase S54 family,Eukaryota,Dikarya,Pezizomycotina,Sordariomycetidae,Ophiostomatales,Ophiostomataceae,Sporothrix,Sporothrixschenckii,A0A0F2LWJ4,SPSK_01099,Sporothrixschenckii1099-18,585,3.4.21.105,XP_016583880.1;,A0A0F2LWJ4;,
A0A0F5VSA6_9ACTN,Membrane protein,,Bacteria,Bacillati,Actinomycetota,unclassifiedStreptomyces,Kitasatosporales,Streptomycetaceae,Streptomyces,,A0A0F5VSA6,TN53_26760,Streptomycessp.WM6386,246,,WP_046261280.1;,A0A0F5VSA6;,
Q29IP2_DROPS,Protein rhomboid,Peptidase S54 family,Eukaryota,Metazoa,Hexapoda,Neoptera,Muscomorpha,Drosophilinae,Sophophora,Drosophilapseudoobscura,Q29IP2,LOC4816030,Drosophilapseudoobscurapseudoobscura(Fruitfly),417,,XP_001355552.1;,Q29IP2;,
T5A8H8_OPHSC,Rhomboid-type serine protease (EC 3.4.21.105),Peptidase S54 family,Eukaryota,Dikarya,Pezizomycotina,Hypocreomycetidae,Hypocreales,Ophiocordycipitaceae,Ophiocordyceps,Ophiocordycepssinensis,T5A8H8,OCS_05394,Ophiocordycepssinensis(strainCo18/CGMCC3.14243)(Yarsagumbacaterpillarfungus)(Hirsutellasinensis),516,3.4.21.105,,T5A8H8;,
A0A0D4DV13_9ACTN,,,,,,,,,,,A0A0D4DV13,,,,,,,
E6SQ38_BACT6,Rhomboid family protein,Peptidase S54 family,Bacteria,Bacteria,Bacteroidota,Bacteroidia,Bacteroidales,Bacteroidaceae,Bacteroides,Bacteroideshelcogenes,E6SQ38,Bache_0928,Bacteroideshelcogenes(strainATCC35417/DSM20613/JCM6297/CCUG15421/P36-108),227,,WP_013546556.1;,E6SQ38;,
M0RY00_MUSAM,,,,,,,,,,,M0RY00,,,,,,,
G3SQM3_LOXAF,Rhomboid-related protein 2 (EC 3.4.21.105),Peptidase S54 family,Eukaryota,Metazoa,Craniata,Mammalia,Proboscidea,Elephantidae,Loxodonta,,G3SQM3,RHBDL2,Loxodontaafricana(Africanelephant),303,3.4.21.105,XP_003415561.1;,G3SQM3;,
M3YX19_MUSPF,rhomboid protease (EC 3.4.21.105),Peptidase S54 family,Eukaryota,Metazoa,Craniata,Mammalia,Caniformia,Mustelinae,Mustela,Mustelaputorius,M3YX19,RHBDL1,Mustelaputoriusfuro(Europeandomesticferret)(Mustelafuro),366,3.4.21.105,XP_012910763.1;,M3YX19;,
W5MEX2_LEPOC,Rhomboid-related protein 2 (EC 3.4.21.105),Peptidase S54 family,Eukaryota,Metazoa,Craniata,Holostei,Semionotiformes,Lepisosteidae,Lepisosteus,,W5MEX2,,Lepisosteusoculatus(Spottedgar),289,3.4.21.105,XP_006631583.1;XP_015204374.1;XP_015204376.1;,W5MEX2;,
A0A0C5G3M8_9ACTN,Rhomboid family protein,Peptidase S54 family,Bacteria,Bacillati,Actinomycetota,Actinomycetes,Kitasatosporales,Streptomycetaceae,Streptomyces,Streptomycescyaneogriseus,A0A0C5G3M8,TU94_16405,Streptomycescyaneogriseussubsp.noncyanogenus,304,,WP_044382694.1;,A0A0C5G3M8;,
H2P3Y6_PONAB,RHBDD3 isoform 1 (Rhomboid domain containing 3),,Eukaryota,Metazoa,Craniata,Mammalia,Catarrhini,Ponginae,Pongo,,H2P3Y6,RHBDD3CR201_G0024440,Pongoabelii(Sumatranorangutan)(Pongopygmaeusabelii),386,,,,
A0A010R4T6_9PEZI,Rhomboid-type serine protease (EC 3.4.21.105),Peptidase S54 family,Eukaryota,Dikarya,Pezizomycotina,Hypocreomycetidae,Glomerellales,Glomerellaceae,Colletotrichum,Colletotrichumfioriniae,A0A010R4T6,CFIO01_07559,ColletotrichumfioriniaePJ7,574,3.4.21.105,XP_007601103.1;,A0A010R4T6;,
Q5FIZ9_LACAC,Putative membrane protein,Peptidase S54 family,Bacteria,Bacillati,Bacillota,Bacilli,Lactobacillales,Lactobacillaceae,Lactobacillus,Lactobacillusacidophilus,Q5FIZ9,LBA1506,Lactobacillusacidophilus(strainATCC700396/NCK56/N2/NCFM),226,,WP_011254484.1;YP_194356.1;,Q5FIZ9;,
M7BNP6_CHEMY,rhomboid protease (EC 3.4.21.105),Peptidase S54 family,Eukaryota,Metazoa,Craniata,Testudinata,Cryptodira,Cheloniidae,Chelonia,,M7BNP6,UY3_03239,Cheloniamydas(Greensea-turtle)(Cheloniaagassizi),427,3.4.21.105,,M7BNP6;,
I1QPH6_ORYGL,Peptidase S54 rhomboid domain-containing protein,Peptidase S54 family,Eukaryota,Viridiplantae,Streptophytina,Petrosaviidae,Poales,Oryzoideae,Oryza,,I1QPH6,,Oryzaglaberrima(Africanrice),349,,,I1QPH6;,
M4CS34_BRACM,Gamma-tubulin complex component,TUBGCP family; Peptidase S54 family,Eukaryota,Viridiplantae,Streptophytina,Magnoliopsida,Brassicales,Brassicaceae,Brassica,,M4CS34,,Brassicacampestris(Fieldmustard),1000,,,M4CS34;,
A0A024WBV6_PLAFA,Rhomboid-like protease (EC 3.4.21.105),Peptidase S54 family,Eukaryota,Eukaryota,Apicomplexa,Aconoidasida,Haemosporida,Plasmodiidae,Plasmodium,Plasmodiumfalciparum,A0A024WBV6,PFTANZ_01064,PlasmodiumfalciparumTanzania(2000708),757,3.4.21.105,,A0A024WBV6;,
K9XGC4_9CHRO,Rhomboid family protein,Peptidase S54 family,Bacteria,Bacillati,Cyanobacteriota,unclassifiedGloeocapsa,Chroococcales,Chroococcaceae,Gloeocapsa,,K9XGC4,Glo7428_2653,Gloeocapsasp.PCC7428,237,,WP_015189026.1;,K9XGC4;,
K9UXY3_9CYAN,"Peptidase S54, rhomboid domain protein",Peptidase S54 family,Bacteria,Bacillati,Cyanobacteriota,unclassifiedCalothrix,Nostocales,Calotrichaceae,Calothrix,,K9UXY3,Cal6303_1258,Calothrixsp.PCC6303,239,,WP_015196970.1;,K9UXY3;,
W5FX12_WHEAT,,,,,,,,,,,W5FX12,,,,,,,
I1HAI3_BRADI,RHOMBOID-like protein (EC 3.4.21.105),Peptidase S54 family,Eukaryota,Viridiplantae,Streptophytina,Petrosaviidae,Poales,Pooideae,Brachypodium,,I1HAI3,LOC100824334BRADI_1g77450v3,Brachypodiumdistachyon(Purplefalsebrome)(Trachyniadistachya),331,3.4.21.105,XP_003558972.1;,,
D7T014_VITVI,Peptidase S54 rhomboid domain-containing protein,Peptidase S54 family,Eukaryota,Viridiplantae,Streptophytina,Magnoliopsida,Vitales,Vitaceae,Vitis,,D7T014,VIT_12s0034g01410,Vitisvinifera(Grape),330,,XP_002273377.1;,D7T014;,
A0A0A0K961_CUCSA,Peptidase S54 rhomboid domain-containing protein,Peptidase S54 family,Eukaryota,Viridiplantae,Streptophytina,Magnoliopsida,Cucurbitales,Cucurbitaceae,Cucumis,,A0A0A0K961,Csa_6G081460,Cucumissativus(Cucumber),271,,XP_011656727.1;,A0A0A0K961;,
V6KJA6_STRRC,Rhomboid family protein,Peptidase S54 family,Bacteria,Bacillati,Actinomycetota,Actinomycetes,Kitasatosporales,Streptomycetaceae,Streptomycesroseochromogenussubsp.oscitans,Streptomycesroseochromogenussubsp.oscitans,V6KJA6,M878_21390,Streptomycesroseochromogenussubsp.oscitansDS12.976,298,,WP_023548436.1;,V6KJA6;,
A0A094IWV3_9PEZI,Rhomboid-type serine protease (EC 3.4.21.105),Peptidase S54 family,Eukaryota,Dikarya,Pezizomycotina,unclassifiedPseudogymnoascus,Thelebolales,Thelebolaceae,Pseudogymnoascus,,A0A094IWV3,V502_00839,Pseudogymnoascussp.VKMF-4520(FW-2644),516,3.4.21.105,,A0A094IWV3;,
Q82A67_STRAW,Membrane protein,Peptidase S54 family,Bacteria,Bacillati,Actinomycetota,Actinomycetes,Kitasatosporales,Streptomycetaceae,Streptomyces,Streptomycesavermitilis,Q82A67,SAVERM_6192,Streptomycesavermitilis(strainATCC31267/DSM46492/JCM5070/NBRC14893/NCIMB12804/NRRL8165/MA-4680),321,,,Q82A67;,
F7DMC9_HORSE,,,,,,,,,,,F7DMC9,,,,,,,
I1NU86_ORYGL,Peptidase S54 rhomboid domain-containing protein,Peptidase S54 family,Eukaryota,Viridiplantae,Streptophytina,Petrosaviidae,Poales,Oryzoideae,Oryza,,I1NU86,,Oryzaglaberrima(Africanrice),273,,,I1NU86;,
A0A067JDK7_JATCU,UBA domain-containing protein,Peptidase S54 family,Eukaryota,Viridiplantae,Streptophytina,Magnoliopsida,Malpighiales,Crotonoideae,Jatropha,,A0A067JDK7,JCGZ_03060,Jatrophacurcas(Barbadosnut),403,,XP_012090870.1;XP_012090871.1;,A0A067JDK7;,
A0A087GQU2_ARAAL,RHOMBOID-like protein (EC 3.4.21.105),Peptidase S54 family,Eukaryota,Viridiplantae,Streptophytina,Magnoliopsida,Brassicales,Brassicaceae,Arabis,,A0A087GQU2,AALP_Aa6g216700,Arabisalpina(Alpinerock-cress),278,3.4.21.105,,A0A087GQU2;,
A0A067FXB8_CITSI,Peptidase S54 rhomboid domain-containing protein,Peptidase S54 family,Eukaryota,Viridiplantae,Streptophytina,Magnoliopsida,Sapindales,Aurantioideae,Citrus,,A0A067FXB8,CISIN_1g015601mg,Citrussinensis(Sweetorange)(Citrusaurantiumvar.sinensis),381,,,A0A067FXB8;,
A0A0J7ZES6_STRVR,Rhomboid family protein,Peptidase S54 family,Bacteria,Bacillati,Actinomycetota,Actinomycetes,Kitasatosporales,Streptomycetaceae,Streptomyces,,A0A0J7ZES6,ACM01_13485,Streptomycesviridochromogenes,295,,WP_048581429.1;,A0A0J7ZES6;,
C5X293_SORBI,Peptidase S54 rhomboid domain-containing protein,Peptidase S54 family,Eukaryota,Viridiplantae,Streptophytina,Petrosaviidae,Poales,Panicoideae,Sorghum,,C5X293,SORBI_3002G223700,Sorghumbicolor(Sorghum)(Sorghumvulgare),341,,XP_002460320.1;,C5X293;,
A0A0M0U7P2_9PEZI,,,,,,,,,,,A0A0M0U7P2,,,,,,,
A0A0H5S814_BRUMA,,,,,,,,,,,A0A0H5S814,,,,,,,
M0ZFR1_HORVV,,,,,,,,,,,M0ZFR1,,,,,,,
B4H2T4_DROPE,GL26733,Peptidase S54 family,Eukaryota,Metazoa,Hexapoda,Neoptera,Muscomorpha,Drosophilinae,Sophophora,,B4H2T4,Dper\GL26733Dper_GL26733,Drosophilapersimilis(Fruitfly),417,,XP_002025163.1;,B4H2T4;,
M0URA5_HORVV,,,,,,,,,,,M0URA5,,,,,,,
W5A7B5_WHEAT,,,,,,,,,,,W5A7B5,,,,,,,
A0A0E0QM09_ORYRU,RHOMBOID-like protein (EC 3.4.21.105),Peptidase S54 family,Eukaryota,Viridiplantae,Streptophytina,Petrosaviidae,Poales,Oryzoideae,Oryza,,A0A0E0QM09,,Oryzarufipogon(Brownbeardrice)(Asianwildrice),334,3.4.21.105,,A0A0E0QM09;,
A0A0L9SSJ5_9HYPO,,,,,,,,,,,A0A0L9SSJ5,,,,,,,
R6E2U9_9BACE,Peptidase S54 rhomboid domain-containing protein,Peptidase S54 family,Bacteria,Bacteria,Bacteroidota,unclassifiedBacteroides,Bacteroidales,Bacteroidaceae,Bacteroides,,R6E2U9,BN772_00195,Bacteroidessp.CAG:754,225,,,R6E2U9;,
C9ZAJ1_STRSW,Putative integral membrane protein,Peptidase S54 family,Bacteria,Bacillati,Actinomycetota,Actinomycetes,Kitasatosporales,Streptomycetaceae,Streptomyces,Streptomycesscabiei,C9ZAJ1,SCAB_45641,Streptomycesscabiei(strain87.22),297,,WP_013002231.1;,C9ZAJ1;,
A0A0D3EJJ8_9ORYZ,RHOMBOID-like protein (EC 3.4.21.105),Peptidase S54 family,Eukaryota,Viridiplantae,Streptophytina,Petrosaviidae,Poales,Oryzoideae,Oryza,,A0A0D3EJJ8,,Oryzabarthii,335,3.4.21.105,,A0A0D3EJJ8;,
W5EU29_WHEAT,,,,,,,,,,,W5EU29,,,,,,,
F3PW24_9BACE,"Peptidase, S54 family",Peptidase S54 family,Bacteria,Bacteria,Bacteroidota,Bacteroidia,Bacteroidales,Bacteroidaceae,Bacteroides,Bacteroidesfluxus,F3PW24,HMPREF9446_02955,BacteroidesfluxusYIT12057,227,,WP_009126182.1;,F3PW24;,
A0A0E0JE03_ORYPU,RHOMBOID-like protein (EC 3.4.21.105),Peptidase S54 family,Eukaryota,Viridiplantae,Streptophytina,Petrosaviidae,Poales,Oryzoideae,Oryza,,A0A0E0JE03,,Oryzapunctata(Redrice),393,3.4.21.105,,A0A0E0JE03;,
D2HXG7_AILME,Rhomboid-related protein 2 (EC 3.4.21.105),Peptidase S54 family,Eukaryota,Metazoa,Craniata,Mammalia,Caniformia,Ursidae,Ailuropoda,,D2HXG7,RHBDL2PANDA_017330,Ailuropodamelanoleuca(Giantpanda),303,3.4.21.105,XP_011233383.1;XP_019663754.1;XP_019663755.1;,,
F1RG54_PIG,Rhomboid-related protein 1 (EC 3.4.21.105),Peptidase S54 family,Eukaryota,Metazoa,Craniata,Mammalia,Suina,Suidae,Sus,,F1RG54,RHBDL1,Susscrofa(Pig),373,3.4.21.105,,,
R6LIF0_9BACE,,,,,,,,,,,R6LIF0,,,,,,,
M4EFQ9_BRACM,RHOMBOID-like protein (EC 3.4.21.105),Peptidase S54 family,Eukaryota,Viridiplantae,Streptophytina,Magnoliopsida,Brassicales,Brassicaceae,Brassica,,M4EFQ9,,Brassicacampestris(Fieldmustard),314,3.4.21.105,XP_009112976.1;,M4EFQ9;,
K3ZNC0_SETIT,RHOMBOID-like protein (EC 3.4.21.105),Peptidase S54 family,Eukaryota,Viridiplantae,Streptophytina,Petrosaviidae,Poales,Panicoideae,Setaria,,K3ZNC0,,Setariaitalica(Foxtailmillet)(Panicumitalicum),320,3.4.21.105,,K3ZNC0;,
C5WUM0_SORBI,RHOMBOID-like protein (EC 3.4.21.105),Peptidase S54 family,Eukaryota,Viridiplantae,Streptophytina,Petrosaviidae,Poales,Panicoideae,Sorghum,,C5WUM0,SORBI_3001G321800,Sorghumbicolor(Sorghum)(Sorghumvulgare),335,3.4.21.105,XP_002467632.1;,C5WUM0;,
K7U7I3_MAIZE,RHOMBOID-like protein (EC 3.4.21.105),Peptidase S54 family,Eukaryota,Viridiplantae,Streptophytina,Petrosaviidae,Poales,Panicoideae,Zea,,K7U7I3,ZEAMMB73_Zm00001d052734,Zeamays(Maize),322,3.4.21.105,XP_008679489.1;,,
A0A078IET5_BRANA,RHOMBOID-like protein (EC 3.4.21.105),Peptidase S54 family,Eukaryota,Viridiplantae,Streptophytina,Magnoliopsida,Brassicales,Brassicaceae,Brassica,,A0A078IET5,BnaA07g14240DDARMORV10_A07P19460.1GSBRNA2T00088385001,Brassicanapus(Rape),381,3.4.21.105,XP_013647715.1;,A0A078IET5;,
A0A0A0LDP6_CUCSA,RHOMBOID-like protein (EC 3.4.21.105),Peptidase S54 family,Eukaryota,Viridiplantae,Streptophytina,Magnoliopsida,Cucurbitales,Cucurbitaceae,Cucumis,,A0A0A0LDP6,Csa_3G734200,Cucumissativus(Cucumber),420,3.4.21.105,,A0A0A0LDP6;,
M8AU89_TRIUA,RHOMBOID-like protein (EC 3.4.21.105),Peptidase S54 family,Eukaryota,Viridiplantae,Streptophytina,Petrosaviidae,Poales,Pooideae,Triticum,,M8AU89,TRIUR3_15839,Triticumurartu(Redwildeinkorn)(Crithodiumurartu),332,3.4.21.105,,M8AU89;,
W4ZQE1_WHEAT,,,,,,,,,,,W4ZQE1,,,,,,,
A0A0E0AYH9_9ORYZ,RHOMBOID-like protein (EC 3.4.21.105),Peptidase S54 family,Eukaryota,Viridiplantae,Streptophytina,Petrosaviidae,Poales,Oryzoideae,Oryza,,A0A0E0AYH9,,Oryzaglumipatula,323,3.4.21.105,,A0A0E0AYH9;,
R0FPZ5_9BRAS,RHOMBOID-like protein (EC 3.4.21.105),Peptidase S54 family,Eukaryota,Viridiplantae,Streptophytina,Magnoliopsida,Brassicales,Brassicaceae,Capsella,,R0FPZ5,CARUB_v10017398mg,Capsellarubella,396,3.4.21.105,XP_006291268.1;,R0FPZ5;,
D7LKB6_ARALL,RHOMBOID-like protein (EC 3.4.21.105),Peptidase S54 family,Eukaryota,Viridiplantae,Streptophytina,Magnoliopsida,Brassicales,Brassicaceae,Arabidopsis,Arabidopsislyrata,D7LKB6,ARALYDRAFT_481823,Arabidopsislyratasubsp.lyrata(Lyre-leavedrock-cress),387,3.4.21.105,XP_002879198.1;,D7LKB6;,
Q6ZFV7_ORYSJ,RHOMBOID-like protein (EC 3.4.21.105),Peptidase S54 family,Eukaryota,Viridiplantae,Streptophytina,Petrosaviidae,Poales,Oryzoideae,Oryza,Oryzasativa,Q6ZFV7,Os08g0546700OSNPB_080546700,Oryzasativasubsp.japonica(Rice),323,3.4.21.105,XP_015648544.1;,Q6ZFV7;,
A0A077S656_WHEAT,Peptidase S54 rhomboid domain-containing protein,Peptidase S54 family,Eukaryota,Viridiplantae,Streptophytina,Petrosaviidae,Poales,Pooideae,Triticum,,A0A077S656,TRAES_3BF049300060CFD_c1,Triticumaestivum(Wheat),274,,,,
A0A4X1VF40_PIG,Rhomboid domain-containing protein 3,,Eukaryota,Metazoa,Craniata,Mammalia,Suina,Suidae,Sus,,A0A4X1VF40,,Susscrofa(Pig),386,,XP_003359196.1;XP_005657420.1;,,
Q82FC5_STRAW,Membrane protein,Peptidase S54 family,Bacteria,Bacillati,Actinomycetota,Actinomycetes,Kitasatosporales,Streptomycetaceae,Streptomyces,Streptomycesavermitilis,Q82FC5,SAVERM_4330,Streptomycesavermitilis(strainATCC31267/DSM46492/JCM5070/NBRC14893/NCIMB12804/NRRL8165/MA-4680),298,,,Q82FC5;,
A0A084FVE1_PSEDA,Rhomboid-type serine protease (EC 3.4.21.105),Peptidase S54 family,Eukaryota,Dikarya,Pezizomycotina,Hypocreomycetidae,Microascales,Microascaceae,Scedosporium,,A0A084FVE1,SAPIO_CDS10434,Pseudallescheriaapiosperma(Scedosporiumapiospermum),557,3.4.21.105,XP_016638852.1;,A0A084FVE1;,
B4MLF1_DROWI,Peptidase S54 rhomboid domain-containing protein,Peptidase S54 family,Eukaryota,Metazoa,Hexapoda,Neoptera,Muscomorpha,Drosophilinae,Sophophora,,B4MLF1,Dwil\GK17206Dwil_GK17206,Drosophilawillistoni(Fruitfly),475,,XP_002061821.1;,B4MLF1;,
A0A0D9XFV2_9ORYZ,RHOMBOID-like protein (EC 3.4.21.105),Peptidase S54 family,Eukaryota,Viridiplantae,Streptophytina,Petrosaviidae,Poales,Oryzoideae,Leersia,,A0A0D9XFV2,,Leersiaperrieri,331,3.4.21.105,,A0A0D9XFV2;,
A0A059AH05_EUCGR,RHOMBOID-like protein (EC 3.4.21.105),Peptidase S54 family,Eukaryota,Viridiplantae,Streptophytina,Magnoliopsida,Myrtales,Myrtoideae,Eucalyptus,,A0A059AH05,EUGRSUZ_J02047,Eucalyptusgrandis(Floodedgum),293,3.4.21.105,,A0A059AH05;,
J9P8S2_CANLF,,,,,,,,,,,J9P8S2,,,,,,,
A2Z9G1_ORYSI,RHOMBOID-like protein (EC 3.4.21.105),Peptidase S54 family,Eukaryota,Viridiplantae,Streptophytina,Petrosaviidae,Poales,Oryzoideae,Oryza,Oryzasativa,A2Z9G1,OsI_34361,Oryzasativasubsp.indica(Rice),332,3.4.21.105,,A2Z9G1;,
D9X065_STRVT,Rhomboid family protein,Peptidase S54 family,Bacteria,Bacillati,Actinomycetota,Actinomycetes,Kitasatosporales,Streptomycetaceae,Streptomyces,Streptomycesviridochromogenes,D9X065,SSQG_03941,Streptomycesviridochromogenes(strainDSM40736/JCM4977/BCRC1201/Tue494),296,,WP_003991531.1;,D9X065;,
Q9W0F8_DROME,LP02893p (Roughoid (EC 3.4.21.-)),Peptidase S54 family,Eukaryota,Metazoa,Hexapoda,Neoptera,Muscomorpha,Drosophilinae,Sophophora,,Q9W0F8,ruDmel\CG1214Rho-3rho-3Rho-related[62A1]Rho3rho3RuCG1214Dmel_CG1214,Drosophilamelanogaster(Fruitfly),341,3.4.21.-,NP_524790.1;,Q9W0F8;,
B9HH36_POPTR,Peptidase S54 rhomboid domain-containing protein,Peptidase S54 family,Eukaryota,Viridiplantae,Streptophytina,Magnoliopsida,Malpighiales,Salicaceae,Populus,,B9HH36,POPTR_007G130300,Populustrichocarpa(Westernbalsampoplar)(Populusbalsamiferasubsp.trichocarpa),269,,XP_002310428.1;,B9HH36;,
E3QB75_COLGM,Rhomboid-type serine protease (EC 3.4.21.105),Peptidase S54 family,Eukaryota,Dikarya,Pezizomycotina,Hypocreomycetidae,Glomerellales,Glomerellaceae,Colletotrichum,Colletotrichumgraminicola,E3QB75,GLRG_03257,Colletotrichumgraminicola(strainM1.001/M2/FGSC10212)(Maizeanthracnosefungus)(Glomerellagraminicola),561,3.4.21.105,XP_008092133.1;,E3QB75;,
A0A0D9ZPF9_9ORYZ,RHOMBOID-like protein (EC 3.4.21.105),Peptidase S54 family,Eukaryota,Viridiplantae,Streptophytina,Petrosaviidae,Poales,Oryzoideae,Oryza,,A0A0D9ZPF9,,Oryzaglumipatula,352,3.4.21.105,,A0A0D9ZPF9;,
A0A0M8VMI4_9ACTN,Membrane protein,,Bacteria,Bacillati,Actinomycetota,unclassifiedStreptomyces,Kitasatosporales,Streptomycetaceae,Streptomyces,,A0A0M8VMI4,ADL01_22865,Streptomycessp.NRRLWC-3618,247,,WP_053743875.1;,A0A0M8VMI4;,
F1SV24_PIG,Rhomboid-related protein 2 (EC 3.4.21.105),Peptidase S54 family,Eukaryota,Metazoa,Craniata,Mammalia,Suina,Suidae,Sus,,F1SV24,RHBDL2,Susscrofa(Pig),304,3.4.21.105,NP_001231872.1;,,
Q3USF1_MOUSE,rhomboid protease (EC 3.4.21.105),Peptidase S54 family,Eukaryota,Metazoa,Craniata,Mammalia,Myomorpha,Murinae,Mus,,Q3USF1,Rhbdl1,Musmusculus(Mouse),373,3.4.21.105,NP_659065.1;,Q3USF1;,
A0A078H076_BRANA,RHOMBOID-like protein (EC 3.4.21.105),Peptidase S54 family,Eukaryota,Viridiplantae,Streptophytina,Magnoliopsida,Brassicales,Brassicaceae,Brassica,,A0A078H076,BnaC04g26990DDARMORV10_C04P38790.1GSBRNA2T00046314001,Brassicanapus(Rape),391,3.4.21.105,XP_013737900.1;,A0A078H076;,
I1R2A8_ORYGL,RHOMBOID-like protein (EC 3.4.21.105),Peptidase S54 family,Eukaryota,Viridiplantae,Streptophytina,Petrosaviidae,Poales,Oryzoideae,Oryza,,I1R2A8,,Oryzaglaberrima(Africanrice),374,3.4.21.105,,I1R2A8;,
M3WLL4_FELCA,Rhomboid-related protein 1 (EC 3.4.21.105),Peptidase S54 family,Eukaryota,Metazoa,Craniata,Mammalia,Feliformia,Felinae,Felis,,M3WLL4,RHBDL1,Feliscatus(Cat)(Felissilvestriscatus),373,3.4.21.105,,M3WLL4;,
D5ZQW0_STRV1,Peptidase S54 rhomboid domain-containing protein,Peptidase S54 family,Bacteria,Bacillati,Actinomycetota,Actinomycetes,Kitasatosporales,Streptomycetaceae,Streptomyces,Streptomycesviridosporus,D5ZQW0,SSFG_03595,Streptomycesviridosporus(strainATCC14672/DSM40746/JCM4963/KCTC9882/NRRLB-12104/FH1290)(Streptomycesghanaensis),296,,WP_004985883.1;,D5ZQW0;,
A0A093ZCS6_9PEZI,Rhomboid-type serine protease (EC 3.4.21.105),Peptidase S54 family,Eukaryota,Dikarya,Pezizomycotina,unclassifiedPseudogymnoascus,Thelebolales,Thelebolaceae,Pseudogymnoascus,,A0A093ZCS6,V492_02367,Pseudogymnoascussp.VKMF-4246,508,3.4.21.105,,A0A093ZCS6;,
I1I978_BRADI,RHOMBOID-like protein (EC 3.4.21.105),Peptidase S54 family,Eukaryota,Viridiplantae,Streptophytina,Petrosaviidae,Poales,Pooideae,Brachypodium,,I1I978,LOC100836172BRADI_3g42100v3,Brachypodiumdistachyon(Purplefalsebrome)(Trachyniadistachya),321,3.4.21.105,XP_003574883.1;,,
A0A078CQ59_BRANA,,,,,,,,,,,A0A078CQ59,,,,,,,
G7IHP5_MEDTR,RHOMBOID-like protein (EC 3.4.21.105),Peptidase S54 family,Eukaryota,Viridiplantae,Streptophytina,Magnoliopsida,Fabales,Papilionoideae,Medicago,,G7IHP5,11414014MTR_2g097210MtrunA17_Chr2g0328271,Medicagotruncatula(Barrelmedic)(Medicagotribuloides),383,3.4.21.105,XP_003597357.1;,G7IHP5;,
A0A078JLD9_BRANA,RHOMBOID-like protein (EC 3.4.21.105),Peptidase S54 family,Eukaryota,Viridiplantae,Streptophytina,Magnoliopsida,Brassicales,Brassicaceae,Brassica,,A0A078JLD9,BnaCnng54050DDARMORV10_C09P18900.1GSBRNA2T00060482001,Brassicanapus(Rape),319,3.4.21.105,XP_013653829.1;,A0A078JLD9;,
B4LCX1_DROVI,"Uncharacterized protein, isoform A (EC 3.4.21.-)",Peptidase S54 family,Eukaryota,Metazoa,Hexapoda,Neoptera,Muscomorpha,Drosophilinae,Drosophila,,B4LCX1,Dvir\GJ12468Dvir_GJ12468,Drosophilavirilis(Fruitfly),476,3.4.21.-,XP_002046490.1;,B4LCX1;,
W9RRH2_9ROSA,Rhomboid domain-containing protein 1,Peptidase S54 family,Eukaryota,Viridiplantae,Streptophytina,Magnoliopsida,Rosales,Moraceae,Morus,,W9RRH2,L484_003607,Morusnotabilis,271,,XP_010101608.1;,W9RRH2;,
J3MZD2_ORYBR,RHOMBOID-like protein (EC 3.4.21.105),Peptidase S54 family,Eukaryota,Viridiplantae,Streptophytina,Petrosaviidae,Poales,Oryzoideae,Oryza,,J3MZD2,,Oryzabrachyantha(malosina),270,3.4.21.105,,J3MZD2;,
C5XET2_SORBI,Peptidase S54 rhomboid domain-containing protein,Peptidase S54 family,Eukaryota,Viridiplantae,Streptophytina,Petrosaviidae,Poales,Panicoideae,Sorghum,,C5XET2,SORBI_3003G386700,Sorghumbicolor(Sorghum)(Sorghumvulgare),273,,XP_002458911.1;,C5XET2;,
A0A059DAF4_EUCGR,Peptidase S54 rhomboid domain-containing protein,Peptidase S54 family,Eukaryota,Viridiplantae,Streptophytina,Magnoliopsida,Myrtales,Myrtoideae,Eucalyptus,,A0A059DAF4,EUGRSUZ_A00099,Eucalyptusgrandis(Floodedgum),271,,XP_010046101.1;,A0A059DAF4;,
M0XTB9_HORVV,,,,,,,,,,,M0XTB9,,,,,,,
I1LQD5_SOYBN,Peptidase S54 rhomboid domain-containing protein,Peptidase S54 family,Eukaryota,Viridiplantae,Streptophytina,Magnoliopsida,Fabales,Papilionoideae,Glycinesubgen.Soja,,I1LQD5,GLYMA_12G051500,Glycinemax(Soybean)(Glycinehispida),271,,,,
I6HFF1_SHIFL,,,,,,,,,,,I6HFF1,,,,,,,
I1J0R1_BRADI,RHOMBOID-like protein (EC 3.4.21.105),Peptidase S54 family,Eukaryota,Viridiplantae,Streptophytina,Petrosaviidae,Poales,Pooideae,Brachypodium,,I1J0R1,BRADI_5g18750v3,Brachypodiumdistachyon(Purplefalsebrome)(Trachyniadistachya),343,3.4.21.105,XP_003580349.1;,,
E7QA25_YEASB,,,,,,,,,,,E7QA25,,,,,,,
J3PGI7_GAET3,Rhomboid-type serine protease (EC 3.4.21.105),Peptidase S54 family,Eukaryota,Dikarya,Pezizomycotina,Sordariomycetidae,Magnaporthales,Magnaporthaceae,Gaeumannomyces,Gaeumannomycestritici,J3PGI7,20353070GGTG_12612,Gaeumannomycestritici(strainR3-111a-1)(Wheatandbarleytake-allrootrotfungus)(Gaeumannomycesgraminisvar.tritici),587,3.4.21.105,XP_009228777.1;,J3PGI7;,
V7BC17_PHAVU,RHOMBOID-like protein (EC 3.4.21.105),Peptidase S54 family,Eukaryota,Viridiplantae,Streptophytina,Magnoliopsida,Fabales,Papilionoideae,Phaseolus,,V7BC17,PHAVU_007G067300g,Phaseolusvulgaris(Kidneybean)(Frenchbean),329,3.4.21.105,XP_007143375.1;,V7BC17;,
D3ZA62_RAT,Rhomboid-related protein 2 (EC 3.4.21.105),Peptidase S54 family,Eukaryota,Metazoa,Craniata,Mammalia,Myomorpha,Murinae,Rattus,,D3ZA62,Rhbdl2,Rattusnorvegicus(Rat),349,3.4.21.105,,D3ZA62;,
A0A2J8R1E0_PONAB,Rhomboid-related protein 1 (EC 3.4.21.105),Peptidase S54 family,Eukaryota,Metazoa,Craniata,Mammalia,Catarrhini,Ponginae,Pongo,,A0A2J8R1E0,RHBDL1CR201_G0054892,Pongoabelii(Sumatranorangutan)(Pongopygmaeusabelii),373,3.4.21.105,,,
A0A0D2PLF3_GOSRA,Peptidase S54 rhomboid domain-containing protein,Peptidase S54 family,Eukaryota,Viridiplantae,Streptophytina,Magnoliopsida,Malvales,Malvoideae,Gossypium,,A0A0D2PLF3,B456_005G016100,Gossypiumraimondii(Peruviancotton)(Gossypiumklotzschianumsubsp.raimondii),269,,XP_012481535.1;,A0A0D2PLF3;,
A0A0A1SL53_9HYPO,Rhomboid-type serine protease (EC 3.4.21.105),Peptidase S54 family,Eukaryota,Dikarya,Pezizomycotina,Hypocreomycetidae,Hypocreales,Clavicipitaceae,,,A0A0A1SL53,VHEMI01171,[Torrubiella]hemipterigena,540,3.4.21.105,,A0A0A1SL53;,
M0YIA1_HORVV,,,,,,,,,,,M0YIA1,,,,,,,
I1N1Q9_SOYBN,RHOMBOID-like protein (EC 3.4.21.105),Peptidase S54 family,Eukaryota,Viridiplantae,Streptophytina,Magnoliopsida,Fabales,Papilionoideae,Glycinesubgen.Soja,,I1N1Q9,GLYMA_18G153100,Glycinemax(Soybean)(Glycinehispida),384,3.4.21.105,,I1N1Q9;,
Q82AJ8_STRAW,Integral membrane protein,,Bacteria,Bacillati,Actinomycetota,Actinomycetes,Kitasatosporales,Streptomycetaceae,Streptomyces,Streptomycesavermitilis,Q82AJ8,SAVERM_6059,Streptomycesavermitilis(strainATCC31267/DSM46492/JCM5070/NBRC14893/NCIMB12804/NRRL8165/MA-4680),247,,WP_010987460.1;,Q82AJ8;,
M3YSN6_MUSPF,rhomboid protease (EC 3.4.21.105),Peptidase S54 family,Eukaryota,Metazoa,Craniata,Mammalia,Caniformia,Mustelinae,Mustela,Mustelaputorius,M3YSN6,RHBDL2,Mustelaputoriusfuro(Europeandomesticferret)(Mustelafuro),308,3.4.21.105,,M3YSN6;,
W5PUP0_SHEEP,rhomboid protease (EC 3.4.21.105),Peptidase S54 family,Eukaryota,Metazoa,Craniata,Mammalia,Pecora,Caprinae,Ovis,,W5PUP0,RHBDL1,Ovisaries(Sheep),329,3.4.21.105,,,
A0A022R8P1_ERYGU,Peptidase S54 rhomboid domain-containing protein,Peptidase S54 family,Eukaryota,Viridiplantae,Streptophytina,Magnoliopsida,Lamiales,Phrymaceae,Erythranthe,,A0A022R8P1,MIMGU_mgv1a026955mg,Erythrantheguttata(Yellowmonkeyflower)(Mimulusguttatus),268,,XP_012839096.1;,A0A022R8P1;,
A0A0E0M1Y7_ORYPU,Peptidase S54 rhomboid domain-containing protein,Peptidase S54 family,Eukaryota,Viridiplantae,Streptophytina,Petrosaviidae,Poales,Oryzoideae,Oryza,,A0A0E0M1Y7,,Oryzapunctata(Redrice),351,,,,
A0A0B0P2S1_GOSAR,Rhomboid domain-containing 1,Peptidase S54 family,Eukaryota,Viridiplantae,Streptophytina,Magnoliopsida,Malvales,Malvoideae,Gossypium,,A0A0B0P2S1,F383_21259,Gossypiumarboreum(Treecotton)(Gossypiumnanking),269,,XP_017628140.1;,A0A0B0P2S1;,
A0A0D9XVR1_9ORYZ,RHOMBOID-like protein (EC 3.4.21.105),Peptidase S54 family,Eukaryota,Viridiplantae,Streptophytina,Petrosaviidae,Poales,Oryzoideae,Leersia,,A0A0D9XVR1,,Leersiaperrieri,388,3.4.21.105,,A0A0D9XVR1;,
A0A059AG84_EUCGR,RHOMBOID-like protein (EC 3.4.21.105),Peptidase S54 family,Eukaryota,Viridiplantae,Streptophytina,Magnoliopsida,Myrtales,Myrtoideae,Eucalyptus,,A0A059AG84,EUGRSUZ_J02047,Eucalyptusgrandis(Floodedgum),275,3.4.21.105,,A0A059AG84;,
D6K7T7_9ACTN,Membrane protein,Peptidase S54 family,Bacteria,Bacillati,Actinomycetota,unclassifiedStreptomyces,Kitasatosporales,Streptomycetaceae,Streptomyces,,D6K7T7,SSTG_02363,Streptomycessp.e14,282,,,D6K7T7;,
M4CYI2_BRACM,RHOMBOID-like protein (EC 3.4.21.105),Peptidase S54 family,Eukaryota,Viridiplantae,Streptophytina,Magnoliopsida,Brassicales,Brassicaceae,Brassica,,M4CYI2,,Brassicacampestris(Fieldmustard),347,3.4.21.105,XP_009122358.1;,M4CYI2;,
V9GX92_MOUSE,rhomboid protease (EC 3.4.21.105),Peptidase S54 family,Eukaryota,Metazoa,Craniata,Mammalia,Myomorpha,Murinae,Mus,,V9GX92,Rhbdl1,Musmusculus(Mouse),369,3.4.21.105,,V9GX92;,
Q651M0_ORYSJ,RHOMBOID-like protein (EC 3.4.21.105),Peptidase S54 family,Eukaryota,Viridiplantae,Streptophytina,Petrosaviidae,Poales,Oryzoideae,Oryza,Oryzasativa,Q651M0,Os09g0525900OSNPB_090525900,Oryzasativasubsp.japonica(Rice),323,3.4.21.105,XP_015612697.1;,Q651M0;,
A0A0M2GR02_9ACTN,Rhomboid family protein,Peptidase S54 family,Bacteria,Bacillati,Actinomycetota,Actinomycetes,Kitasatosporales,Streptomycetaceae,Streptomyces,,A0A0M2GR02,UK15_08025,Streptomycesvariegatus,296,,WP_031137574.1;,A0A0M2GR02;,
U5FL43_POPTR,Peptidase S54 rhomboid domain-containing protein,Peptidase S54 family,Eukaryota,Viridiplantae,Streptophytina,Magnoliopsida,Malpighiales,Salicaceae,Populus,,U5FL43,POPTR_017G027800,Populustrichocarpa(Westernbalsampoplar)(Populusbalsamiferasubsp.trichocarpa),269,,XP_006372849.1;,U5FL43;,
D8R4K4_SELML,RHOMBOID-like protein (EC 3.4.21.105),Peptidase S54 family,Eukaryota,Viridiplantae,Streptophytina,Lycopodiopsida,Selaginellales,Selaginellaceae,Selaginella,,D8R4K4,SELMODRAFT_84059,Selaginellamoellendorffii(Spikemoss),335,3.4.21.105,XP_002966069.1;,D8R4K4;,
A0A063C2Q4_USTVR,,,,,,,,,,,A0A063C2Q4,,,,,,,
I1HBZ5_BRADI,RHOMBOID-like protein (EC 3.4.21.105),Peptidase S54 family,Eukaryota,Viridiplantae,Streptophytina,Petrosaviidae,Poales,Pooideae,Brachypodium,,I1HBZ5,BRADI_2g03110v3,Brachypodiumdistachyon(Purplefalsebrome)(Trachyniadistachya),417,3.4.21.105,XP_003568622.1;,,
A0A078JLD1_BRANA,RHOMBOID-like protein (EC 3.4.21.105),Peptidase S54 family,Eukaryota,Viridiplantae,Streptophytina,Magnoliopsida,Brassicales,Brassicaceae,Brassica,,A0A078JLD1,BnaA06g38080DDARMORV10_A06P08940.1GSBRNA2T00054637001,Brassicanapus(Rape),304,3.4.21.105,XP_013746557.1;XP_013746558.1;,A0A078JLD1;,
A2Z3A4_ORYSI,RHOMBOID-like protein (EC 3.4.21.105),Peptidase S54 family,Eukaryota,Viridiplantae,Streptophytina,Petrosaviidae,Poales,Oryzoideae,Oryza,Oryzasativa,A2Z3A4,OsI_32104,Oryzasativasubsp.indica(Rice),323,3.4.21.105,,A2Z3A4;,
J3NAH2_ORYBR,RHOMBOID-like protein (EC 3.4.21.105),Peptidase S54 family,Eukaryota,Viridiplantae,Streptophytina,Petrosaviidae,Poales,Oryzoideae,Oryza,,J3NAH2,LOC102703347,Oryzabrachyantha(malosina),379,3.4.21.105,XP_006663131.1;,J3NAH2;,
W9RWQ0_9ROSA,RHOMBOID-like protein (EC 3.4.21.105),Peptidase S54 family,Eukaryota,Viridiplantae,Streptophytina,Magnoliopsida,Rosales,Moraceae,Morus,,W9RWQ0,L484_015751,Morusnotabilis,328,3.4.21.105,XP_010107410.1;,W9RWQ0;,
G3V8M7_RAT,rhomboid protease (EC 3.4.21.105),Peptidase S54 family,Eukaryota,Metazoa,Craniata,Mammalia,Myomorpha,Murinae,Rattus,,G3V8M7,Rhbdl1,Rattusnorvegicus(Rat),429,3.4.21.105,,G3V8M7;,
A0A0E0R1I3_ORYRU,RHOMBOID-like protein (EC 3.4.21.105),Peptidase S54 family,Eukaryota,Viridiplantae,Streptophytina,Petrosaviidae,Poales,Oryzoideae,Oryza,,A0A0E0R1I3,,Oryzarufipogon(Brownbeardrice)(Asianwildrice),332,3.4.21.105,,A0A0E0R1I3;,
A0A0D3FZ35_9ORYZ,RHOMBOID-like protein (EC 3.4.21.105),Peptidase S54 family,Eukaryota,Viridiplantae,Streptophytina,Petrosaviidae,Poales,Oryzoideae,Oryza,,A0A0D3FZ35,,Oryzabarthii,352,3.4.21.105,,A0A0D3FZ35;,
I1MDE7_SOYBN,RHOMBOID-like protein (EC 3.4.21.105),Peptidase S54 family,Eukaryota,Viridiplantae,Streptophytina,Magnoliopsida,Fabales,Papilionoideae,Glycinesubgen.Soja,,I1MDE7,GLYMA_15G037600,Glycinemax(Soybean)(Glycinehispida),389,3.4.21.105,XP_003547018.1;,,
V4SR96_CITCL,UBA domain-containing protein,Peptidase S54 family,Eukaryota,Viridiplantae,Streptophytina,Magnoliopsida,Sapindales,Aurantioideae,Citrus,,V4SR96,CICLE_v10011870mg,Citrusclementina(Clementine)(CitrusdeliciosaxCitrussinensis),404,,XP_006429972.1;,V4SR96;,
A0A0C4E944_MAGP6,Rhomboid-type serine protease (EC 3.4.21.105),Peptidase S54 family,Eukaryota,Dikarya,Pezizomycotina,Sordariomycetidae,Magnaporthales,Magnaporthaceae,Magnaporthiopsis,Magnaporthiopsispoae,A0A0C4E944,MAPG_09121,Magnaporthiopsispoae(strainATCC64411/73-15)(Kentuckybluegrassfungus)(Magnaporthepoae),581,3.4.21.105,,A0A0C4E944;,
H2QA79_PANTR,rhomboid protease (EC 3.4.21.105),Peptidase S54 family,Eukaryota,Metazoa,Craniata,Mammalia,Catarrhini,Homininae,Pan,,H2QA79,RHBDL1,Pantroglodytes(Chimpanzee),444,3.4.21.105,,H2QA79;,
Q8A3X3_BACTN,Rhomboid family protein,Peptidase S54 family,Bacteria,Bacteria,Bacteroidota,Bacteroidia,Bacteroidales,Bacteroidaceae,Bacteroides,Bacteroidesthetaiotaomicron,Q8A3X3,BT_2831,Bacteroidesthetaiotaomicron(strainATCC29148/DSM2079/JCM5827/CCUG10774/NCTC10582/VPI-5482/E50),224,,NP_811743.1;WP_008765306.1;,Q8A3X3;,
L5KJZ9_PTEAL,rhomboid protease (EC 3.4.21.105),Peptidase S54 family,Eukaryota,Metazoa,Craniata,Mammalia,Yinpterochiroptera,Pteropodinae,Pteropus,,L5KJZ9,PAL_GLEAN10011783,Pteropusalecto(Blackflyingfox),373,3.4.21.105,XP_006914070.1;,L5KJZ9;,
A0A0D2T897_GOSRA,RHOMBOID-like protein (EC 3.4.21.105),Peptidase S54 family,Eukaryota,Viridiplantae,Streptophytina,Magnoliopsida,Malvales,Malvoideae,Gossypium,,A0A0D2T897,B456_008G279300,Gossypiumraimondii(Peruviancotton)(Gossypiumklotzschianumsubsp.raimondii),263,3.4.21.105,,A0A0D2T897;,
I1NGR1_SOYBN,RHOMBOID-like protein (EC 3.4.21.105),Peptidase S54 family,Eukaryota,Viridiplantae,Streptophytina,Magnoliopsida,Fabales,Papilionoideae,Glycinesubgen.Soja,,I1NGR1,GLYMA_20G156400,Glycinemax(Soybean)(Glycinehispida),329,3.4.21.105,XP_003556090.1;,,
L5L4I4_PTEAL,Rhomboid domain-containing protein 3,,Eukaryota,Metazoa,Craniata,Mammalia,Yinpterochiroptera,Pteropodinae,Pteropus,,L5L4I4,PAL_GLEAN10007915,Pteropusalecto(Blackflyingfox),364,,,L5L4I4;,
C5XQ12_SORBI,,,,,,,,,,,C5XQ12,,,,,,,
F6YAP8_CALJA,,,,,,,,,,,F6YAP8,,,,,,,
H2PYQ6_PANTR,Rhomboid-related protein 2 (EC 3.4.21.105),Peptidase S54 family,Eukaryota,Metazoa,Craniata,Mammalia,Catarrhini,Homininae,Pan,,H2PYQ6,RHBDL2,Pantroglodytes(Chimpanzee),303,3.4.21.105,,,
R0FQY2_9BRAS,Peptidase S54 rhomboid domain-containing protein,Peptidase S54 family,Eukaryota,Viridiplantae,Streptophytina,Magnoliopsida,Brassicales,Brassicaceae,Capsella,,R0FQY2,CARUB_v10017835mg,Capsellarubella,269,,XP_006291673.1;,R0FQY2;,
W7AID7_PLAVN,Rhomboid-like protease (EC 3.4.21.105),Peptidase S54 family,Eukaryota,Eukaryota,Apicomplexa,Aconoidasida,Haemosporida,Plasmodiidae,Plasmodium,Plasmodiumvinckei,W7AID7,PVPCR_1100690YYG_01212,Plasmodiumvinckeipetteri,635,3.4.21.105,,W7AID7;,
M0S4S3_MUSAM,,,,,,,,,,,M0S4S3,,,,,,,
A0A0E0BCU3_9ORYZ,RHOMBOID-like protein (EC 3.4.21.105),Peptidase S54 family,Eukaryota,Viridiplantae,Streptophytina,Petrosaviidae,Poales,Oryzoideae,Oryza,,A0A0E0BCU3,,Oryzaglumipatula,332,3.4.21.105,,A0A0E0BCU3;,
L8FWD7_PSED2,Rhomboid-type serine protease (EC 3.4.21.105),Peptidase S54 family,Eukaryota,Dikarya,Pezizomycotina,Leotiomycetes,Thelebolales,Thelebolaceae,Pseudogymnoascus,Pseudogymnoascusdestructans,L8FWD7,GMDG_07079,Pseudogymnoascusdestructans(strainATCCMYA-4855/20631-21)(Batwhite-nosesyndromefungus)(Geomycesdestructans),515,3.4.21.105,XP_012745529.1;,L8FWD7;,
F6HLC2_VITVI,RHOMBOID-like protein (EC 3.4.21.105),Peptidase S54 family,Eukaryota,Viridiplantae,Streptophytina,Magnoliopsida,Vitales,Vitaceae,Vitis,,F6HLC2,VIT_08s0007g00470,Vitisvinifera(Grape),388,3.4.21.105,XP_002270642.1;,F6HLC2;,
M0XTC2_HORVV,,,,,,,,,,,M0XTC2,,,,,,,
G1LL79_AILME,Rhomboid-related protein 1 (EC 3.4.21.105),Peptidase S54 family,Eukaryota,Metazoa,Craniata,Mammalia,Caniformia,Ursidae,Ailuropoda,,G1LL79,RHBDL1,Ailuropodamelanoleuca(Giantpanda),373,3.4.21.105,XP_002920213.1;,G1LL79;,
A0A067DIR5_CITSI,Peptidase S54 rhomboid domain-containing protein,Peptidase S54 family,Eukaryota,Viridiplantae,Streptophytina,Magnoliopsida,Sapindales,Aurantioideae,Citrus,,A0A067DIR5,CISIN_1g046439mg,Citrussinensis(Sweetorange)(Citrusaurantiumvar.sinensis),269,,XP_006478727.1;,A0A067DIR5;,
Q5JLU6_ORYSJ,"Os01g0895500 protein (cDNA clone:001-119-A10, full insert sequence)",Peptidase S54 family,Eukaryota,Viridiplantae,Streptophytina,Petrosaviidae,Poales,Oryzoideae,Oryza,Oryzasativa,Q5JLU6,Os01g0895500OSNPB_010895500,Oryzasativasubsp.japonica(Rice),273,,XP_015620853.1;,Q5JLU6;,
M7YTP2_TRIUA,RHOMBOID-like protein (EC 3.4.21.105),Peptidase S54 family,Eukaryota,Viridiplantae,Streptophytina,Petrosaviidae,Poales,Pooideae,Triticum,,M7YTP2,TRIUR3_21945,Triticumurartu(Redwildeinkorn)(Crithodiumurartu),219,3.4.21.105,,M7YTP2;,
A0A090U1G3_9ENTR,,,,,,,,,,,A0A090U1G3,,,,,,,
A0A0D9S7P9_CHLSB,rhomboid protease (EC 3.4.21.105),Peptidase S54 family,Eukaryota,Metazoa,Craniata,Mammalia,Catarrhini,Cercopithecinae,Chlorocebus,,A0A0D9S7P9,RHBDL2,Chlorocebussabaeus(Greenmonkey)(Simiasabaea),383,3.4.21.105,XP_007977506.1;,A0A0D9S7P9;,
A0A094IYG1_9PEZI,Rhomboid-type serine protease (EC 3.4.21.105),Peptidase S54 family,Eukaryota,Dikarya,Pezizomycotina,unclassifiedPseudogymnoascus,Thelebolales,Thelebolaceae,Pseudogymnoascus,,A0A094IYG1,V501_09834,Pseudogymnoascussp.VKMF-4519(FW-2642),502,3.4.21.105,,A0A094IYG1;,
A0A087HEH8_ARAAL,RHOMBOID-like protein (EC 3.4.21.105),Peptidase S54 family,Eukaryota,Viridiplantae,Streptophytina,Magnoliopsida,Brassicales,Brassicaceae,Arabis,,A0A087HEH8,AALP_Aa2g007700,Arabisalpina(Alpinerock-cress),319,3.4.21.105,,A0A087HEH8;,
A0A0E0QM08_ORYRU,RHOMBOID-like protein (EC 3.4.21.105),Peptidase S54 family,Eukaryota,Viridiplantae,Streptophytina,Petrosaviidae,Poales,Oryzoideae,Oryza,,A0A0E0QM08,,Oryzarufipogon(Brownbeardrice)(Asianwildrice),328,3.4.21.105,,A0A0E0QM08;,
M3VZX8_FELCA,Rhomboid-related protein 2 (EC 3.4.21.105),Peptidase S54 family,Eukaryota,Metazoa,Craniata,Mammalia,Feliformia,Felinae,Felis,,M3VZX8,RHBDL2,Feliscatus(Cat)(Felissilvestriscatus),303,3.4.21.105,XP_011283021.1;XP_019692250.1;XP_019692251.1;XP_019692252.1;,M3VZX8;,
G0SGI5_CHATD,Rhomboid-type serine protease (EC 3.4.21.105),Peptidase S54 family,Eukaryota,Dikarya,Pezizomycotina,Sordariomycetidae,Sordariales,Chaetomiaceae,Thermochaetoides,Thermochaetoidesthermophila,G0SGI5,CTHT_0066450,Chaetomiumthermophilum(strainDSM1495/CBS144.50/IMI039719)(Thermochaetoidesthermophila),496,3.4.21.105,XP_006696942.1;,G0SGI5;,
A0A0E0MRA8_ORYRU,RHOMBOID-like protein (EC 3.4.21.105),Peptidase S54 family,Eukaryota,Viridiplantae,Streptophytina,Petrosaviidae,Poales,Oryzoideae,Oryza,,A0A0E0MRA8,,Oryzarufipogon(Brownbeardrice)(Asianwildrice),393,3.4.21.105,,A0A0E0MRA8;,
A0A096RGD5_MAIZE,,,,,,,,,,,A0A096RGD5,,,,,,,
I1LQD4_SOYBN,Peptidase S54 rhomboid domain-containing protein,Peptidase S54 family,Eukaryota,Viridiplantae,Streptophytina,Magnoliopsida,Fabales,Papilionoideae,Glycinesubgen.Soja,,I1LQD4,GLYMA_12G051500,Glycinemax(Soybean)(Glycinehispida),285,,XP_003541163.2;XP_006592146.1;,,
A0A0B0N043_GOSAR,RHOMBOID-like protein (EC 3.4.21.105),Peptidase S54 family,Eukaryota,Viridiplantae,Streptophytina,Magnoliopsida,Malvales,Malvoideae,Gossypium,,A0A0B0N043,F383_34628,Gossypiumarboreum(Treecotton)(Gossypiumnanking),328,3.4.21.105,XP_017638742.1;,A0A0B0N043;,
K4C624_SOLLC,,,,,,,,,,,K4C624,,,,,,,
M0URB5_HORVV,,,,,,,,,,,M0URB5,,,,,,,
G3S3B0_GORGO,Rhomboid-related protein 1 (EC 3.4.21.105),Peptidase S54 family,Eukaryota,Metazoa,Craniata,Mammalia,Catarrhini,Homininae,Gorilla,Gorillagorilla,G3S3B0,RHBDL1,Gorillagorillagorilla(Westernlowlandgorilla),373,3.4.21.105,XP_004056944.1;,G3S3B0;,
J4KQW3_BEAB2,Rhomboid-type serine protease (EC 3.4.21.105),Peptidase S54 family,Eukaryota,Dikarya,Pezizomycotina,Hypocreomycetidae,Hypocreales,Cordycipitaceae,Beauveria,Beauveriabassiana,J4KQW3,BBA_00773,Beauveriabassiana(strainARSEF2860)(Whitemuscardinediseasefungus)(Tritirachiumshiotae),517,3.4.21.105,XP_008594092.1;,J4KQW3;,
A0A6D2X9Q7_PONAB,Rhomboid-related protein 2 (EC 3.4.21.105),Peptidase S54 family,Eukaryota,Metazoa,Craniata,Mammalia,Catarrhini,Ponginae,Pongo,,A0A6D2X9Q7,RHBDL2CR201_G0015604,Pongoabelii(Sumatranorangutan)(Pongopygmaeusabelii),303,3.4.21.105,XP_009250532.1;,,
A0A096RKR5_MAIZE,,,,,,,,,,,A0A096RKR5,,,,,,,
G9ME29_HYPVG,Rhomboid-type serine protease (EC 3.4.21.105),Peptidase S54 family,Eukaryota,Dikarya,Pezizomycotina,Hypocreomycetidae,Hypocreales,Hypocreaceae,Trichoderma,Hypocreavirens,G9ME29,TRIVIDRAFT_34861,Hypocreavirens(strainGv29-8/FGSC10586)(Gliocladiumvirens)(Trichodermavirens),510,3.4.21.105,XP_013961529.1;,G9ME29;,
K4R318_STRDJ,Integral membrane protein,,Bacteria,Bacillati,Actinomycetota,Actinomycetes,Kitasatosporales,Streptomycetaceae,Streptomyces,Streptomycesdavaonensis,K4R318,BN159_6292,Streptomycesdavaonensis(strainDSM101723/JCM4913/KCCS-0913/768),236,,,K4R318;,
A0A0E0B3S8_9ORYZ,Peptidase S54 rhomboid domain-containing protein,Peptidase S54 family,Eukaryota,Viridiplantae,Streptophytina,Petrosaviidae,Poales,Oryzoideae,Oryza,,A0A0E0B3S8,,Oryzaglumipatula,332,,,A0A0E0B3S8;,
F1PFS8_CANLF,,,,,,,,,,,F1PFS8,,,,,,,
A0A0K9Q245_ZOSMR,Rhomboid family protein,Peptidase S54 family,Eukaryota,Viridiplantae,Streptophytina,Magnoliopsida,Alismatales,Zosteraceae,Zostera,,A0A0K9Q245,ZOSMA_116G00540,Zosteramarina(Eelgrass),402,,,A0A0K9Q245;,
W5DTI0_WHEAT,,,,,,,,,,,W5DTI0,,,,,,,
A0A0E0M3M2_ORYPU,RHOMBOID-like protein (EC 3.4.21.105),Peptidase S54 family,Eukaryota,Viridiplantae,Streptophytina,Petrosaviidae,Poales,Oryzoideae,Oryza,,A0A0E0M3M2,,Oryzapunctata(Redrice),325,3.4.21.105,,A0A0E0M3M2;,
C5WR29_SORBI,UBA domain-containing protein,Peptidase S54 family,Eukaryota,Viridiplantae,Streptophytina,Petrosaviidae,Poales,Panicoideae,Sorghum,,C5WR29,SORBI_3001G151600,Sorghumbicolor(Sorghum)(Sorghumvulgare),396,,XP_002464152.1;,C5WR29;,
B8BIL4_ORYSI,RHOMBOID-like protein (EC 3.4.21.105),Peptidase S54 family,Eukaryota,Viridiplantae,Streptophytina,Petrosaviidae,Poales,Oryzoideae,Oryza,Oryzasativa,B8BIL4,OsI_37086,Oryzasativasubsp.indica(Rice),773,3.4.21.105,,B8BIL4;,
A0A0D9V8X7_9ORYZ,Peptidase S54 rhomboid domain-containing protein,Peptidase S54 family,Eukaryota,Viridiplantae,Streptophytina,Petrosaviidae,Poales,Oryzoideae,Leersia,,A0A0D9V8X7,,Leersiaperrieri,273,,,A0A0D9V8X7;,
A0A078C9S8_BRANA,,,,,,,,,,,A0A078C9S8,,,,,,,
A0A0D2QSV4_GOSRA,RHOMBOID-like protein (EC 3.4.21.105),Peptidase S54 family,Eukaryota,Viridiplantae,Streptophytina,Magnoliopsida,Malvales,Malvoideae,Gossypium,,A0A0D2QSV4,B456_003G130900,Gossypiumraimondii(Peruviancotton)(Gossypiumklotzschianumsubsp.raimondii),416,3.4.21.105,XP_012471318.1;,A0A0D2QSV4;,
A0A059AFY9_EUCGR,RHOMBOID-like protein (EC 3.4.21.105),Peptidase S54 family,Eukaryota,Viridiplantae,Streptophytina,Magnoliopsida,Myrtales,Myrtoideae,Eucalyptus,,A0A059AFY9,EUGRSUZ_J02047,Eucalyptusgrandis(Floodedgum),375,3.4.21.105,XP_010033120.1;XP_010033121.1;XP_010033122.1;,A0A059AFY9;,
V7C4W2_PHAVU,RHOMBOID-like protein (EC 3.4.21.105),Peptidase S54 family,Eukaryota,Viridiplantae,Streptophytina,Magnoliopsida,Fabales,Papilionoideae,Phaseolus,,V7C4W2,PHAVU_004G120400g,Phaseolusvulgaris(Kidneybean)(Frenchbean),327,3.4.21.105,XP_007152326.1;,V7C4W2;,
A2WXW6_ORYSI,Peptidase S54 rhomboid domain-containing protein,Peptidase S54 family,Eukaryota,Viridiplantae,Streptophytina,Petrosaviidae,Poales,Oryzoideae,Oryza,Oryzasativa,A2WXW6,OsI_04771,Oryzasativasubsp.indica(Rice),273,,,A2WXW6;,
A0A0E0B5J5_9ORYZ,RHOMBOID-like protein (EC 3.4.21.105),Peptidase S54 family,Eukaryota,Viridiplantae,Streptophytina,Petrosaviidae,Poales,Oryzoideae,Oryza,,A0A0E0B5J5,,Oryzaglumipatula,323,3.4.21.105,,A0A0E0B5J5;,
A0A0P0XMQ6_ORYSJ,Os09g0454100 protein,Peptidase S54 family,Eukaryota,Viridiplantae,Streptophytina,Petrosaviidae,Poales,Oryzoideae,Oryza,Oryzasativa,A0A0P0XMQ6,Os09g0454100OsJ_29608OSNPB_090454100,Oryzasativasubsp.japonica(Rice),349,,XP_015610682.1;,A0A0P0XMQ6;,
V4KD79_EUTSA,RHOMBOID-like protein (EC 3.4.21.105),Peptidase S54 family,Eukaryota,Viridiplantae,Streptophytina,Magnoliopsida,Brassicales,Brassicaceae,Eutrema,,V4KD79,EUTSA_v10023594mg,Eutremasalsugineum(Saltwatercress)(Sisymbriumsalsugineum),321,3.4.21.105,XP_006391778.1;,V4KD79;,
R8BPY5_PHAM7,Rhomboid-type serine protease (EC 3.4.21.105),Peptidase S54 family,Eukaryota,Dikarya,Pezizomycotina,Sordariomycetidae,Togniniales,Togniniaceae,Phaeoacremonium,Phaeoacremoniumminimum,R8BPY5,UCRPA7_3076,Phaeoacremoniumminimum(strainUCR-PA7)(Escadiseasefungus)(Togniniaminima),530,3.4.21.105,XP_007913720.1;,R8BPY5;,
A0A061G7V0_THECC,RHOMBOID-like protein (EC 3.4.21.105),Peptidase S54 family,Eukaryota,Viridiplantae,Streptophytina,Magnoliopsida,Malvales,Byttnerioideae,Theobroma,,A0A061G7V0,TCM_015111,Theobromacacao(Cacao)(Cocoa),334,3.4.21.105,,A0A061G7V0;,
K3Y8H4_SETIT,RHOMBOID-like protein (EC 3.4.21.105),Peptidase S54 family,Eukaryota,Viridiplantae,Streptophytina,Petrosaviidae,Poales,Panicoideae,Setaria,,K3Y8H4,LOC101771685SETIT_7G203700v2,Setariaitalica(Foxtailmillet)(Panicumitalicum),343,3.4.21.105,XP_004976530.1;,,
A0A0E0KU39_ORYPU,RHOMBOID-like protein (EC 3.4.21.105),Peptidase S54 family,Eukaryota,Viridiplantae,Streptophytina,Petrosaviidae,Poales,Oryzoideae,Oryza,,A0A0E0KU39,,Oryzapunctata(Redrice),341,3.4.21.105,,A0A0E0KU39;,
B4G1H4_MAIZE,RHOMBOID-like protein (EC 3.4.21.105),Peptidase S54 family,Eukaryota,Viridiplantae,Streptophytina,Petrosaviidae,Poales,Panicoideae,Zea,,B4G1H4,LOC100274505ZEAMMB73_Zm00001d021231,Zeamays(Maize),324,3.4.21.105,NP_001142335.1;,,
A0A0E0QSA3_ORYRU,Peptidase S54 rhomboid domain-containing protein,Peptidase S54 family,Eukaryota,Viridiplantae,Streptophytina,Petrosaviidae,Poales,Oryzoideae,Oryza,,A0A0E0QSA3,,Oryzarufipogon(Brownbeardrice)(Asianwildrice),332,,,A0A0E0QSA3;,
L9KYG9_TUPCH,rhomboid protease (EC 3.4.21.105),Mitochondrial Rho GTPase family; Peptidase S54 family,Eukaryota,Metazoa,Craniata,Mammalia,Scandentia,Tupaiidae,Tupaia,,L9KYG9,TREES_T100011793,Tupaiachinensis(Chinesetreeshrew),1019,3.4.21.105,,L9KYG9;,
W5F291_WHEAT,,,,,,,,,,,W5F291,,,,,,,
F6YMM9_XENTR,,,,,,,,,,,F6YMM9,,,,,,,
A0A078IGU7_BRANA,RHOMBOID-like protein (EC 3.4.21.105),Peptidase S54 family,Eukaryota,Viridiplantae,Streptophytina,Magnoliopsida,Brassicales,Brassicaceae,Brassica,,A0A078IGU7,BnaA09g10810DDARMORV10_A09P13470.1GSBRNA2T00092561001,Brassicanapus(Rape),321,3.4.21.105,,A0A078IGU7;,
C0HEG2_MAIZE,Rhomboid-like protein 15,Peptidase S54 family,Eukaryota,Viridiplantae,Streptophytina,Petrosaviidae,Poales,Panicoideae,Zea,,C0HEG2,LOC100192896ZEAMMB73_Zm00001d033502,Zeamays(Maize),396,,XP_008644044.1;,,
I1LJP1_SOYBN,Peptidase S54 rhomboid domain-containing protein,Peptidase S54 family,Eukaryota,Viridiplantae,Streptophytina,Magnoliopsida,Fabales,Papilionoideae,Glycinesubgen.Soja,,I1LJP1,LOC100778645GLYMA_11G126900,Glycinemax(Soybean)(Glycinehispida),271,,,,
A0A0D3H7M2_9ORYZ,Peptidase S54 rhomboid domain-containing protein,Peptidase S54 family,Eukaryota,Viridiplantae,Streptophytina,Petrosaviidae,Poales,Oryzoideae,Oryza,,A0A0D3H7M2,,Oryzabarthii,327,,,A0A0D3H7M2;,
Q8LNI7_ORYSJ,RHOMBOID-like protein (EC 3.4.21.105),Peptidase S54 family,Eukaryota,Viridiplantae,Streptophytina,Petrosaviidae,Poales,Oryzoideae,Oryza,Oryzasativa,Q8LNI7,OSJNBb0028C01.27,Oryzasativasubsp.japonica(Rice),329,3.4.21.105,,Q8LNI7;,
J3KWF2_ORYBR,RHOMBOID-like protein (EC 3.4.21.105),Peptidase S54 family,Eukaryota,Viridiplantae,Streptophytina,Petrosaviidae,Poales,Oryzoideae,Oryza,,J3KWF2,,Oryzabrachyantha(malosina),276,3.4.21.105,XP_006645497.2;,J3KWF2;,
K9X7A9_9NOST,Putative membrane protein,Peptidase S54 family,Bacteria,Bacillati,Cyanobacteriota,Cyanophyceae,Nostocales,Nostocaceae,Cylindrospermum,Cylindrospermumstagnale,K9X7A9,Cylst_5993,CylindrospermumstagnalePCC7417,239,,WP_015211199.1;,K9X7A9;,
A0A0D3EXB9_9ORYZ,Peptidase S54 rhomboid domain-containing protein,Peptidase S54 family,Eukaryota,Viridiplantae,Streptophytina,Petrosaviidae,Poales,Oryzoideae,Oryza,,A0A0D3EXB9,,Oryzabarthii,273,,,A0A0D3EXB9;,
A0A067D959_CITSI,RHOMBOID-like protein (EC 3.4.21.105),Peptidase S54 family,Eukaryota,Viridiplantae,Streptophytina,Magnoliopsida,Sapindales,Aurantioideae,Citrus,,A0A067D959,CISIN_1g037392mg,Citrussinensis(Sweetorange)(Citrusaurantiumvar.sinensis),389,3.4.21.105,,A0A067D959;,
R0GIA1_9BRAS,RHOMBOID-like protein (EC 3.4.21.105),Peptidase S54 family,Eukaryota,Viridiplantae,Streptophytina,Magnoliopsida,Brassicales,Brassicaceae,Capsella,,R0GIA1,CARUB_v10020670mg,Capsellarubella,318,3.4.21.105,XP_006302563.1;,R0GIA1;,
V7BWK7_PHAVU,RHOMBOID-like protein (EC 3.4.21.105),Peptidase S54 family,Eukaryota,Viridiplantae,Streptophytina,Magnoliopsida,Fabales,Papilionoideae,Phaseolus,,V7BWK7,PHAVU_005G144600g,Phaseolusvulgaris(Kidneybean)(Frenchbean),390,3.4.21.105,XP_007150330.1;,V7BWK7;,
A0A096RGD2_MAIZE,,,,,,,,,,,A0A096RGD2,,,,,,,
A0A078I7Y3_BRANA,RHOMBOID-like protein (EC 3.4.21.105),Peptidase S54 family,Eukaryota,Viridiplantae,Streptophytina,Magnoliopsida,Brassicales,Brassicaceae,Brassica,,A0A078I7Y3,BnaA09g12900DDARMORV10_A09P15670.1GSBRNA2T00082992001,Brassicanapus(Rape),319,3.4.21.105,XP_013661589.1;,A0A078I7Y3;,
K3YIJ2_SETIT,RHOMBOID-like protein (EC 3.4.21.105),Peptidase S54 family,Eukaryota,Viridiplantae,Streptophytina,Petrosaviidae,Poales,Panicoideae,Setaria,,K3YIJ2,LOC101774648SETIT_6G235900v2,Setariaitalica(Foxtailmillet)(Panicumitalicum),331,3.4.21.105,XP_004974112.1;,,
F7BYT1_MONDO,rhomboid protease (EC 3.4.21.105),Peptidase S54 family,Eukaryota,Metazoa,Craniata,Mammalia,Didelphimorphia,Didelphinae,Monodelphis,,F7BYT1,RHBDL1,Monodelphisdomestica(Grayshort-tailedopossum),495,3.4.21.105,XP_007499283.1;,F7BYT1;,
A0A072UEY4_MEDTR,Putative serine endopeptidase (EC 3.4.21.-) (Rhomboid family protein),Peptidase S54 family,Eukaryota,Viridiplantae,Streptophytina,Magnoliopsida,Fabales,Papilionoideae,Medicago,,A0A072UEY4,25499567MTR_7g107390MtrunA17_Chr7g0268441,Medicagotruncatula(Barrelmedic)(Medicagotribuloides),409,3.4.21.-,XP_013450312.1;,A0A072UEY4;,
A0A0A0L6G0_CUCSA,RHOMBOID-like protein (EC 3.4.21.105),Peptidase S54 family,Eukaryota,Viridiplantae,Streptophytina,Magnoliopsida,Cucurbitales,Cucurbitaceae,Cucumis,,A0A0A0L6G0,Csa_3G180410,Cucumissativus(Cucumber),323,3.4.21.105,XP_004140785.1;XP_011651137.1;,A0A0A0L6G0;,
W5FSH5_WHEAT,,,,,,,,,,,W5FSH5,,,,,,,
M0RU99_MUSAM,,,,,,,,,,,M0RU99,,,,,,,
W5EXB3_WHEAT,,,,,,,,,,,W5EXB3,,,,,,,
A0A078BZA7_BRANA,,,,,,,,,,,A0A078BZA7,,,,,,,
A0A0D2QCM8_GOSRA,RHOMBOID-like protein (EC 3.4.21.105),Peptidase S54 family,Eukaryota,Viridiplantae,Streptophytina,Magnoliopsida,Malvales,Malvoideae,Gossypium,,A0A0D2QCM8,B456_009G098700,Gossypiumraimondii(Peruviancotton)(Gossypiumklotzschianumsubsp.raimondii),418,3.4.21.105,XP_012442391.1;,A0A0D2QCM8;,
G3WA00_SARHA,Rhomboid-related protein 1 (EC 3.4.21.105),Peptidase S54 family,Eukaryota,Metazoa,Craniata,Mammalia,Dasyuromorphia,Dasyuridae,Sarcophilus,,G3WA00,RHBDL1,Sarcophilusharrisii(Tasmaniandevil)(Sarcophiluslaniarius),382,3.4.21.105,,G3WA00;,
G1R9Q5_NOMLE,rhomboid protease (EC 3.4.21.105),Peptidase S54 family,Eukaryota,Metazoa,Craniata,Mammalia,Catarrhini,Hylobatidae,Nomascus,,G1R9Q5,RHBDL1,Nomascusleucogenys(Northernwhite-cheekedgibbon)(Hylobatesleucogenys),437,3.4.21.105,,G1R9Q5;,
A0A022QJC0_ERYGU,RHOMBOID-like protein (EC 3.4.21.105),Peptidase S54 family,Eukaryota,Viridiplantae,Streptophytina,Magnoliopsida,Lamiales,Phrymaceae,Erythranthe,,A0A022QJC0,MIMGU_mgv1a007670mg,Erythrantheguttata(Yellowmonkeyflower)(Mimulusguttatus),399,3.4.21.105,XP_012850419.1;,A0A022QJC0;,
V4S4L6_CITCL,RHOMBOID-like protein (EC 3.4.21.105),Peptidase S54 family,Eukaryota,Viridiplantae,Streptophytina,Magnoliopsida,Sapindales,Aurantioideae,Citrus,,V4S4L6,CICLE_v10011927mg,Citrusclementina(Clementine)(CitrusdeliciosaxCitrussinensis),313,3.4.21.105,XP_006429098.1;,V4S4L6;,
C5X638_SORBI,RHOMBOID-like protein (EC 3.4.21.105),Peptidase S54 family,Eukaryota,Viridiplantae,Streptophytina,Petrosaviidae,Poales,Panicoideae,Sorghum,,C5X638,SORBI_3002G270700,Sorghumbicolor(Sorghum)(Sorghumvulgare),325,3.4.21.105,XP_002462700.1;,C5X638;,
RBL6_ARATH,RHOMBOID-like protein,,Eukaryota,Viridiplantae,Streptophytina,Magnoliopsida,Brassicales,Brassicaceae,Arabidopsis,Arabidopsisthaliana,RBL6,RBL6,Arabidopsisthaliana(Mouse-earcress),307,3.4.21.105,NP_001184975.1;NM_001198046.2;NP_001322583.1;NM_001332051.1;NP_001322584.1;NM_001332050.1;NP_001322586.1;NM_001332048.1;NP_172735.1;NM_101145.3,Q8VZ48;,
RHBL4_RAT,Rhomboid-related protein 4,,Eukaryota,Metazoa,Craniata,Mammalia,Myomorpha,Murinae,Rattus,,RHBL4,Rhbdd1,Rattusnorvegicus(Rat),316,3.4.21.105,,Q4V8F3,
GLPG_ECOLI,Rhomboid protease GlpG,Peptidase S54 family,Bacteria,Bacteria,Pseudomonadota,Gammaproteobacteria,Enterobacterales,Enterobacteriaceae,Escherichia,Escherichiacoli,P09391,glpG,Escherichiacoli(strainK12),276,3.4.21.105,WP_000928723.1;NZ_LN832404.1;YP_026220.1;NC_000913.3,P09391,2NRF
RBL13_ARATH,RHOMBOID-like protein 13 ,,Eukaryota,Viridiplantae,Streptophytina,Magnoliopsida,Brassicales,Brassicaceae,Arabidopsis,Arabidopsisthaliana,Q9M1B5,RBL13,Arabidopsisthaliana(Mouse-earcress),269,3.4.21.-,NP_191511.1;NM_115814.2,Q9M1B5,
GLUP_BACSU,Rhomboid protease GluP,Peptidase S54 family,Bacteria,Bacillati,Bacillota,Bacilli,Bacillales,Bacillaceae,Bacillus,,P54493,gluP,Bacillussubtilis(strain168),507,3.4.21.105,NP_390367.2;NC_000964.3;WP_003230128.1;NZ_OZ025638.1,P54493,
RBL1_ARATH,RHOMBOID-like protein 1,,Eukaryota,Viridiplantae,Streptophytina,Magnoliopsida,Brassicales,Brassicaceae,Arabidopsis,Arabidopsisthaliana,Q0WQX7,RBL1,Arabidopsisthaliana(Mouse-earcress),389,3.4.21.105,NP_001077973.1;NM_001084504.1;NP_180469.3;NM_128462.4,Q0WQX7,
RHBL1_HUMAN,Rhomboid-related protein 1,,Eukaryota,Metazoa,Craniata,Mammalia,Catarrhini,Homininae,Homo,,O75783,RHBDL1,Homosapiens(Human),438,3.4.21.105,NP_001265649.1;NM_001278720.1;NP_001265650.1;NM_001278721.1;NP_001305662.1;NM_001318733.1,O75783,
RHBL1_MOUSE,Rhomboid-related protein 1,,Eukaryota,Metazoa,Craniata,Mammalia,Myomorpha,Murinae,Mus,,Q8VC82,Rhbdl1,Musmusculus(Mouse),373,3.4.21.105,NP_659065.1;NM_144816.1,Q8VC82,
RBL12_ARATH,RHOMBOID-like protein 12,,Eukaryota,Viridiplantae,Streptophytina,Magnoliopsida,Brassicales,Brassicaceae,Arabidopsis,Arabidopsisthaliana,Q9FZ81,RBL12,Arabidopsisthaliana(Mouse-earcress),336,3.4.21.-,NP_564058.1;NM_101718.5,Q9FZ81,
RBL10_ARATH,RHOMBOID-like protein 10,Peptidase S54 family,Eukaryota,Viridiplantae,Streptophytina,Magnoliopsida,Brassicales,Brassicaceae,Arabidopsis,Arabidopsisthaliana,F4ICF4,RBL10,Arabidopsisthaliana(Mouse-earcress),343,3.4.21.105,NP_001185093.1.NM_001198164.2;NP_173900.2;NM_102339.3,F4ICF4,
RBL2_ARATH,RHOMBOID-like protein 2,Peptidase S54 family,Eukaryota,Viridiplantae,Streptophytina,Magnoliopsida,Brassicales,Brassicaceae,Arabidopsis,Arabidopsisthaliana,Q9CAN1,RBL2,Arabidopsisthaliana(Mouse-earcress),317,3.4.21.105,NP_176500.1;NM_104990.4,Q9CAN1,
RBL4_ARATH,RHOMBOID-like protein 4,,Eukaryota,Viridiplantae,Streptophytina,Magnoliopsida,Brassicales,Brassicaceae,Arabidopsis,Arabidopsisthaliana,F4JBM4,RBL4,Arabidopsisthaliana(Mouse-earcress),394,3.4.21.105,NP_566989.1;NM_115238.2;NP_850698.1;NM_180367.2,F4JBM4,
RHBL2_HUMAN,Rhomboid-related protein 2,,Eukaryota,Metazoa,Craniata,Mammalia,Catarrhini,Homininae,Homo,,Q9NX52,RHBDL2,Homosapiens(Human),303,3.4.21.105,NP_060291.2;NM_017821.4,Q9NX52,
RHBL2_MOUSE,Rhomboid-related protein 2,,Eukaryota,Metazoa,Craniata,Mammalia,Myomorpha,Murinae,Mus,,A2AGA4,Rhbdl2,Musmusculus(Mouse),302,3.4.21.105,NP_898986.2;NM_183163.2;XP_006503088.1;XM_006503025.3,A2AGA4,
ROM1_CAEEL,Rhomboid-related protein 1,,Eukaryota,Metazoa,Nematoda,Chromadorea,Rhabditomorpha,Peloderinae,Caenorhabditis,,Q19821,Rom-1,Caenorhabditiselegans,356,3.4.21.105,NP_498029.2;NM_065628.2,Q19821,
RBD2_YEAST,Rhomboid-type serine protease 2,,Eukaryota,Dikarya,Saccharomycotina,Saccharomycetes,Saccharomycetales,Saccharomycetaceae,Saccharomyces,Saccharomycescerevisiae,Q12270,RBD2,Saccharomycescerevisiae(strainATCC204508/S288c)(Baker’syeast),262,3.4.21.105,NP_015078.1;NM_001184060.1,Q12270,
RBL3_ARATH,RHOMBOID-like protein 3,,Eukaryota,Viridiplantae,Streptophytina,Magnoliopsida,Brassicales,Brassicaceae,Arabidopsis,Arabidopsisthaliana,Q9LYP1,RBL3,Arabidopsisthaliana(Mouse-earcress),346,3.4.21.105,NP_001119182.1;NM_001125710.1;NP_196342.1;NM_120807.4,Q9LYP1,
RHBD3_MOUSE,Rhomboid domain-containing protein 3,,Eukaryota,Metazoa,Craniata,Mammalia,Myomorpha,Murinae,Mus,,Q8BP97,Rhbdd3,Musmusculus(Mouse),385,,NP_001277420.1;NM_001290491.1;NP_001277421.1;NM_001290492.1;NP_001277422.1;NM_001290493.1;NP_796344.1;NM_177370.4;XP_006514777.1;XM_006514714.3,Q8BP97,
GLPG_HAEIN,Rhomboid protease GlpG,Peptidase S54 family,Bacteria,Bacteria,Pseudomonadota,Gammaproteobacteria,Pasteurellales,Pasteurellaceae,Haemophilus,Haemophilusinfluenzae,P44783,glpG,Haemophilusinfluenzae(strainATCC51907/DSM11121/KW20/Rd),192,3.4.21.105,NP_438776.1;NC_000907.1,AF-P44783-F1,2NR9
GLPG_PHOLL,Rhomboid protease GlpG,Peptidase S54 family,Bacteria,Bacteria,Pseudomonadota,Gammaproteobacteria,Enterobacterales,Morganellaceae,Photorhabdus,Photorhabduslaumondiisubsp.laumondii,Q7N9W4,glpG,Photorhabduslaumondiisubsp.Laumondii(strainDSM15139/CIP105565/TT01)(Photorhabdusluminescenssubsp.Laumondii),282,3.4.21.105,WP_011144597.1;NC_005126.1,Q7N9W4,
GLPG_SODGM,Rhomboid protease GlpG,Peptidase S54 family,Bacteria,Bacteria,Pseudomonadota,Gammaproteobacteria,Enterobacterales,Bruguierivoracaceae,Sodalis,Sodalisglossinidius,Q2NQH3,glpG,Sodalisglossinidius(strainmorsitans),282,3.4.21.105,WP_011412134.1;NZ_LN854557.1,Q2NQH3,
GLPG_PECAS,Rhomboid protease GlpG,Peptidase S54 family,Bacteria,Bacteria,Pseudomonadota,Gammaproteobacteria,Enterobacterales,Pectobacteriaceae,Pectobacterium,Pectobacteriumatrosepticum,Q6CZL3,glpG,Pectobacteriumatrosepticum(strainSCRI1043/ATCCBAA-672)(Erwiniacarotovorasubsp.Atroseptica),276,3.4.21.105,WP_011095609.1;NC_004547.2,Q6CZL3,
GLPG_CROS8,Rhomboid protease GlpG homolog,,Bacteria,Bacteria,Pseudomonadota,Gammaproteobacteria,Enterobacterales,Enterobacteriaceae,Cronobacter,Cronobactersakazakii,A7MGE5,glpG,Cronobactersakazakii(strainATCCBAA-894)(Enterobactersakazakii),276,,WP_007899829.1;NC_009778.1,A7MGE5,
GLPG_YERPE,Rhomboid protease GlpG,Peptidase S54 family,Bacteria,Bacteria,Pseudomonadota,Gammaproteobacteria,Enterobacterales,Yersiniaceae,Yersinia,,Q7CFX8,glpG,Yersiniapestis,278,3.4.21.105,WP_002216348.1;NZ_WUCM01000004.1;YP_002345209.1;NC_003143.1,Q7CFX8,
GLPG_SERP5,Rhomboid protease GlpG,Peptidase S54 family,Bacteria,Bacteria,Pseudomonadota,Gammaproteobacteria,Enterobacterales,Yersiniaceae,Serratia,Serratiaproteomaculans,A8GKU2,glpG,Serratiaproteamaculans(strain568),278,3.4.21.105,,A8GKU2,
GLPG_KLEP7,Rhomboid protease GlpG,Peptidase S54 family,Bacteria,Bacteria,Pseudomonadota,Gammaproteobacteria,Enterobacterales,Enterobacteriaceae,Klebsiella,Klebsiellapneumoniae,A6TF43,glpG,Klebsiellapneumoniaesubsp.Pneumoniae(strainATCC700721/MGH78578),276,3.4.21.105,,A6TF43,
GLPG_ENT38,Rhomboid protease GlpG,Peptidase S54 family,Bacteria,Bacteria,Pseudomonadota,Gammaproteobacteria,Enterobacterales,Enterobacteriaceae,Enterobacter,,A4WFK8,glpG,Enterobactersp.(strain638),276,3.4.21.105,WP_015960793.1;NC_009436.1,A4WFK8,
GLPG_CITK8,Rhomboid protease GlpG,Peptidase S54 family,Bacteria,Bacteria,Pseudomonadota,Gammaproteobacteria,Enterobacterales,Enterobacteriaceae,Citrobacter,Citrobacterkoseri,A8AQX4,glpG,Citrobacterkoseri(strainATCCBAA-895/CDC4225-83/SGSC4696),276,3.4.21.105,WP_012135528.1;NC_009792.1,A8AQX4,
GLPG_SHIDS,Rhomboid protease GlpG,Peptidase S54 family,Bacteria,Bacteria,Pseudomonadota,Gammaproteobacteria,Enterobacterales,Enterobacteriaceae,Shigella,Shigelladysenteriae,Q32AN6,glpG,Shigelladysenteriaeserotype1(strainSd197),276,3.4.21.105,WP_000928722.1;NC_007606.1;YP_405110.1;NC_007606.1,Q32AN6,
GLPG_SALAR,Rhomboid protease GlpG,Peptidase S54 family,Bacteria,Bacteria,Pseudomonadota,Gammaproteobacteria,Enterobacterales,Enterobacteriaceae,Salmonella,Salmonellaenterica,A9MMA7,glpG,Salmonellaarizonae(strainATCCBAA-731/CDC346-86/RSK2980),276,3.4.21.105,,A9MMA7,
GLPG_SALTY,Rhomboid protease GlpG,Peptidase S54 family,Bacteria,Bacteria,Pseudomonadota,Gammaproteobacteria,Enterobacterales,Enterobacteriaceae,Salmonella,Salmonellatyphimurium,Q8ZLH5,glpG,Salmonellatyphimurium(strainLT2/SGSC1412/ATCC700720),276,3.4.21.105,NP_462426.1;NC_003197.2;WP_000928699.1;NC_003197.2,Q8ZLH5,
B1XNG7_SYNP2,,,Bacteria,Bacillati,Cyanobacteriota,Cyanophyceae,Synechococcales,Synechococcaceae,Synechococcus,,,,,,,,,
A2E4V6_TRIVA,,,Eukaryota,,Metamonada,,Trichomonadida,Trichomonadidae,,,,,,,,,,
D6TME0_9CHLR,,,Bacteria,Bacillati,Chloroflexota,Chloroflexia,Ktedonobacterales,Ktedonobacteraceae,Ktedonobacter,,,,,,,,,
Q1K2S8_DESAC,,,Bacteria,Bacteria,Pseudomonadota,Deltaproteobacteria,Desulfuromonadales,Desulfuromonadaceae,Desulfuromonas,,,,,,,,,
A0A075U0B9_9LACT,,,Bacteria,Bacillati,Bacillota,Bacilli,Lactobacillales,Leuconostocaceae,Weissella,,,,,,,,,
A3ZWU8_9PLAN,,,Bacteria,,Pseudomonadota,,Planctomycetales,Planctomycetaceae,Blastopirellula,,,,,,,,,
R7DEX5_9PORP,,,,,,,,,,,,,,,,,,
K0PWP6_9RHIZ,,,,,,,,,,,,,,,,,,
A0A0D6JJ20_9RHIZ,,,,,,,,,,,,,,,,,,
A0A0G4EB91_9ALVE,,,,,,,,,,,,,,,,,,
L1J379_GUITH,,,,,,,,,,,,,,,,,,
E2CFZ2_9RHOB,,,,,,,,,,,,,,,,,,
A1R0T5_ARTAT,,,,,,,,,,,,,,,,,,
I3BWD9_9GAMM,,,,,,,,,,,,,,,,,,
A0A0B2X439_9HYPO,,,,,,,,,,,,,,,,,,
A3DEA1_CLOTH,,,,,,,,,,,,,,,,,,
G8LXJ6_CLOCD,,,,,,,,,,,,,,,,,,
A0A0F2TG56_9ACTN,,,,,,,,,,,,,,,,,,
B8HEW3_ARTCA,,,,,,,,,,,,,,,,,,
Q1K039_DESAC,,,,,,,,,,,,,,,,,,
C0GDH9_9FIRM,,,,,,,,,,,,,,,,,,
B4WH87_9SYNE,,,,,,,,,,,,,,,,,,
I0Z9D9_9CHLO,,,,,,,,,,,,,,,,,,
G4MSG3_MAGO7,,,,,,,,,,,,,,,,,,
A0A0C7NVT0_9BACT,,,,,,,,,,,,,,,,,,
A0A0G4GER0_9ALVE,,,Eukaryota,,,,,,,,,,,,,,,
A0A0F5LNY9_9RHIZ,,,,,,,,,,,,,,,,,,
D9R0Z1_CLOSW,,,,,,,,,,,,,,,,,,
E6TWX2_BACCJ,,,,,,,,,,,,,,,,,,
A0A0M2H259_9MICO,,,,,,,,,,,,,,,,,,
E2PWL0_STRC2,,,,,,,,,,,,,,,,,,
L8ERM8_STRRM,,,,,,,,,,,,,,,,,,
D5MH82_9BACT,,,,,,,,,,,,,,,,,,
B9QNZ0_TOXGO,,,,,,,,,,,,,,,,,,
I4EQ27_MODMB,,,,,,,,,,,,,,,,,,
A9KPY7_CLOPH,,,,,,,,,,,,,,,,,,
M4X4U4_PSEDE,,,,,,,,,,,,,,,,,,
F6ERG6_AMYSD,,,,,,,,,,,,,,,,,,
G9WG31_9LACT,,,,,,,,,,,,,,,,,,
M1FAX9_9ALTE,,,,,,,,,,,,,,,,,,
R4SQZ6_AMYOR,,,,,,,,,,,,,,,,,,
A0A0G0LSE8_9BACT,,,,,,,,,,,,,,,,,,
C6BSG1_DESAD,,,,,,,,,,,,,,,,,,
I0Z531_9CHLO,,,,,,,,,,,,,,,,,,
F5Y8N1_TREAZ,,,,,,,,,,,,,,,,,,
W3WRT7_9PEZI,,,,,,,,,,,,,,,,,,
A0A0G3QG13_KLUIN,,,,,,,,,,,,,,,,,,
H7FLZ2_9FLAO,,,,,,,,,,,,,,,,,,
U4KS50_9MOLU,,,Bacteria,,,,,,,,,,,,,,,
I0Z371_9CHLO,,,,,,,,,,,,,,,,,,
K4RBY5_9ACTN,,,,,,,,,,,,,,,,,,
C8NCM5_9GAMM,,,,,,,,,,,,,,,,,,
E3J3G2_FRASU,,,,,,,,,,,,,,,,,,
W0EYQ0_9SPHI,,,,,,,,,,,,,,,,,,
D7VKZ9_9SPHI,,,,,,,,,,,,,,,,,,
B3E582_GEOLS,,,,,,,,,,,,,,,,,,
I0X7Q5_9SPIO,,,,,,,,,,,,,,,,,,
M1VE62_CYAME,,,,,,,,,,,,,,,,,,
B6WRA9_9DELT,,,,,,,,,,,,,,,,,,
G7CCR3_MYCTH,,,,,,,,,,,,,,,,,,
B4WIX2_9SYNE,,,,,,,,,,,,,,,,,,
A0A066VNQ0_9BASI,,,,,,,,,,,,,,,,,,
A6G432_9DELT,,,,,,,,,,,,,,,,,,
K9UJ29_9CHRO,,,,,,,,,,,,,,,,,,
D6SST6_9DELT,,,,,,,,,,,,,,,,,,
F4GJT3_SPHCD,,,,,,,,,,,,,,,,,,
R6S7I1_9BACE,,,,,,,,,,,,,,,,,,
E6TV38_BACCJ,,,,,,,,,,,,,,,,,,
I5B376_9DELT,,,,,,,,,,,,,,,,,,
B8D2L0_DESK1,,,,,,,,,,,,,,,,,,
K5A9W3_PAEAL,,,,,,,,,,,,,,,,,,
C6RF18_9PROT,,,,,,,,,,,,,,,,,,
A0A088T114_9MOLU,,,,,,,,,,,,,,,,,,
A0A0A7GBK0_9EURY,,,,,,,,,,,,,,,,,,
F7Q0Q1_9BACT,,,,,,,,,,,,,,,,,,
G3IYF1_9GAMM,,,,,,,,,,,,,,,,,,
C8PGG1_9PROT,,,,,,,,,,,,,,,,,,
L8GPZ4_ACACA,,,,,,,,,,,,,,,,,,
V5SHL7_9RHIZ,,,,,,,,,,,,,,,,,,
Q5WH94_BACSK,,,,,,,,,,,,,,,,,,
D7BI66_MEISD,,,,,,,,,,,,,,,,,,
A0A0E9N599_9SPHI,,,,,,,,,,,,,,,,,,
Q3A6Z3_PELCD,,,,,,,,,,,,,,,,,,
A3U1X6_OCEBH,,,,,,,,,,,,,,,,,,
A1U2D2_MARHV,,,,,,,,,,,,,,,,,,
K9U997_9CHRO,,,,,,,,,,,,,,,,,,
Q312A1_DESAG,,,,,,,,,,,,,,,,,,
A0A0F5FHG2_9RHIZ,,,,,,,,,,,,,,,,,,
S2DQW1_9BACT,,,,,,,,,,,,,,,,,,
B0RH80_CLAMS,,,,,,,,,,,,,,,,,,
K7SN11_PROA4,,,,,,,,,,,,,,,,,,
S0GNM0_9PORP,,,,,,,,,,,,,,,,,,
L1I841_GUITH,,,,,,,,,,,,,,,,,,
I0Z3K7_9CHLO,,,,,,,,,,,,,,,,,,
E2CM51_9RHOB,,,,,,,,,,,,,,,,,,
A0A0K8P5I4_9BURK,,,,,,,,,,,,,,,,,,
G0QZU3_ICHMG,,,Eukaryota,,,,,,,,,,,,,,,
J9W5S6_LACBU,,,,,,,,,,,,,,,,,,
K2P7Z8_9RHIZ,,,,,,,,,,,,,,,,,,
A1U5B7_MARHV,,,,,,,,,,,,,,,,,,
D3FRX6_BACPE,,,,,,,,,,,,,,,,,,
C0XRA1_9CORY,,,,,,,,,,,,,,,,,,
W4FXV8_9STRA,,,,,,,,,,,,,,,,,,
A4XWI1_PSEMY,,,,,,,,,,,,,,,,,,
G4N4Z4_MAGO7,,,,,,,,,,,,,,,,,,
I0YQM4_9CHLO,,,,,,,,,,,,,,,,,,
L0J860_MYCSM,,,,,,,,,,,,,,,,,,
H1XQ84_9BACT,,,,,,,,,,,,,,,,,,
A0A068SP19_RHIGA,,,,,,,,,,,,,,,,,,
W5YTC5_9ALTE,,,,,,,,,,,,,,,,,,
A0A098C2E7_9PORP,,,,,,,,,,,,,,,,,,
A0A094XDJ4_BACAO,,,,,,,,,,,,,,,,,,
W8RVD8_PSEST,,,,,,,,,,,,,,,,,,
E0MKZ5_9RHOB,,,,,,,,,,,,,,,,,,
I6X6E9_PROPF,,,,,,,,,,,,,,,,,,
I3U2U5_ENTFC,,,,,,,,,,,,,,,,,,
Q6A9A5_PROAC,,,,,,,,,,,,,,,,,,
J2B034_9RHIZ,,,,,,,,,,,,,,,,,,
A5VKU1_LACRD,,,,,,,,,,,,,,,,,,
A0A0F5Q7J2_9RHIZ,,,,,,,,,,,,,,,,,,
C3KMY8_RHISN,,,,,,,,,,,,,,,,,,
B7VMA3_VIBTL,,,,,,,,,,,,,,,,,,
D5DWS9_BACMQ,,,,,,,,,,,,,,,,,,
K8Z672_9STRA,,,,,,,,,,,,,,,,,,
F4BYX7_METCG,,,,,,,,,,,,,,,,,,
B5HHG5_STRPR,,,,,,,,,,,,,,,,,,
Q9KCZ8_BACHD,,,,,,,,,,,,,,,,,,
G6Y3I1_9RHIZ,,,,,,,,,,,,,,,,,,
F5Z5Z1_ALTSS,,,,,,,,,,,,,,,,,,
K0EFK7_9NOCA,,,,,,,,,,,,,,,,,,
A3K5A0_9RHOB,,,,,,,,,,,,,,,,,,
F8B0L2_FRADG,,,,,,,,,,,,,,,,,,
Q1JZ12_DESAC,,,,,,,,,,,,,,,,,,
B4WQ52_9SYNE,,,,,,,,,,,,,,,,,,
F4BZG1_METCG,,,,,,,,,,,,,,,,,,
A6GA97_9DELT,,,,,,,,,,,,,,,,,,
A0A0L0NHY4_9HYPO,,,,,,,,,,,,,,,,,,
G4T7J1_PIRID,,,,,,,,,,,,,,,,,,
T2KNF9_9FLAO,,,,,,,,,,,,,,,,,,
A0A066VW66_9HOMO,,,,,,,,,,,,,,,,,,
E1R4Q5_SPISS,,,,,,,,,,,,,,,,,,
A0A0H5C9N1_CYBJA,,,,,,,,,,,,,,,,,,
I2K7A1_9PROT,,,,,,,,,,,,,,,,,,
G2IIG0_9SPHN,,,,,,,,,,,,,,,,,,
W4FXI3_9STRA,,,,,,,,,,,,,,,,,,
W6RB38_9RHIZ,,,,,,,,,,,,,,,,,,
K6CAT6_BACAZ,,,,,,,,,,,,,,,,,,
B5IJ94_9CHRO,,,,,,,,,,,,,,,,,,
J0QXG9_9RHIZ,,,,,,,,,,,,,,,,,,
F0R8I1_BACSH,,,,,,,,,,,,,,,,,,
C4XSM9_DESMR,,,,,,,,,,,,,,,,,,
T2KM56_9FLAO,,,,,,,,,,,,,,,,,,
A0A0B5S1F8_9FLAO,,,,,,,,,,,,,,,,,,
A0A0D5LU15_9RHIZ,,,,,,,,,,,,,,,,,,
A0A0G4JUH8_9ENTR,,,,,,,,,,,,,,,,,,
N0BAJ8_9RHIZ,,,,,,,,,,,,,,,,,,
A0A0M3BS50_9RHIZ,,,,,,,,,,,,,,,,,,
A5V3E2_SPHWW,,,,,,,,,,,,,,,,,,
V4Z806_TOXGO,,,,,,,,,,,,,,,,,,
A0A0N1BB95_9BRAD,,,,,,,,,,,,,,,,,,
A2D941_TRIVA,,,,,,,,,,,,,,,,,,
Q3J4G6_RHOS4,,,,,,,,,,,,,,,,,,
I4Z2X3_9RHIZ,,,,,,,,,,,,,,,,,,
A0A0F5FT55_9RHIZ,,,,,,,,,,,,,,,,,,
A1R4A5_ARTAT,,,,,,,,,,,,,,,,,,
A3DC19_CLOTH,,,,,,,,,,,,,,,,,,
E6VTQ5_DESAO,,,,,,,,,,,,,,,,,,
Q8XR63_RALSO,,,,,,,,,,,,,,,,,,
R5TUT8_9FIRM,,,,,,,,,,,,,,,,,,
M4VBL5_9DELT,,,,,,,,,,,,,,,,,,
A0A0N0E7X5_9RHOB,,,,,,,,,,,,,,,,,,
A0A068NZ37_9BACT,,,,,,,,,,,,,,,,,,
W0F0K3_9SPHI,,,,,,,,,,,,,,,,,,
W6RYX5_9RHIZ,,,,,,,,,,,,,,,,,,
Q1JWY2_DESAC,,,,,,,,,,,,,,,,,,
C1EAR4_MICSR,,,,,,,,,,,,,,,,,,
A0A0F6YJV2_9DELT,,,,,,,,,,,,,,,,,,
H1XYS7_9BACT,,,,,,,,,,,,,,,,,,
M5G5M7_DACSP,,,,,,,,,,,,,,,,,,
A6X099_OCHA4,,,,,,,,,,,,,,,,,,
U7FR85_9RHOB,,,,,,,,,,,,,,,,,,
G5I9M8_9CLOT,,,,,,,,,,,,,,,,,,
Q3IHW2_PSEHT,,,,,,,,,,,,,,,,,,
A0A0F5LSX1_9RHIZ,,,,,,,,,,,,,,,,,,
A3ZSX4_9PLAN,,,,,,,,,,,,,,,,,,
A1ZXZ5_9BACT,,,,,,,,,,,,,,,,,,
D7BI71_MEISD,,,,,,,,,,,,,,,,,,
A0A0G0XA70_9BACT,,,,,,,,,,,,,,,,,,
B7RGW4_9RHOB,,,,,,,,,,,,,,,,,,
V5SDQ9_9RHIZ,,,,,,,,,,,,,,,,,,
L8EFJ1_STRRM,,,,,,,,,,,,,,,,,,
A0A068SU53_RHIGA,,,,,,,,,,,,,,,,,,
D4YF40_9LACT,,,,,,,,,,,,,,,,,,
J1TCR0_9RHIZ,,,,,,,,,,,,,,,,,,
A0A0G4F2E7_9ALVE,,,,,,,,,,,,,,,,,,
W4FVG2_9STRA,,,,,,,,,,,,,,,,,,
B8I365_CLOCE,,,,,,,,,,,,,,,,,,
V4J9K1_9DELT,,,,,,,,,,,,,,,,,,
A0A0F0GW46_NOCAE,,,,,,,,,,,,,,,,,,
I4EHN5_9CHLR,,,,,,,,,,,,,,,,,,
A0A023CLK3_GEOSE,,,,,,,,,,,,,,,,,,
T2GE02_DESGI,,,,,,,,,,,,,,,,,,
L7VLW6_CLOSH,,,,,,,,,,,,,,,,,,
K6D7D7_BACAZ,,,,,,,,,,,,,,,,,,
A0A023X244_9ACTN,,,,,,,,,,,,,,,,,,
A0A0G0WA34_9BACT,,,,,,,,,,,,,,,,,,
G8LWV5_CLOCD,,,,,,,,,,,,,,,,,,
K8WJ09_PRORE,,,,,,,,,,,,,,,,,,
M2MNC6_BAUCO,,,,,,,,,,,,,,,,,,
B8FLJ6_DESAA,,,,,,,,,,,,,,,,,,
C1E693_MICSR,,,,,,,,,,,,,,,,,,
A9KQC3_CLOPH,,,,,,,,,,,,,,,,,,
Q03RP1_LACBA,,,,,,,,,,,,,,,,,,
L8H3K7_ACACA,,,,,,,,,,,,,,,,,,
M1WSX6_DESPC,,,,,,,,,,,,,,,,,,
F4PH58_DICFS,,,Eukaryota,,,,,,,,,,,,,,,
Q72DA6_DESVH,,,,,,,,,,,,,,,,,,
Q0FM53_PELBH,,,,,,,,,,,,,,,,,,
M1WVN7_DESPC,,,,,,,,,,,,,,,,,,
Q5E204_VIBF1,,,,,,,,,,,,,,,,,,
A0A094WHF5_BACAO,,,,,,,,,,,,,,,,,,
Q0FQV8_PELBH,,,,,,,,,,,,,,,,,,
G8AMM9_AZOBR,,,,,,,,,,,,,,,,,,
A8ESD6_ARCB4,,,,,,,,,,,,,,,,,,
A6FX11_9DELT,,,,,,,,,,,,,,,,,,
A0A068QXP9_9ENTR,,,,,,,,,,,,,,,,,,
W6KIW9_9PROT,,,,,,,,,,,,,,,,,,
E1VRK9_ARTAR,,,,,,,,,,,,,,,,,,
D6X9J9_STRPR,,,,,,,,,,,,,,,,,,
G8AL32_AZOBR,,,,,,,,,,,,,,,,,,
A0A0A1B6I6_9ENTR,,,,,,,,,,,,,,,,,,
A0A067MY51_9HOMO,,,,,,,,,,,,,,,,,,
G2SPP3_LACRR,,,,,,,,,,,,,,,,,,
R4M0V9_9ACTN,,,,,,,,,,,,,,,,,,
Q8XW20_RALSO,,,,,,,,,,,,,,,,,,
B6JEH4_OLICO,,,,,,,,,,,,,,,,,,
A1ZXF2_9BACT,,,,,,,,,,,,,,,,,,
D3FYJ5_BACPE,,,,,,,,,,,,,,,,,,
A0A0K6GHP3_9HOMO,,,,,,,,,,,,,,,,,,
C4R609_PICPG,,,,,,,,,,,,,,,,,,
U7G9S6_9RHOB,,,,,,,,,,,,,,,,,,
M1FH03_9ALTE,,,,,,,,,,,,,,,,,,
H2BYU5_9FLAO,,,,,,,,,,,,,,,,,,
J3NWN0_GAGT3,,,,,,,,,,,,,,,,,,
G2TPM1_BACCO,,,,,,,,,,,,,,,,,,
A4VM69_PSEU5,,,,,,,,,,,,,,,,,,
M0YBN7_HORVD,,,,,,,,,,,,,,,,,,
V4SWJ6_9ROSI,,,,,,,,,,,,,,,,,,
G2MNA4_9ARCH,,,,,,,,,,,,,,,,,,
A0A015M5N1_9GLOM,,,,,,,,,,,,,,,,,,
K9U782_9CYAN,,,,,,,,,,,,,,,,,,
B9JFH2_AGRRK,,,,,,,,,,,,,,,,,,
I3EAH1_BACMT,,,,,,,,,,,,,,,,,,
A0A059WAB7_STRA9,,,,,,,,,,,,,,,,,,
A0A0A7S738_9GAMM,,,,,,,,,,,,,,,,,,
A0A074S719_9HOMO,,,,,,,,,,,,,,,,,,
K9TXK3_9CYAN,,,,,,,,,,,,,,,,,,
S6BFD9_PSERE,,,,,,,,,,,,,,,,,,
E7GRN3_CLOSY,,,,,,,,,,,,,,,,,,
M4DTE0_BRARP,,,,,,,,,,,,,,,,,,
A0A067U0N7_9AGAR,,,,,,,,,,,,,,,,,,
K4R6Z7_9ACTN,,,,,,,,,,,,,,,,,,
A0A059VYG6_STRA9,,,,,,,,,,,,,,,,,,
A0A0J6R8Y4_9RHIZ,,,,,,,,,,,,,,,,,,
G2PRU6_MURRD,,,,,,,,,,,,,,,,,,
G8QBN4_PSEFL,,,,,,,,,,,,,,,,,,
A0A0F5FUI6_9RHIZ,,,,,,,,,,,,,,,,,,
Q5WJW2_BACSK,,,,,,,,,,,,,,,,,,
S9YDB3_9CETA,,,,,,,,,,,,,,,,,,
Q6AB21_PROAC,,,,,,,,,,,,,,,,,,
I2N245_9ACTN,,,,,,,,,,,,,,,,,,
B7RNX0_9RHOB,,,,,,,,,,,,,,,,,,
D6A9Q9_9ACTN,,,,,,,,,,,,,,,,,,
G2PRD4_MURRD,,,,,,,,,,,,,,,,,,
W5YSR2_9ALTE,,,,,,,,,,,,,,,,,,
D5DSB4_BACMQ,,,,,,,,,,,,,,,,,,
B1WVW9_CYAA5,,,,,,,,,,,,,,,,,,
F4QD49_DICFS,,,,,,,,,,,,,,,,,,
D6TCH9_9CHLR,,,,,,,,,,,,,,,,,,
W2S230_9EURO,,,,,,,,,,,,,,,,,,
H0QHA6_ARTGO,,,,,,,,,,,,,,,,,,
W8KN54_HALHR,,,,,,,,,,,,,,,,,,
D6TMD9_9CHLR,,,,,,,,,,,,,,,,,,
A0A0P7T7N6_9TELE,,,,,,,,,,,,,,,,,,
B9JWE7_AGRVS,,,,,,,,,,,,,,,,,,
A0A0E9N7X7_9ASCO,,,,,,,,,,,,,,,,,,
I5ASA9_EUBCE,,,,,,,,,,,,,,,,,,
K8WK67_9ENTR,,,,,,,,,,,,,,,,,,
W3X8E5_9PEZI,,,,,,,,,,,,,,,,,,
A0A0D1LRA3_9LACT,,,,,,,,,,,,,,,,,,
A0A0D4CJ81_9LACO,,,,,,,,,,,,,,,,,,
E0UI74_CYAP2,,,,,,,,,,,,,,,,,,
A0A0F6VYI9_9DELT,,,,,,,,,,,,,,,,,,
K9U4A9_9CYAN,,,,,,,,,,,,,,,,,,
A0A0F5FND7_9RHIZ,,,,,,,,,,,,,,,,,,
A0A0E9MXA9_9SPHI,,,,,,,,,,,,,,,,,,
A0A067MYJ4_9HOMO,,,,,,,,,,,,,,,,,,
K0W1J5_9RHIZ,,,,,,,,,,,,,,,,,,
F0JKK8_DESDE,,,,,,,,,,,,,,,,,,
L0MP94_SERMA,,,,,,,,,,,,,,,,,,
R6KMI0_9CLOT,,,,,,,,,,,,,,,,,,
Q9KFG2_BACHD,,,,,,,,,,,,,,,,,,
N0B2S5_9RHIZ,,,,,,,,,,,,,,,,,,
A0A0B4X3P2_9RHIZ,,,,,,,,,,,,,,,,,,
A0A0F2NAY4_9DELT,,,,,,,,,,,,,,,,,,
M0XTC0_HORVD,,,,,,,,,,,,,,,,,,
A0A0F2TG87_9ACTN,,,,,,,,,,,,,,,,,,
G7QE35_9DELT,,,,,,,,,,,,,,,,,,
T2GDI2_DESGI,,,,,,,,,,,,,,,,,,
H7EIA2_9SPIO,,,,,,,,,,,,,,,,,,
Q7U864_SYNPX,,,,,,,,,,,,,,,,,,
Q8XPW1_RALSO,,,,,,,,,,,,,,,,,,
A0A090F5Y4_9RHIZ,,,,,,,,,,,,,,,,,,
K8YP61_9STRA,,,,,,,,,,,,,,,,,,
W4FXT3_9STRA,,,,,,,,,,,,,,,,,,
Q038D8_LACC3,,,,,,,,,,,,,,,,,,
H0QKL5_ARTGO,,,,,,,,,,,,,,,,,,
M0URB6_HORVD,,,,,,,,,,,,,,,,,,
K1LEN5_9BACT,,,,,,,,,,,,,,,,,,
W5YTW8_9ALTE,,,,,,,,,,,,,,,,,,
M4X2C6_PSEDE,,,,,,,,,,,,,,,,,,
M4D3D2_BRARP,,,,,,,,,,,,,,,,,,
A2F737_TRIVA,,,,,,,,,,,,,,,,,,
A0A068Z5I3_9ENTR,,,,,,,,,,,,,,,,,,
A0A059W5W0_STRA9,,,,,,,,,,,,,,,,,,
T0Q454_9STRA,,,,,,,,,,,,,,,,,,
B5HTI4_9ACTN,,,,,,,,,,,,,,,,,,
A0A0M3B7Q7_9RHIZ,,,,,,,,,,,,,,,,,,
K0VW03_9RHIZ,,,,,,,,,,,,,,,,,,
B3JK86_9BACE,,,,,,,,,,,,,,,,,,
B8DP36_DESVM,,,,,,,,,,,,,,,,,,
D6SUC0_9DELT,,,,,,,,,,,,,,,,,,
D8DT28_PREBR,,,,,,,,,,,,,,,,,,
A1U6X8_MARHV,,,,,,,,,,,,,,,,,,
RHBD3_RAT,,,,,,,,,,,,,,,,,,
D5EVQ5_PRER2,,,,,,,,,,,,,,,,,,
C3MB41_RHISN,,,,,,,,,,,,,,,,,,
W0L8F6_9ENTR,,,,,,,,,,,,,,,,,,
A0LZH9_GRAFK,,,,,,,,,,,,,,,,,,
A0A0A0Z6V6_9ENTR,,,,,,,,,,,,,,,,,,
C8N6T0_9GAMM,,,,,,,,,,,,,,,,,,
A0A0K0G191_9BILA,,,,,,,,,,,,,,,,,,
M4EDY7_BRARP,,,,,,,,,,,,,,,,,,
H2BR77_9FLAO,,,,,,,,,,,,,,,,,,
A0A068QYR7_9ENTR,,,,,,,,,,,,,,,,,,
U5QHG6_9CYAN,,,,,,,,,,,,,,,,,,
C0AUC4_9ENTR,,,,,,,,,,,,,,,,,,
G7LUV7_9ENTR,,,,,,,,,,,,,,,,,,
V4TWZ0_9ROSI,,,,,,,,,,,,,,,,,,
Q81VF8_BACAN,,,,,,,,,,,,,,,,,,
B7KLH0_CYAP7,,,,,,,,,,,,,,,,,,
A0A0F5L7F0_9RHIZ,,,,,,,,,,,,,,,,,,
L2FNQ0_COLGN,,,,,,,,,,,,,,,,,,
B8H7E1_ARTCA,,,,,,,,,,,,,,,,,,
W4FVH6_9STRA,,,,,,,,,,,,,,,,,,
C7H3B4_9FIRM,,,,,,,,,,,,,,,,,,
G2P9R0_STRVO,,,,,,,,,,,,,,,,,,
F7FI16_MACMU,,,,,,,,,,,,,,,,,,
A0A0F5ICL0_9BACI,,,,,,,,,,,,,,,,,,
W4KNX7_9HOMO,,,,,,,,,,,,,,,,,,
W0HSI0_9ENTR,,,,,,,,,,,,,,,,,,
I2G302_USTH4,,,,,,,,,,,,,,,,,,
M4DGM4_BRARP,,,,,,,,,,,,,,,,,,
M0YBN8_HORVD,,,,,,,,,,,,,,,,,,
F2EBV9_HORVD,,,,,,,,,,,,,,,,,,
J2JFV7_9FLAO,,,,,,,,,,,,,,,,,,
A0A084QGY4_9HYPO,,,,,,,,,,,,,,,,,,
V5ER64_PSEBG,,,,,,,,,,,,,,,,,,
B7K6U8_CYAP7,,,,,,,,,,,,,,,,,,
RHBD3_HUMAN,,,,,,,,,,,,,,,,,,
M0URB7_HORVD,,,,,,,,,,,,,,,,,,
B3L6K0_PLAKH,,,,,,,,,,,,,,,,,,
A0A0N0ZUH7_9FLAO,,,,,,,,,,,,,,,,,,
L8F1K8_STRRM,,,,,,,,,,,,,,,,,,
M0YIA3_HORVD,,,,,,,,,,,,,,,,,,
M4CNZ2_BRARP,,,,,,,,,,,,,,,,,,
R7EHF4_9BACE,,,,,,,,,,,,,,,,,,
V4SLX2_9ROSI,,,,,,,,,,,,,,,,,,
Q2JCX7_FRASC,,,,,,,,,,,,,,,,,,
M0WRB1_HORVD,,,,,,,,,,,,,,,,,,
S9Z1L8_9CETA,,,,,,,,,,,,,,,,,,
B5HQK5_9ACTN,,,,,,,,,,,,,,,,,,
M4DEE1_BRARP,,,,,,,,,,,,,,,,,,
V4T160_9ROSI,,,,,,,,,,,,,,,,,,
A0A086TDA5_ACRCH,,,,,,,,,,,,,,,,,,
M0WRA9_HORVD,,,,,,,,,,,,,,,,,,
F6QM94_XENTR,,,,,,,,,,,,,,,,,,
M0WRB0_HORVD,,,,,,,,,,,,,,,,,,
V4US16_9ROSI,,,,,,,,,,,,,,,,,,
A0A0M2KKZ1_9ENTR,,,,,,,,,,,,,,,,,,
M0WRA8_HORVD,,,,,,,,,,,,,,,,,,
M4CS34_BRARP,,,,,,,,,,,,,,,,,,
M0ZFR1_HORVD,,,,,,,,,,,,,,,,,,
M0URA5_HORVD,,,,,,,,,,,,,,,,,,
G1LUV2_AILME,,,,,,,,,,,,,,,,,,
M4EFQ9_BRARP,,,,,,,,,,,,,,,,,,
F1RFI9_PIG,,,,,,,,,,,,,,,,,,
A0A084FVE1_9PEZI,,,,,,,,,,,,,,,,,,
D5ZQW0_9ACTN,,,,,,,,,,,,,,,,,,
M0XTB9_HORVD,,,,,,,,,,,,,,,,,,
J3PGI7_GAGT3,,,,,,,,,,,,,,,,,,
H2NPL1_PONAB,,,,,,,,,,,,,,,,,,
M0YIA1_HORVD,,,,,,,,,,,,,,,,,,
M4CYI2_BRARP,,,,,,,,,,,,,,,,,,
A0A063C2Q4_9HYPO,,,,,,,,,,,,,,,,,,
V4SR96_9ROSI,,,,,,,,,,,,,,,,,,
M0XTC2_HORVD,,,,,,,,,,,,,,,,,,
M0URB5_HORVD,,,,,,,,,,,,,,,,,,
H2N7W6_PONAB,,,,,,,,,,,,,,,,,,
K4R318_9ACTN,,,,,,,,,,,,,,,,,,
Q67UY4_ORYSJ,,,,,,,,,,,,,,,,,,
R8BPY5_TOGMI,,,,,,,,,,,,,,,,,,
V4S4L6_9ROSI,,,,,,,,,,,,,,,,,,
I0YLQ8_9CHLO,,,Eukaryota,,,,,,,,,,,,,,,
