seq_id,full_seq_id,taxonomy,vertebrate,blood_type,species,class,order,family,prot_specificity,other
4139558,gi|4139558|pdb|3TGI|E__vertebrate|warm|Rattus norvegicus|Mammalia|Rodentia|Muridae|trypsin|,vertebrate|warm|Rattus norvegicus|Mammalia|Rodentia|Muridae|trypsin|,vertebrate,warm,Rattus norvegicus,Mammalia,Rodentia,Muridae,trypsin,
7546312,gi|7546312|pdb|1QNJ|A__vertebrate|warm|Sus scrofa|Mammalia|Laurasiatheria|Suidae|elastase|,vertebrate|warm|Sus scrofa|Mammalia|Laurasiatheria|Suidae|elastase|,vertebrate,warm,Sus scrofa,Mammalia,Laurasiatheria,Suidae,elastase,
230004,gi|230004|pdb|1HNE|E__vertebrate|warm|Homo sapiens|Mammalia|Primates|Hominidae|elastase|,vertebrate|warm|Homo sapiens|Mammalia|Primates|Hominidae|elastase|,vertebrate,warm,Homo sapiens,Mammalia,Primates,Hominidae,elastase,
4139720,gi|4139720|pdb|1KLT__vertebrate|warm|Homo sapiens|Mammalia|Primates|Hominidae|chymase|,vertebrate|warm|Homo sapiens|Mammalia|Primates|Hominidae|chymase|,vertebrate,warm,Homo sapiens,Mammalia,Primates,Hominidae,chymase,
10835843,gi|10835843|pdb|1FI8|B__vertebrate|warm|Rattus norvegicus|Mammalia|Rodentia|Muridae|granzyme|b,vertebrate|warm|Rattus norvegicus|Mammalia|Rodentia|Muridae|granzyme|b,vertebrate,warm,Rattus norvegicus,Mammalia,Rodentia,Muridae,granzyme,b
14278517,gi|14278517|pdb|1EUF|A__vertebrate|warm|Bos taurus|Mammalia|Ruminantia|Bovidae|duodenase|,vertebrate|warm|Bos taurus|Mammalia|Ruminantia|Bovidae|duodenase|,vertebrate,warm,Bos taurus,Mammalia,Ruminantia,Bovidae,duodenase,
83753983,gi|83753983|pdb|2AFQ|B__vertebrate|warm|Homo sapiens|Mammalia|Primates|Hominidae|thrombin|,vertebrate|warm|Homo sapiens|Mammalia|Primates|Hominidae|thrombin|,vertebrate,warm,Homo sapiens,Mammalia,Primates,Hominidae,thrombin,
2392230,gi|2392230|pdb|1CGH|A__vertebrate|warm|Homo sapiens|Mammalia|Primates|Hominidae|cathepsin|,vertebrate|warm|Homo sapiens|Mammalia|Primates|Hominidae|cathepsin|,vertebrate,warm,Homo sapiens,Mammalia,Primates,Hominidae,cathepsin,
13096242,gi|13096242|pdb|1FQ3|A__vertebrate|warm|Homo sapiens|Mammalia|Primates|Hominidae|granzyme|b,vertebrate|warm|Homo sapiens|Mammalia|Primates|Hominidae|granzyme|b,vertebrate,warm,Homo sapiens,Mammalia,Primates,Hominidae,granzyme,b
230920,gi|230920|pdb|3RP2|B__vertebrate|warm|Rattus rattus|Mammalia|Rodentia|Muridae|mcp|,vertebrate|warm|Rattus rattus|Mammalia|Rodentia|Muridae|mcp|,vertebrate,warm,Rattus rattus,Mammalia,Rodentia,Muridae,mcp,
1633225,gi|1633225|pdb|1FUJ|A__vertebrate|warm|Homo sapiens|Mammalia|Primates|Hominidae|myeloblastin|,vertebrate|warm|Homo sapiens|Mammalia|Primates|Hominidae|myeloblastin|,vertebrate,warm,Homo sapiens,Mammalia,Primates,Hominidae,myeloblastin,
85544245,gi|85544245|pdb|2B9L|A__not vertebrate|cold|Holotrichia diomphalia|Insecta|Coleoptera|Scarabaeidae|f ii|,not vertebrate|cold|Holotrichia diomphalia|Insecta|Coleoptera|Scarabaeidae|f ii|,not vertebrate,cold,Holotrichia diomphalia,Insecta,Coleoptera,Scarabaeidae,f ii,
10835459,gi|10835459|pdb|1EQ9|A__not vertebrate|cold|Solenopsis invicta|Insecta|Hymenoptera|Formicidae|chymotrypsin|,not vertebrate|cold|Solenopsis invicta|Insecta|Hymenoptera|Formicidae|chymotrypsin|,not vertebrate,cold,Solenopsis invicta,Insecta,Hymenoptera,Formicidae,chymotrypsin,
62738027,gi|62738027|pdb|1T8O|A__vertebrate|warm|Bos taurus|Mammalia|Ruminantia|Bovidae|chymotrypsin|,vertebrate|warm|Bos taurus|Mammalia|Ruminantia|Bovidae|chymotrypsin|,vertebrate,warm,Bos taurus,Mammalia,Ruminantia,Bovidae,chymotrypsin,
1942346,gi|1942346|pdb|1UCY|N__vertebrate|warm|Bos taurus|Mammalia|Ruminantia|Bovidae|thrombin|,vertebrate|warm|Bos taurus|Mammalia|Ruminantia|Bovidae|thrombin|,vertebrate,warm,Bos taurus,Mammalia,Ruminantia,Bovidae,thrombin,
6435698,gi|6435698|pdb|1EKB|B__vertebrate|warm|Bos taurus|Mammalia|Ruminantia|Bovidae|enteropeptidase|,vertebrate|warm|Bos taurus|Mammalia|Ruminantia|Bovidae|enteropeptidase|,vertebrate,warm,Bos taurus,Mammalia,Ruminantia,Bovidae,enteropeptidase,
2392174,gi|2392174|pdb|1AUT|C__vertebrate|warm|Homo sapiens|Mammalia|Primates|Hominidae|protein C|,vertebrate|warm|Homo sapiens|Mammalia|Primates|Hominidae|protein C|,vertebrate,warm,Homo sapiens,Mammalia,Primates,Hominidae,protein C,
6730437,gi|6730437|pdb|1FDP|A__vertebrate|warm|Homo sapiens|Mammalia|Primates|Hominidae|complement factor d|,vertebrate|warm|Homo sapiens|Mammalia|Primates|Hominidae|complement factor d|,vertebrate,warm,Homo sapiens,Mammalia,Primates,Hominidae,complement factor d,
1310934,gi|1310934|pdb|1ELT__vertebrate|cold|Salmo salar|Actinopterygii|Salmoniformes|Salmonidae|elastase|,vertebrate|cold|Salmo salar|Actinopterygii|Salmoniformes|Salmonidae|elastase|,vertebrate,cold,Salmo salar,Actinopterygii,Salmoniformes,Salmonidae,elastase,
4699702,gi|4699702|pdb|1A5I|A__vertebrate|warm|Desmodus rotundus|Mammalia|Chiroptera|Phyllostomidae|plasminogen activator|,vertebrate|warm|Desmodus rotundus|Mammalia|Chiroptera|Phyllostomidae|plasminogen activator|,vertebrate,warm,Desmodus rotundus,Mammalia,Chiroptera,Phyllostomidae,plasminogen activator,
5821850,gi|5821850|pdb|1BML|A__vertebrate|warm|Homo sapiens|Mammalia|Primates|Hominidae|plasmin|,vertebrate|warm|Homo sapiens|Mammalia|Primates|Hominidae|plasmin|,vertebrate,warm,Homo sapiens,Mammalia,Primates,Hominidae,plasmin,
1064990,gi|1064990|pdb|1TRN|A__vertebrate|warm|Homo sapiens|Mammalia|Primates|Hominidae|trypsin|,vertebrate|warm|Homo sapiens|Mammalia|Primates|Hominidae|trypsin|,vertebrate,warm,Homo sapiens,Mammalia,Primates,Hominidae,trypsin,
20149993,gi|20149993|pdb|1H4W|A__vertebrate|warm|Homo sapiens|Mammalia|Primates|Hominidae|trypsin|,vertebrate|warm|Homo sapiens|Mammalia|Primates|Hominidae|trypsin|,vertebrate,warm,Homo sapiens,Mammalia,Primates,Hominidae,trypsin,
23200120,gi|23200120|pdb|1H1B|B__vertebrate|warm|Homo sapiens|Mammalia|Primates|Hominidae|elastase|,vertebrate|warm|Homo sapiens|Mammalia|Primates|Hominidae|elastase|,vertebrate,warm,Homo sapiens,Mammalia,Primates,Hominidae,elastase,
55669526,gi|55669526|pdb|1O5F|H__vertebrate|warm|Homo sapiens|Mammalia|Primates|Hominidae|ELSE|,vertebrate|warm|Homo sapiens|Mammalia|Primates|Hominidae|ELSE|,vertebrate,warm,Homo sapiens,Mammalia,Primates,Hominidae,ELSE,
42543835,gi|42543835|pdb|1UTM|A__vertebrate|cold|Salmo salar|Actinopterygii|Salmoniformes|Salmonidae|trypsin|,vertebrate|cold|Salmo salar|Actinopterygii|Salmoniformes|Salmonidae|trypsin|,vertebrate,cold,Salmo salar,Actinopterygii,Salmoniformes,Salmonidae,trypsin,
4389384,gi|4389384|pdb|1A0J|A__vertebrate|cold|Salmo salar|Actinopterygii|Salmoniformes|Salmonidae|trypsin|,vertebrate|cold|Salmo salar|Actinopterygii|Salmoniformes|Salmonidae|trypsin|,vertebrate,cold,Salmo salar,Actinopterygii,Salmoniformes,Salmonidae,trypsin,
27573862,gi|27573862|pdb|1MBQ|A__vertebrate|cold|Oncorhynchus keta|Actinopterygii|Salmoniformes|Salmonidae|trypsin|,vertebrate|cold|Oncorhynchus keta|Actinopterygii|Salmoniformes|Salmonidae|trypsin|,vertebrate,cold,Oncorhynchus keta,Actinopterygii,Salmoniformes,Salmonidae,trypsin,
67463906,gi|67463906|pdb|1YF4|A__vertebrate|warm|Sus scrofa|Mammalia|Laurasiatheria|Suidae|trypsin|,vertebrate|warm|Sus scrofa|Mammalia|Laurasiatheria|Suidae|trypsin|,vertebrate,warm,Sus scrofa,Mammalia,Laurasiatheria,Suidae,trypsin,
20149797,gi|20149797|pdb|1EB2|A__vertebrate|warm|Bos taurus|Mammalia|Ruminantia|Bovidae|trypsin|,vertebrate|warm|Bos taurus|Mammalia|Ruminantia|Bovidae|trypsin|,vertebrate,warm,Bos taurus,Mammalia,Ruminantia,Bovidae,trypsin,
3212609,gi|3212609|pdb|1SGF|Z__vertebrate|warm|Mus musculus|Mammalia|Rodentia|Muridae|nerve growth factor|,vertebrate|warm|Mus musculus|Mammalia|Rodentia|Muridae|nerve growth factor|,vertebrate,warm,Mus musculus,Mammalia,Rodentia,Muridae,nerve growth factor,
60593495,gi|60593495|pdb|1SPJ|A__vertebrate|warm|Homo sapiens|Mammalia|Primates|Hominidae|kallikrein|,vertebrate|warm|Homo sapiens|Mammalia|Primates|Hominidae|kallikrein|,vertebrate,warm,Homo sapiens,Mammalia,Primates,Hominidae,kallikrein,
4699764,gi|4699764|pdb|1NPM|A__vertebrate|warm|Mus musculus|Mammalia|Rodentia|Muridae|neuropsin|,vertebrate|warm|Mus musculus|Mammalia|Rodentia|Muridae|neuropsin|,vertebrate,warm,Mus musculus,Mammalia,Rodentia,Muridae,neuropsin,
230371,gi|230371|pdb|1TON__vertebrate|warm|Rattus rattus|Mammalia|Rodentia|Muridae|tonin|,vertebrate|warm|Rattus rattus|Mammalia|Rodentia|Muridae|tonin|,vertebrate,warm,Rattus rattus,Mammalia,Rodentia,Muridae,tonin,
2624767,gi|2624767|pdb|1AO5|A__vertebrate|warm|Mus musculus|Mammalia|Rodentia|Muridae|kallikrein|,vertebrate|warm|Mus musculus|Mammalia|Rodentia|Muridae|kallikrein|,vertebrate,warm,Mus musculus,Mammalia,Rodentia,Muridae,kallikrein,
82407844,gi|82407844|pdb|2ANW|A__vertebrate|warm|Homo sapiens|Mammalia|Primates|Hominidae|kallikrein|,vertebrate|warm|Homo sapiens|Mammalia|Primates|Hominidae|kallikrein|,vertebrate,warm,Homo sapiens,Mammalia,Primates,Hominidae,kallikrein,
21465970,gi|21465970|pdb|1L2E|A__vertebrate|warm|Homo sapiens|Mammalia|Primates|Hominidae|kallikrein|,vertebrate|warm|Homo sapiens|Mammalia|Primates|Hominidae|kallikrein|,vertebrate,warm,Homo sapiens,Mammalia,Primates,Hominidae,kallikrein,
49258366,gi|49258366|pdb|1OP0|A__vertebrate|cold|Deinagkistrodon acutus|Gnathostomata|Squamata|Viperidae|venom|,vertebrate|cold|Deinagkistrodon acutus|Gnathostomata|Squamata|Viperidae|venom|,vertebrate,cold,Deinagkistrodon acutus,Gnathostomata,Squamata,Viperidae,venom,
88192901,gi|88192901|pdb|2F9N|A__vertebrate|warm|Homo sapiens|Mammalia|Primates|Hominidae|tryptase|,vertebrate|warm|Homo sapiens|Mammalia|Primates|Hominidae|tryptase|,vertebrate,warm,Homo sapiens,Mammalia,Primates,Hominidae,tryptase,
49258367,gi|49258367|pdb|1OP2|A__vertebrate|cold|Deinagkistrodon acutus|Gnathostomata|Squamata|Viperidae|venom|,vertebrate|cold|Deinagkistrodon acutus|Gnathostomata|Squamata|Viperidae|venom|,vertebrate,cold,Deinagkistrodon acutus,Gnathostomata,Squamata,Viperidae,venom,
75765443,gi|75765443|pdb|1X7A|C__vertebrate|warm|Sus scrofa|Mammalia|Laurasiatheria|Suidae|f ixa|,vertebrate|warm|Sus scrofa|Mammalia|Laurasiatheria|Suidae|f ixa|,vertebrate,warm,Sus scrofa,Mammalia,Laurasiatheria,Suidae,f ixa,
18655574,gi|18655574|pdb|1EAX|A__vertebrate|warm|Homo sapiens|Mammalia|Primates|Hominidae|matriptase|,vertebrate|warm|Homo sapiens|Mammalia|Primates|Hominidae|matriptase|,vertebrate,warm,Homo sapiens,Mammalia,Primates,Hominidae,matriptase,
24158620,gi|24158620|pdb|1GVZ|A__vertebrate|warm|Equus caballus|Mammalia|Perissodactyla|Equidae|psa|,vertebrate|warm|Equus caballus|Mammalia|Perissodactyla|Equidae|psa|,vertebrate,warm,Equus caballus,Mammalia,Perissodactyla,Equidae,psa,
5821881,gi|5821881|pdb|1BQY|A__vertebrate|cold|Viridovipera stejnegeri|Gnathostomata|Squamata|Viperidae|plasminogen activator|,vertebrate|cold|Viridovipera stejnegeri|Gnathostomata|Squamata|Viperidae|plasminogen activator|,vertebrate,cold,Viridovipera stejnegeri,Gnathostomata,Squamata,Viperidae,plasminogen activator,
5822045,gi|5822045|pdb|1DIC|A__vertebrate|warm|Homo sapiens|Mammalia|Primates|Hominidae|cf d|,vertebrate|warm|Homo sapiens|Mammalia|Primates|Hominidae|cf d|,vertebrate,warm,Homo sapiens,Mammalia,Primates,Hominidae,cf d,
90109319,gi|90109319|pdb|2F9B|H__vertebrate|warm|Homo sapiens|Mammalia|Primates|Hominidae|f viia|,vertebrate|warm|Homo sapiens|Mammalia|Primates|Hominidae|f viia|,vertebrate,warm,Homo sapiens,Mammalia,Primates,Hominidae,f viia,
66361368,gi|66361368|pdb|1Z8G|A__vertebrate|warm|Homo sapiens|Mammalia|Primates|Hominidae|transmembrane|,vertebrate|warm|Homo sapiens|Mammalia|Primates|Hominidae|transmembrane|,vertebrate,warm,Homo sapiens,Mammalia,Primates,Hominidae,transmembrane,
5822391,gi|5822391|pdb|1RFN|A__vertebrate|warm|Homo sapiens|Mammalia|Primates|Hominidae|f ixa|,vertebrate|warm|Homo sapiens|Mammalia|Primates|Hominidae|f ixa|,vertebrate,warm,Homo sapiens,Mammalia,Primates,Hominidae,f ixa,
42543248,gi|42543248|pdb|1P57|B__vertebrate|warm|Homo sapiens|Mammalia|Primates|Hominidae|hepsin|,vertebrate|warm|Homo sapiens|Mammalia|Primates|Hominidae|hepsin|,vertebrate,warm,Homo sapiens,Mammalia,Primates,Hominidae,hepsin,
56967288,gi|56967288|pdb|1XX9|B__vertebrate|warm|Homo sapiens|Mammalia|Primates|Hominidae|factor xi|,vertebrate|warm|Homo sapiens|Mammalia|Primates|Hominidae|factor xi|,vertebrate,warm,Homo sapiens,Mammalia,Primates,Hominidae,factor xi,
93278886,gi|93278886|pdb|2BMG|B__vertebrate|warm|Homo sapiens|Mammalia|Primates|Hominidae|f xa|,vertebrate|warm|Homo sapiens|Mammalia|Primates|Hominidae|f xa|,vertebrate,warm,Homo sapiens,Mammalia,Primates,Hominidae,f xa,
1633237,gi|1633237|pdb|1DST__vertebrate|warm|Homo sapiens|Mammalia|Primates|Hominidae|cf d|,vertebrate|warm|Homo sapiens|Mammalia|Primates|Hominidae|cf d|,vertebrate,warm,Homo sapiens,Mammalia,Primates,Hominidae,cf d,
2624623,gi|2624623|pdb|1FAX|A__vertebrate|warm|Homo sapiens|Mammalia|Primates|Hominidae|f xa|,vertebrate|warm|Homo sapiens|Mammalia|Primates|Hominidae|f xa|,vertebrate,warm,Homo sapiens,Mammalia,Primates,Hominidae,f xa,
28373818,gi|28373818|pdb|1MZD|A__vertebrate|warm|Homo sapiens|Mammalia|Primates|Hominidae|granzyme|k,vertebrate|warm|Homo sapiens|Mammalia|Primates|Hominidae|granzyme|k,vertebrate,warm,Homo sapiens,Mammalia,Primates,Hominidae,granzyme,k
13400013,gi|13400013|pdb|1H8D|H__vertebrate|warm|Homo sapiens|Mammalia|Primates|Hominidae|thrombin|,vertebrate|warm|Homo sapiens|Mammalia|Primates|Hominidae|thrombin|,vertebrate,warm,Homo sapiens,Mammalia,Primates,Hominidae,thrombin,
67464458,gi|67464458|pdb|1XM1|A__vertebrate|warm|Homo sapiens|Mammalia|Primates|Hominidae|thrombin|,vertebrate|warm|Homo sapiens|Mammalia|Primates|Hominidae|thrombin|,vertebrate,warm,Homo sapiens,Mammalia,Primates,Hominidae,thrombin,
51247369,gi|51247369|pdb|1SL3|A__vertebrate|warm|Homo sapiens|Mammalia|Primates|Hominidae|thrombin|,vertebrate|warm|Homo sapiens|Mammalia|Primates|Hominidae|thrombin|,vertebrate,warm,Homo sapiens,Mammalia,Primates,Hominidae,thrombin,
3891639,gi|3891639|pdb|1KIG|H__vertebrate|warm|Bos taurus|Mammalia|Ruminantia|Bovidae|f xa|,vertebrate|warm|Bos taurus|Mammalia|Ruminantia|Bovidae|f xa|,vertebrate,warm,Bos taurus,Mammalia,Ruminantia,Bovidae,f xa,
56967297,gi|56967297|pdb|1XXF|B__vertebrate|warm|Homo sapiens|Mammalia|Primates|Hominidae|f xia|,vertebrate|warm|Homo sapiens|Mammalia|Primates|Hominidae|f xia|,vertebrate,warm,Homo sapiens,Mammalia,Primates,Hominidae,f xia,
2392458,gi|2392458|pdb|1MKX|K__vertebrate|warm|Bos taurus|Mammalia|Ruminantia|Bovidae|thrombin|,vertebrate|warm|Bos taurus|Mammalia|Ruminantia|Bovidae|thrombin|,vertebrate,warm,Bos taurus,Mammalia,Ruminantia,Bovidae,thrombin,
78101192,gi|78101192|pdb|2A1D|F__vertebrate|warm|Bos taurus|Mammalia|Ruminantia|Bovidae|thrombin|,vertebrate|warm|Bos taurus|Mammalia|Ruminantia|Bovidae|thrombin|,vertebrate,warm,Bos taurus,Mammalia,Ruminantia,Bovidae,thrombin,
7245726,gi|7245726|pdb|1DDJ|C__vertebrate|warm|Homo sapiens|Mammalia|Primates|Hominidae|plasminogen|,vertebrate|warm|Homo sapiens|Mammalia|Primates|Hominidae|plasminogen|,vertebrate,warm,Homo sapiens,Mammalia,Primates,Hominidae,plasminogen,
27573762,gi|27573762|pdb|1L4Z|A__vertebrate|warm|Homo sapiens|Mammalia|Primates|Hominidae|plasminogen|,vertebrate|warm|Homo sapiens|Mammalia|Primates|Hominidae|plasminogen|,vertebrate,warm,Homo sapiens,Mammalia,Primates,Hominidae,plasminogen,
5821885,gi|5821885|pdb|1BRU|P__vertebrate|warm|Sus scrofa|Mammalia|Laurasiatheria|Suidae|elastase|,vertebrate|warm|Sus scrofa|Mammalia|Laurasiatheria|Suidae|elastase|,vertebrate,warm,Sus scrofa,Mammalia,Laurasiatheria,Suidae,elastase,
38492655,gi|38492655|pdb|1OKX|B__vertebrate|warm|Sus scrofa|Mammalia|Laurasiatheria|Suidae|elastase|,vertebrate|warm|Sus scrofa|Mammalia|Laurasiatheria|Suidae|elastase|,vertebrate,warm,Sus scrofa,Mammalia,Laurasiatheria,Suidae,elastase,
11513874,gi|11513874|pdb|1FIZ|A__vertebrate|warm|Sus scrofa|Mammalia|Laurasiatheria|Suidae|acrosin|,vertebrate|warm|Sus scrofa|Mammalia|Laurasiatheria|Suidae|acrosin|,vertebrate,warm,Sus scrofa,Mammalia,Laurasiatheria,Suidae,acrosin,
11513871,gi|11513871|pdb|1FIW|A__vertebrate|warm|Ovis aries|Mammalia|Ruminantia|Bovidae|acrosin|,vertebrate|warm|Ovis aries|Mammalia|Ruminantia|Bovidae|acrosin|,vertebrate,warm,Ovis aries,Mammalia,Ruminantia,Bovidae,acrosin,
33357766,gi|33357766|pdb|1OP8|F__vertebrate|warm|Homo sapiens|Mammalia|Primates|Hominidae|granzyme|a,vertebrate|warm|Homo sapiens|Mammalia|Primates|Hominidae|granzyme|a,vertebrate,warm,Homo sapiens,Mammalia,Primates,Hominidae,granzyme,a
1942486,gi|1942486|pdb|1PYT|D__vertebrate|warm|Bos taurus|Mammalia|Ruminantia|Bovidae|chymotrypsin|,vertebrate|warm|Bos taurus|Mammalia|Ruminantia|Bovidae|chymotrypsin|,vertebrate,warm,Bos taurus,Mammalia,Ruminantia,Bovidae,chymotrypsin,
5107484,gi|5107484|pdb|1BDA|B__vertebrate|warm|Homo sapiens|Mammalia|Primates|Hominidae|plasminogen activator|,vertebrate|warm|Homo sapiens|Mammalia|Primates|Hominidae|plasminogen activator|,vertebrate,warm,Homo sapiens,Mammalia,Primates,Hominidae,plasminogen activator,
4929853,gi|4929853|pdb|1A5H|B__vertebrate|warm|Homo sapiens|Mammalia|Primates|Hominidae|plasminogen activator|,vertebrate|warm|Homo sapiens|Mammalia|Primates|Hominidae|plasminogen activator|,vertebrate,warm,Homo sapiens,Mammalia,Primates,Hominidae,plasminogen activator,
1633228,gi|1633228|pdb|1FUJ|D__vertebrate|warm|Homo sapiens|Mammalia|Primates|Hominidae|PR3|,vertebrate|warm|Homo sapiens|Mammalia|Primates|Hominidae|PR3|,vertebrate,warm,Homo sapiens,Mammalia,Primates,Hominidae,PR3,
10835460,gi|10835460|pdb|1EQ9|B__not vertebrate|cold|Solenopsis invicta|Insecta|Hymenoptera|Formicidae|chymotrypsin|,not vertebrate|cold|Solenopsis invicta|Insecta|Hymenoptera|Formicidae|chymotrypsin|,not vertebrate,cold,Solenopsis invicta,Insecta,Hymenoptera,Formicidae,chymotrypsin,
61680581,gi|61680581|pdb|1YC0|A__vertebrate|warm|Homo sapiens|Mammalia|Primates|Hominidae|hgf|,vertebrate|warm|Homo sapiens|Mammalia|Primates|Hominidae|hgf|,vertebrate,warm,Homo sapiens,Mammalia,Primates,Hominidae,hgf,
50513995,gi|50513995|pdb|1VJA|U__vertebrate|warm|Homo sapiens|Mammalia|Primates|Hominidae|plasminogen activator|,vertebrate|warm|Homo sapiens|Mammalia|Primates|Hominidae|plasminogen activator|,vertebrate,warm,Homo sapiens,Mammalia,Primates,Hominidae,plasminogen activator,
1310822,gi|1310822|pdb|1LMW|B__vertebrate|warm|Homo sapiens|Mammalia|Primates|Hominidae|plasminogen activator|,vertebrate|warm|Homo sapiens|Mammalia|Primates|Hominidae|plasminogen activator|,vertebrate,warm,Homo sapiens,Mammalia,Primates,Hominidae,plasminogen activator,
39654524,gi|39654524|pdb|1PQ8|A__fungi|cold|Fusarium oxysporum|Sordariomycetes|Hypocreales|no record|trypsin|,fungi|cold|Fusarium oxysporum|Sordariomycetes|Hypocreales|no record|trypsin|,fungi,cold,Fusarium oxysporum,Sordariomycetes,Hypocreales,no record,trypsin,
809343,gi|809343|pdb|1PPF|E__vertebrate|warm|Homo sapiens|Mammalia|Primates|Hominidae|elastase|,vertebrate|warm|Homo sapiens|Mammalia|Primates|Hominidae|elastase|,vertebrate,warm,Homo sapiens,Mammalia,Primates,Hominidae,elastase,
4699717,gi|4699717|pdb|1A7S__vertebrate|warm|Homo sapiens|Mammalia|Primates|Hominidae|hbp|,vertebrate|warm|Homo sapiens|Mammalia|Primates|Hominidae|hbp|,vertebrate,warm,Homo sapiens,Mammalia,Primates,Hominidae,hbp,
2981936,gi|2981936|pdb|1AE5__vertebrate|warm|Homo sapiens|Mammalia|Primates|Hominidae|hbp|,vertebrate|warm|Homo sapiens|Mammalia|Primates|Hominidae|hbp|,vertebrate,warm,Homo sapiens,Mammalia,Primates,Hominidae,hbp,
23200493,gi|23200493|pdb|1M9U|C__not vertebrate|cold|Eisenia fetida|Oligochaeta|Haplotaxida|Lumbricidae|fibrinolytic enzyme|,not vertebrate|cold|Eisenia fetida|Oligochaeta|Haplotaxida|Lumbricidae|fibrinolytic enzyme|,not vertebrate,cold,Eisenia fetida,Oligochaeta,Haplotaxida,Lumbricidae,fibrinolytic enzyme,
13787045,gi|13787045|pdb|1ELV|A__vertebrate|warm|Homo sapiens|Mammalia|Primates|Hominidae|cf 1s|,vertebrate|warm|Homo sapiens|Mammalia|Primates|Hominidae|cf 1s|,vertebrate,warm,Homo sapiens,Mammalia,Primates,Hominidae,cf 1s,
2554829,gi|2554829|pdb|2HLC|A__not vertebrate|cold|Hypoderma lineatum|Insecta|Diptera|Oestridae|collagenase|,not vertebrate|cold|Hypoderma lineatum|Insecta|Diptera|Oestridae|collagenase|,not vertebrate,cold,Hypoderma lineatum,Insecta,Diptera,Oestridae,collagenase,
2554830,gi|2554830|pdb|2HLC|B__not vertebrate|cold|Hypoderma lineatum|Insecta|Diptera|Oestridae|collagenase|,not vertebrate|cold|Hypoderma lineatum|Insecta|Diptera|Oestridae|collagenase|,not vertebrate,cold,Hypoderma lineatum,Insecta,Diptera,Oestridae,collagenase,
34810715,gi|34810715|pdb|1MD8|A__vertebrate|warm|Homo sapiens|Mammalia|Primates|Hominidae|cf 1r|,vertebrate|warm|Homo sapiens|Mammalia|Primates|Hominidae|cf 1r|,vertebrate,warm,Homo sapiens,Mammalia,Primates,Hominidae,cf 1r,
230326,gi|230326|pdb|1SGT__bacteria|cold|Streptomyces griseus|Actinobacteria (class)|Actinomycetales|Streptomycetaceae|trypsin|,bacteria|cold|Streptomyces griseus|Actinobacteria (class)|Actinomycetales|Streptomycetaceae|trypsin|,bacteria,cold,Streptomyces griseus,Actinobacteria (class),Actinomycetales,Streptomycetaceae,trypsin,
34810494,gi|34810494|pdb|1OSS|A__bacteria|cold|Streptomyces griseus|Actinobacteria (class)|Actinomycetales|Streptomycetaceae|trypsin|,bacteria|cold|Streptomyces griseus|Actinobacteria (class)|Actinomycetales|Streptomycetaceae|trypsin|,bacteria,cold,Streptomyces griseus,Actinobacteria (class),Actinomycetales,Streptomycetaceae,trypsin,
34810714,gi|34810714|pdb|1MD7|A__vertebrate|warm|Homo sapiens|Mammalia|Primates|Hominidae|cf 1r|,vertebrate|warm|Homo sapiens|Mammalia|Primates|Hominidae|cf 1r|,vertebrate,warm,Homo sapiens,Mammalia,Primates,Hominidae,cf 1r,
83754035,gi|83754035|pdb|2ASU|B__vertebrate|warm|Homo sapiens|Mammalia|Primates|Hominidae|hgf|,vertebrate|warm|Homo sapiens|Mammalia|Primates|Hominidae|hgf|,vertebrate,warm,Homo sapiens,Mammalia,Primates,Hominidae,hgf,
58176713,gi|58176713|pdb|1SI5|H__vertebrate|warm|Homo sapiens|Mammalia|Primates|Hominidae|hgf|,vertebrate|warm|Homo sapiens|Mammalia|Primates|Hominidae|hgf|,vertebrate,warm,Homo sapiens,Mammalia,Primates,Hominidae,hgf,
74355190,gi|74355190|AAI03999__vertebrate|warm|homo sapiens|Mammalia|Primates|Hominidae|PRSS|,vertebrate|warm|homo sapiens|Mammalia|Primates|Hominidae|PRSS|,vertebrate,warm,homo sapiens,Mammalia,Primates,Hominidae,PRSS,
6981420__vertebrate,gi|6981420__vertebrate|warm|Rattus norvegicus|Mammalia|Rodentia|Muridae|trypsin|,vertebrate|warm|Rattus norvegicus|Mammalia|Rodentia|Muridae|trypsin|,vertebrate,warm,Rattus norvegicus,Mammalia,Rodentia,Muridae,trypsin,
33126535,gi|33126535|AAL14243__vertebrate|warm|Homo sapiens|Mammalia|Primates|Hominidae|ELSE|,vertebrate|warm|Homo sapiens|Mammalia|Primates|Hominidae|ELSE|,vertebrate,warm,Homo sapiens,Mammalia,Primates,Hominidae,ELSE,
51871601__vertebrate,gi|51871601__vertebrate|warm|Rattus norvegicus|Mammalia|Rodentia|Muridae|trypsin|,vertebrate|warm|Rattus norvegicus|Mammalia|Rodentia|Muridae|trypsin|,vertebrate,warm,Rattus norvegicus,Mammalia,Rodentia,Muridae,trypsin,
57097397__vertebrate,gi|57097397__vertebrate|warm|Canis familiaris|Mammalia|Carnivora|Canidae|trypsin|,vertebrate|warm|Canis familiaris|Mammalia|Carnivora|Canidae|trypsin|,vertebrate,warm,Canis familiaris,Mammalia,Carnivora,Canidae,trypsin,
58257844,gi|58257844|AAW69363__vertebrate|warm|Macaca mulatta|Mammalia|Primates|Cercopithecidae|ELSE|,vertebrate|warm|Macaca mulatta|Mammalia|Primates|Cercopithecidae|ELSE|,vertebrate,warm,Macaca mulatta,Mammalia,Primates,Cercopithecidae,ELSE,
45382397__vertebrate,gi|45382397__vertebrate|cold|Gallus gallus|Aves|Galliformes|Phasianidae|ELSE|,vertebrate|cold|Gallus gallus|Aves|Galliformes|Phasianidae|ELSE|,vertebrate,cold,Gallus gallus,Aves,Galliformes,Phasianidae,ELSE,
58257846,gi|58257846|AAW69365__vertebrate|warm|Macaca mulatta|Mammalia|Primates|Cercopithecidae|ELSE|,vertebrate|warm|Macaca mulatta|Mammalia|Primates|Cercopithecidae|ELSE|,vertebrate,warm,Macaca mulatta,Mammalia,Primates,Cercopithecidae,ELSE,
136411,gi|136411|P06872__vertebrate|warm|Canis familiaris|Mammalia|Carnivora|Canidae|trypsin|,vertebrate|warm|Canis familiaris|Mammalia|Carnivora|Canidae|trypsin|,vertebrate,warm,Canis familiaris,Mammalia,Carnivora,Canidae,trypsin,
2358072,gi|2358072|AAB69044__vertebrate|warm|Mus musculus|Mammalia|Rodentia|Muridae|trypsin|,vertebrate|warm|Mus musculus|Mammalia|Rodentia|Muridae|trypsin|,vertebrate,warm,Mus musculus,Mammalia,Rodentia,Muridae,trypsin,
60599777,gi|60599777|AAT11803__vertebrate|warm|Struthio camelus|Aves|Struthioniformes|Struthionidae|trypsin|,vertebrate|warm|Struthio camelus|Aves|Struthioniformes|Struthionidae|trypsin|,vertebrate,warm,Struthio camelus,Aves,Struthioniformes,Struthionidae,trypsin,
55662968__vertebrate,gi|55662968__vertebrate|warm|Homo sapiens|Mammalia|Primates|Hominidae|trypsin|,vertebrate|warm|Homo sapiens|Mammalia|Primates|Hominidae|trypsin|,vertebrate,warm,Homo sapiens,Mammalia,Primates,Hominidae,trypsin,
47220856__vertebrate,gi|47220856__vertebrate|cold|tetraodon nigroviridis|Actinopterygii|Tetraodontiformes|Tetraodontidae|ELSE|,vertebrate|cold|tetraodon nigroviridis|Actinopterygii|Tetraodontiformes|Tetraodontidae|ELSE|,vertebrate,cold,tetraodon nigroviridis,Actinopterygii,Tetraodontiformes,Tetraodontidae,ELSE,
59808136,gi|59808136|AAH89741__vertebrate|cold|Xenopus tropicalis|Amphibia|Anura|Pipidae|ELSE|,vertebrate|cold|Xenopus tropicalis|Amphibia|Anura|Pipidae|ELSE|,vertebrate,cold,Xenopus tropicalis,Amphibia,Anura,Pipidae,ELSE,
58257842,gi|58257842|AAW69361__vertebrate|warm|Macaca mulatta|Mammalia|Primates|Cercopithecidae|ELSE|,vertebrate|warm|Macaca mulatta|Mammalia|Primates|Cercopithecidae|ELSE|,vertebrate,warm,Macaca mulatta,Mammalia,Primates,Cercopithecidae,ELSE,
48526122,gi|48526122|AAT45259__vertebrate|cold|Sparus aurata|Actinopterygii|Perciformes|Sparidae|trypsin|,vertebrate|cold|Sparus aurata|Actinopterygii|Perciformes|Sparidae|trypsin|,vertebrate,cold,Sparus aurata,Actinopterygii,Perciformes,Sparidae,trypsin,
5441855__vertebrate,gi|5441855__vertebrate|cold|Paralichthys olivaceus|Actinopterygii|Pleuronectiformes|Paralichthyidae|trypsin|,vertebrate|cold|Paralichthys olivaceus|Actinopterygii|Pleuronectiformes|Paralichthyidae|trypsin|,vertebrate,cold,Paralichthys olivaceus,Actinopterygii,Pleuronectiformes,Paralichthyidae,trypsin,
830__vertebrate,gi|830__vertebrate|warm|Bos taurus|Mammalia|Ruminantia|Bovidae|trypsin|,vertebrate|warm|Bos taurus|Mammalia|Ruminantia|Bovidae|trypsin|,vertebrate,warm,Bos taurus,Mammalia,Ruminantia,Bovidae,trypsin,
33126583,gi|33126583|AAL14244__vertebrate|warm|Homo sapiens|Mammalia|Primates|Hominidae|ELSE|,vertebrate|warm|Homo sapiens|Mammalia|Primates|Hominidae|ELSE|,vertebrate,warm,Homo sapiens,Mammalia,Primates,Hominidae,ELSE,
56611173,gi|56611173|AAH87759__vertebrate|cold|Xenopus tropicalis|Amphibia|Anura|Pipidae|trypsin|,vertebrate|cold|Xenopus tropicalis|Amphibia|Anura|Pipidae|trypsin|,vertebrate,cold,Xenopus tropicalis,Amphibia,Anura,Pipidae,trypsin,
5441853__vertebrate,gi|5441853__vertebrate|cold|Paralichthys olivaceus|Actinopterygii|Pleuronectiformes|Paralichthyidae|trypsin|,vertebrate|cold|Paralichthys olivaceus|Actinopterygii|Pleuronectiformes|Paralichthyidae|trypsin|,vertebrate,cold,Paralichthys olivaceus,Actinopterygii,Pleuronectiformes,Paralichthyidae,trypsin,
47220857__vertebrate,gi|47220857__vertebrate|cold|tetraodon nigroviridis|Actinopterygii|Tetraodontiformes|Tetraodontidae|ELSE|,vertebrate|cold|tetraodon nigroviridis|Actinopterygii|Tetraodontiformes|Tetraodontidae|ELSE|,vertebrate,cold,tetraodon nigroviridis,Actinopterygii,Tetraodontiformes,Tetraodontidae,ELSE,
64388__vertebrate,gi|64388__vertebrate|cold|Salmo salar|Actinopterygii|Salmoniformes|Salmonidae|trypsin|,vertebrate|cold|Salmo salar|Actinopterygii|Salmoniformes|Salmonidae|trypsin|,vertebrate,cold,Salmo salar,Actinopterygii,Salmoniformes,Salmonidae,trypsin,
51092303__vertebrate,gi|51092303__vertebrate|warm|Mus musculus|Mammalia|Rodentia|Muridae|trypsin|,vertebrate|warm|Mus musculus|Mammalia|Rodentia|Muridae|trypsin|,vertebrate,warm,Mus musculus,Mammalia,Rodentia,Muridae,trypsin,
32402373,gi|32402373|AAP81159__vertebrate|cold|Pangasius hypophthalmus|Actinopterygii|Siluriformes|Pangasiidae|trypsin|,vertebrate|cold|Pangasius hypophthalmus|Actinopterygii|Siluriformes|Pangasiidae|trypsin|,vertebrate,cold,Pangasius hypophthalmus,Actinopterygii,Siluriformes,Pangasiidae,trypsin,
3452120,gi|3452120|AAC32752__vertebrate|cold|Pseudopleuronectes americanus|Actinopterygii|Pleuronectiformes|Pleuronectidae|trypsin|,vertebrate|cold|Pseudopleuronectes americanus|Actinopterygii|Pleuronectiformes|Pleuronectidae|trypsin|,vertebrate,cold,Pseudopleuronectes americanus,Actinopterygii,Pleuronectiformes,Pleuronectidae,trypsin,
13516893__vertebrate,gi|13516893__vertebrate|cold|Engraulis japonicus|Actinopterygii|Clupeiformes|Engraulidae|trypsin|,vertebrate|cold|Engraulis japonicus|Actinopterygii|Clupeiformes|Engraulidae|trypsin|,vertebrate,cold,Engraulis japonicus,Actinopterygii,Clupeiformes,Engraulidae,trypsin,
971196,gi|971196|AAA75001__vertebrate|cold|Takifugu rubripes|Actinopterygii|Tetraodontiformes|Tetraodontidae|trypsin|,vertebrate|cold|Takifugu rubripes|Actinopterygii|Tetraodontiformes|Tetraodontidae|trypsin|,vertebrate,cold,Takifugu rubripes,Actinopterygii,Tetraodontiformes,Tetraodontidae,trypsin,
40647097,gi|40647097|AAR88364__vertebrate|cold|Tautogolabrus adspersus|Actinopterygii|Perciformes|Perciformes|trypsin|,vertebrate|cold|Tautogolabrus adspersus|Actinopterygii|Perciformes|Perciformes|trypsin|,vertebrate,cold,Tautogolabrus adspersus,Actinopterygii,Perciformes,Perciformes,trypsin,
107984__vertebrate,gi|107984__vertebrate|warm|Homo sapiens|Mammalia|Primates|Hominidae|trypsin|,vertebrate|warm|Homo sapiens|Mammalia|Primates|Hominidae|trypsin|,vertebrate,warm,Homo sapiens,Mammalia,Primates,Hominidae,trypsin,
559508__vertebrate,gi|559508__vertebrate|cold|Paranotothenia magellanica|Actinopterygii|Perciformes|Nototheniidae|trypsin|,vertebrate|cold|Paranotothenia magellanica|Actinopterygii|Perciformes|Nototheniidae|trypsin|,vertebrate,cold,Paranotothenia magellanica,Actinopterygii,Perciformes,Nototheniidae,trypsin,
58257843,gi|58257843|AAW69362__vertebrate|warm|Macaca mulatta|Mammalia|Primates|Cercopithecidae|ELSE|,vertebrate|warm|Macaca mulatta|Mammalia|Primates|Cercopithecidae|ELSE|,vertebrate,warm,Macaca mulatta,Mammalia,Primates,Cercopithecidae,ELSE,
47206216__vertebrate,gi|47206216__vertebrate|cold|tetraodon nigroviridis|Actinopterygii|Tetraodontiformes|Tetraodontidae|ELSE|,vertebrate|cold|tetraodon nigroviridis|Actinopterygii|Tetraodontiformes|Tetraodontidae|ELSE|,vertebrate,cold,tetraodon nigroviridis,Actinopterygii,Tetraodontiformes,Tetraodontidae,ELSE,
41054557__vertebrate,gi|41054557__vertebrate|cold|Danio rerio|Actinopterygii|Cypriniformes|Cyprinidae|ELSE|,vertebrate|cold|Danio rerio|Actinopterygii|Cypriniformes|Cyprinidae|ELSE|,vertebrate,cold,Danio rerio,Actinopterygii,Cypriniformes,Cyprinidae,ELSE,
62531021,gi|62531021|AAH92664__vertebrate|cold|danio rerio|Actinopterygii|Cypriniformes|Cyprinidae|ELSE|,vertebrate|cold|danio rerio|Actinopterygii|Cypriniformes|Cyprinidae|ELSE|,vertebrate,cold,danio rerio,Actinopterygii,Cypriniformes,Cyprinidae,ELSE,
71611072__vertebrate,gi|71611072__vertebrate|cold|Seriola quinqueradiata|Actinopterygii|Perciformes|Carangidae|trypsin|,vertebrate|cold|Seriola quinqueradiata|Actinopterygii|Perciformes|Carangidae|trypsin|,vertebrate,cold,Seriola quinqueradiata,Actinopterygii,Perciformes,Carangidae,trypsin,
41350551,gi|41350551|AAS00516__vertebrate|cold|Oreochromis aureus|Actinopterygii|Perciformes|Cichlidae|trypsin|,vertebrate|cold|Oreochromis aureus|Actinopterygii|Perciformes|Cichlidae|trypsin|,vertebrate,cold,Oreochromis aureus,Actinopterygii,Perciformes,Cichlidae,trypsin,
13516891__vertebrate,gi|13516891__vertebrate|cold|Engraulis japonicus|Actinopterygii|Clupeiformes|Engraulidae|trypsin|,vertebrate|cold|Engraulis japonicus|Actinopterygii|Clupeiformes|Engraulidae|trypsin|,vertebrate,cold,Engraulis japonicus,Actinopterygii,Clupeiformes,Engraulidae,trypsin,
57415__vertebrate,gi|57415__vertebrate|warm|Rattus rattus|Mammalia|Rodentia|Muridae|trypsin|,vertebrate|warm|Rattus rattus|Mammalia|Rodentia|Muridae|trypsin|,vertebrate,warm,Rattus rattus,Mammalia,Rodentia,Muridae,trypsin,
45382399__vertebrate,gi|45382399__vertebrate|warm|Gallus gallus|Aves|Galliformes|Phasianidae|trypsin|,vertebrate|warm|Gallus gallus|Aves|Galliformes|Phasianidae|trypsin|,vertebrate,warm,Gallus gallus,Aves,Galliformes,Phasianidae,trypsin,
19032293__vertebrate,gi|19032293__vertebrate|cold|Anguilla japonica|Gnathostomata|Anguilliformes|Anguillidae|trypsin|,vertebrate|cold|Anguilla japonica|Gnathostomata|Anguilliformes|Anguillidae|trypsin|,vertebrate,cold,Anguilla japonica,Gnathostomata,Anguilliformes,Anguillidae,trypsin,
136431,gi|136431|P00764__vertebrate|cold|Squalus acanthias|Chondrichthyes|Squaliformes|Squalidae|trypsin|,vertebrate|cold|Squalus acanthias|Chondrichthyes|Squaliformes|Squalidae|trypsin|,vertebrate,cold,Squalus acanthias,Chondrichthyes,Squaliformes,Squalidae,trypsin,
76780146,gi|76780146|AAI06433__vertebrate|cold|Xenopus laevis|Amphibia|Anura|Pipidae|ELSE|,vertebrate|cold|Xenopus laevis|Amphibia|Anura|Pipidae|ELSE|,vertebrate,cold,Xenopus laevis,Amphibia,Anura,Pipidae,ELSE,
58332100__vertebrate,gi|58332100__vertebrate|cold|Xenopus tropicalis|Amphibia|Anura|Pipidae|ELSE|,vertebrate|cold|Xenopus tropicalis|Amphibia|Anura|Pipidae|ELSE|,vertebrate,cold,Xenopus tropicalis,Amphibia,Anura,Pipidae,ELSE,
2358083,gi|2358083|AAB69055__vertebrate|warm|Mus musculus|Mammalia|Rodentia|Muridae|trypsin|,vertebrate|warm|Mus musculus|Mammalia|Rodentia|Muridae|trypsin|,vertebrate,warm,Mus musculus,Mammalia,Rodentia,Muridae,trypsin,
55629686__vertebrate,gi|55629686__vertebrate|warm|Pan troglodytes|Mammalia|Primates|Hominidae|trypsin|,vertebrate|warm|Pan troglodytes|Mammalia|Primates|Hominidae|trypsin|,vertebrate,warm,Pan troglodytes,Mammalia,Primates,Hominidae,trypsin,
51539247,gi|51539247|AAU06120__vertebrate|cold|Takifugu rubripes|Actinopterygii|Tetraodontiformes|Tetraodontidae|trypsin|,vertebrate|cold|Takifugu rubripes|Actinopterygii|Tetraodontiformes|Tetraodontidae|trypsin|,vertebrate,cold,Takifugu rubripes,Actinopterygii,Tetraodontiformes,Tetraodontidae,trypsin,
6815045__vertebrate,gi|6815045__vertebrate|cold|Paralichthys olivaceus|Actinopterygii|Pleuronectiformes|Paralichthyidae|trypsin|,vertebrate|cold|Paralichthys olivaceus|Actinopterygii|Pleuronectiformes|Paralichthyidae|trypsin|,vertebrate,cold,Paralichthys olivaceus,Actinopterygii,Pleuronectiformes,Paralichthyidae,trypsin,
51593533,gi|51593533|AAH78492__vertebrate|cold|Xenopus laevis|Amphibia|Anura|Pipidae|ELSE|,vertebrate|cold|Xenopus laevis|Amphibia|Anura|Pipidae|ELSE|,vertebrate,cold,Xenopus laevis,Amphibia,Anura,Pipidae,ELSE,
68383831__vertebrate,gi|68383831__vertebrate|cold|Danio rerio|Actinopterygii|Cypriniformes|Cyprinidae|trypsin|,vertebrate|cold|Danio rerio|Actinopterygii|Cypriniformes|Cyprinidae|trypsin|,vertebrate,cold,Danio rerio,Actinopterygii,Cypriniformes,Cyprinidae,trypsin,
2358071,gi|2358071|AAB69043__vertebrate|warm|Mus musculus|Mammalia|Rodentia|Muridae|trypsin|,vertebrate|warm|Mus musculus|Mammalia|Rodentia|Muridae|trypsin|,vertebrate,warm,Mus musculus,Mammalia,Rodentia,Muridae,trypsin,
609583,gi|609583|AAA58781__vertebrate|warm|Rattus norvegicus|Mammalia|Rodentia|Muridae|kallikrein|,vertebrate|warm|Rattus norvegicus|Mammalia|Rodentia|Muridae|kallikrein|,vertebrate,warm,Rattus norvegicus,Mammalia,Rodentia,Muridae,kallikrein,
33637117,gi|33637117|AAQ23715__vertebrate|warm|Bos taurus|Mammalia|Ruminantia|Bovidae|kallikrein|,vertebrate|warm|Bos taurus|Mammalia|Ruminantia|Bovidae|kallikrein|,vertebrate,warm,Bos taurus,Mammalia,Ruminantia,Bovidae,kallikrein,
2367495,gi|2367495|AAB69654__vertebrate|cold|Petromyzon marinus|Hyperoartia|Petromyzontiformes|Petromyzontidae|trypsin|,vertebrate|cold|Petromyzon marinus|Hyperoartia|Petromyzontiformes|Petromyzontidae|trypsin|,vertebrate,cold,Petromyzon marinus,Hyperoartia,Petromyzontiformes,Petromyzontidae,trypsin,
56541161,gi|56541161|AAH87563__vertebrate|cold|Xenopus tropicalis|Amphibia|Anura|Pipidae|ELSE|,vertebrate|cold|Xenopus tropicalis|Amphibia|Anura|Pipidae|ELSE|,vertebrate,cold,Xenopus tropicalis,Amphibia,Anura,Pipidae,ELSE,
68437237__vertebrate,gi|68437237__vertebrate|cold|Danio rerio|Actinopterygii|Cypriniformes|Cyprinidae|trypsin|,vertebrate|cold|Danio rerio|Actinopterygii|Cypriniformes|Cyprinidae|trypsin|,vertebrate,cold,Danio rerio,Actinopterygii,Cypriniformes,Cyprinidae,trypsin,
259431,gi|259431|AAB24071__vertebrate|warm|Rattus sp.|Mammalia|Rodentia|Muridae|kininogenase|,vertebrate|warm|Rattus sp.|Mammalia|Rodentia|Muridae|kininogenase|,vertebrate,warm,Rattus sp.,Mammalia,Rodentia,Muridae,kininogenase,
414019__vertebrate,gi|414019__vertebrate|warm|Canis familiaris|Mammalia|Carnivora|Canidae|kallikrein|,vertebrate|warm|Canis familiaris|Mammalia|Carnivora|Canidae|kallikrein|,vertebrate,warm,Canis familiaris,Mammalia,Carnivora,Canidae,kallikrein,
9989702,gi|9989702|AAG11389__vertebrate|warm|Mus musculus|Mammalia|Rodentia|Muridae|kallikrein|,vertebrate|warm|Mus musculus|Mammalia|Rodentia|Muridae|kallikrein|,vertebrate,warm,Mus musculus,Mammalia,Rodentia,Muridae,kallikrein,
52345790__vertebrate,gi|52345790__vertebrate|cold|Xenopus tropicalis|Amphibia|Anura|Pipidae|ELSE|,vertebrate|cold|Xenopus tropicalis|Amphibia|Anura|Pipidae|ELSE|,vertebrate,cold,Xenopus tropicalis,Amphibia,Anura,Pipidae,ELSE,
6851258,gi|6851258|AAF29490__vertebrate|warm|Saguinus oedipus|Mammalia|Primates|Cebidae|kallikrein|,vertebrate|warm|Saguinus oedipus|Mammalia|Primates|Cebidae|kallikrein|,vertebrate,warm,Saguinus oedipus,Mammalia,Primates,Cebidae,kallikrein,
547788,gi|547788|P00758__vertebrate|warm|rat|Mammalia|Rodentia|Muridae|kallikrein|,vertebrate|warm|rat|Mammalia|Rodentia|Muridae|kallikrein|,vertebrate,warm,rat,Mammalia,Rodentia,Muridae,kallikrein,
6981132__vertebrate,gi|6981132__vertebrate|warm|Rattus norvegicus|Mammalia|Rodentia|Muridae|kallikrein|,vertebrate|warm|Rattus norvegicus|Mammalia|Rodentia|Muridae|kallikrein|,vertebrate,warm,Rattus norvegicus,Mammalia,Rodentia,Muridae,kallikrein,
51539252,gi|51539252|AAU06121__vertebrate|cold|Takifugu rubripes|Actinopterygii|Tetraodontiformes|Tetraodontidae|trypsin|,vertebrate|cold|Takifugu rubripes|Actinopterygii|Tetraodontiformes|Tetraodontidae|trypsin|,vertebrate,cold,Takifugu rubripes,Actinopterygii,Tetraodontiformes,Tetraodontidae,trypsin,
15489095,gi|15489095|AAH13660__vertebrate|warm|mus musculus|Mammalia|Rodentia|Muridae|kallikrein|,vertebrate|warm|mus musculus|Mammalia|Rodentia|Muridae|kallikrein|,vertebrate,warm,mus musculus,Mammalia,Rodentia,Muridae,kallikrein,
1334753__vertebrate,gi|1334753__vertebrate|cold|Gadus morhua|Actinopterygii|Gadiformes|Gadidae|trypsin|,vertebrate|cold|Gadus morhua|Actinopterygii|Gadiformes|Gadidae|trypsin|,vertebrate,cold,Gadus morhua,Actinopterygii,Gadiformes,Gadidae,trypsin,
1399811,gi|1399811|AAB57732__vertebrate|cold|Dissostichus mawsoni|Actinopterygii|Perciformes|Nototheniidae|trypsin|,vertebrate|cold|Dissostichus mawsoni|Actinopterygii|Perciformes|Nototheniidae|trypsin|,vertebrate,cold,Dissostichus mawsoni,Actinopterygii,Perciformes,Nototheniidae,trypsin,
49256121,gi|49256121|AAH72978__vertebrate|cold|Xenopus laevis|Amphibia|Anura|Pipidae|ELSE|,vertebrate|cold|Xenopus laevis|Amphibia|Anura|Pipidae|ELSE|,vertebrate,cold,Xenopus laevis,Amphibia,Anura,Pipidae,ELSE,
51591907__vertebrate,gi|51591907__vertebrate|warm|Rattus norvegicus|Mammalia|Rodentia|Muridae|kallikrein|,vertebrate|warm|Rattus norvegicus|Mammalia|Rodentia|Muridae|kallikrein|,vertebrate,warm,Rattus norvegicus,Mammalia,Rodentia,Muridae,kallikrein,
29179503,gi|29179503|AAH48869__vertebrate|warm|mus musculus|Mammalia|Rodentia|Muridae|kallikrein|,vertebrate|warm|mus musculus|Mammalia|Rodentia|Muridae|kallikrein|,vertebrate,warm,mus musculus,Mammalia,Rodentia,Muridae,kallikrein,
74188214__vertebrate,gi|74188214__vertebrate|warm|Mus musculus|Mammalia|Rodentia|Muridae|ELSE|,vertebrate|warm|Mus musculus|Mammalia|Rodentia|Muridae|ELSE|,vertebrate,warm,Mus musculus,Mammalia,Rodentia,Muridae,ELSE,
56556311,gi|56556311|AAH87753__vertebrate|cold|Xenopus tropicalis|Amphibia|Anura|Pipidae|ELSE|,vertebrate|cold|Xenopus tropicalis|Amphibia|Anura|Pipidae|ELSE|,vertebrate,cold,Xenopus tropicalis,Amphibia,Anura,Pipidae,ELSE,
30582139,gi|30582139|AAP35296__vertebrate|warm|Homo sapiens|Mammalia|Primates|Hominidae|kallikrein|,vertebrate|warm|Homo sapiens|Mammalia|Primates|Hominidae|kallikrein|,vertebrate,warm,Homo sapiens,Mammalia,Primates,Hominidae,kallikrein,
51873218,gi|51873218|AAU12569__vertebrate|warm|Homo sapiens|Mammalia|Primates|Hominidae|kallikrein|,vertebrate|warm|Homo sapiens|Mammalia|Primates|Hominidae|kallikrein|,vertebrate,warm,Homo sapiens,Mammalia,Primates,Hominidae,kallikrein,
47481100,gi|47481100|AAH69334__vertebrate|warm|Homo sapiens|Mammalia|Primates|Hominidae|kallikrein|,vertebrate|warm|Homo sapiens|Mammalia|Primates|Hominidae|kallikrein|,vertebrate,warm,Homo sapiens,Mammalia,Primates,Hominidae,kallikrein,
61556850__vertebrate,gi|61556850__vertebrate|warm|Rattus norvegicus|Mammalia|Rodentia|Muridae|kallikrein|,vertebrate|warm|Rattus norvegicus|Mammalia|Rodentia|Muridae|kallikrein|,vertebrate,warm,Rattus norvegicus,Mammalia,Rodentia,Muridae,kallikrein,
54038747,gi|54038747|AAH84612__vertebrate|cold|Xenopus laevis|Amphibia|Anura|Pipidae|ELSE|,vertebrate|cold|Xenopus laevis|Amphibia|Anura|Pipidae|ELSE|,vertebrate,cold,Xenopus laevis,Amphibia,Anura,Pipidae,ELSE,
3452117,gi|3452117|AAC32751__vertebrate|cold|Pseudopleuronectes americanus|Actinopterygii|Pleuronectiformes|Pleuronectidae|trypsin|,vertebrate|cold|Pseudopleuronectes americanus|Actinopterygii|Pleuronectiformes|Pleuronectidae|trypsin|,vertebrate,cold,Pseudopleuronectes americanus,Actinopterygii,Pleuronectiformes,Pleuronectidae,trypsin,
62639614__vertebrate,gi|62639614__vertebrate|warm|Rattus norvegicus|Mammalia|Rodentia|Muridae|kallikrein|,vertebrate|warm|Rattus norvegicus|Mammalia|Rodentia|Muridae|kallikrein|,vertebrate,warm,Rattus norvegicus,Mammalia,Rodentia,Muridae,kallikrein,
73947847__vertebrate,gi|73947847__vertebrate|warm|Canis familiaris|Mammalia|Carnivora|Canidae|kallikrein|,vertebrate|warm|Canis familiaris|Mammalia|Carnivora|Canidae|kallikrein|,vertebrate,warm,Canis familiaris,Mammalia,Carnivora,Canidae,kallikrein,
609585,gi|609585|AAA58782__vertebrate|warm|Rattus norvegicus|Mammalia|Rodentia|Muridae|kallikrein|,vertebrate|warm|Rattus norvegicus|Mammalia|Rodentia|Muridae|kallikrein|,vertebrate,warm,Rattus norvegicus,Mammalia,Rodentia,Muridae,kallikrein,
26354462__vertebrate,gi|26354462__vertebrate|warm|Mus musculus|Mammalia|Rodentia|Muridae|ELSE|,vertebrate|warm|Mus musculus|Mammalia|Rodentia|Muridae|ELSE|,vertebrate,warm,Mus musculus,Mammalia,Rodentia,Muridae,ELSE,
73947849__vertebrate,gi|73947849__vertebrate|warm|Canis familiaris|Mammalia|Carnivora|Canidae|kallikrein|,vertebrate|warm|Canis familiaris|Mammalia|Carnivora|Canidae|kallikrein|,vertebrate,warm,Canis familiaris,Mammalia,Carnivora,Canidae,kallikrein,
76642383__vertebrate,gi|76642383__vertebrate|warm|Bos taurus|Mammalia|Ruminantia|Bovidae|kallikrein|,vertebrate|warm|Bos taurus|Mammalia|Ruminantia|Bovidae|kallikrein|,vertebrate,warm,Bos taurus,Mammalia,Ruminantia,Bovidae,kallikrein,
55527__vertebrate,gi|55527__vertebrate|warm|Mastomys natalensis|Mammalia|Rodentia|Muridae|kallikrein|,vertebrate|warm|Mastomys natalensis|Mammalia|Rodentia|Muridae|kallikrein|,vertebrate,warm,Mastomys natalensis,Mammalia,Rodentia,Muridae,kallikrein,
205004,gi|205004|AAA51640__vertebrate|warm|Rattus norvegicus|Mammalia|Rodentia|Muridae|kallikrein|,vertebrate|warm|Rattus norvegicus|Mammalia|Rodentia|Muridae|kallikrein|,vertebrate,warm,Rattus norvegicus,Mammalia,Rodentia,Muridae,kallikrein,
27731521__vertebrate,gi|27731521__vertebrate|warm|Rattus norvegicus|Mammalia|Rodentia|Muridae|neuropsin|,vertebrate|warm|Rattus norvegicus|Mammalia|Rodentia|Muridae|neuropsin|,vertebrate,warm,Rattus norvegicus,Mammalia,Rodentia,Muridae,neuropsin,
91823048__vertebrate,gi|91823048__vertebrate|warm|Homo sapiens|Mammalia|Primates|Hominidae|kallikrein|,vertebrate|warm|Homo sapiens|Mammalia|Primates|Hominidae|kallikrein|,vertebrate,warm,Homo sapiens,Mammalia,Primates,Hominidae,kallikrein,
77415529,gi|77415529|AAI06156__vertebrate|warm|mus musculus|Mammalia|Rodentia|Muridae|kallikrein|,vertebrate|warm|mus musculus|Mammalia|Rodentia|Muridae|kallikrein|,vertebrate,warm,mus musculus,Mammalia,Rodentia,Muridae,kallikrein,
12313877__vertebrate,gi|12313877__vertebrate|warm|Mus musculus|Mammalia|Rodentia|Muridae|kallikrein|,vertebrate|warm|Mus musculus|Mammalia|Rodentia|Muridae|kallikrein|,vertebrate,warm,Mus musculus,Mammalia,Rodentia,Muridae,kallikrein,
76827999,gi|76827999|AAI07013__vertebrate|warm|mus musculus|Mammalia|Rodentia|Muridae|kallikrein|,vertebrate|warm|mus musculus|Mammalia|Rodentia|Muridae|kallikrein|,vertebrate,warm,mus musculus,Mammalia,Rodentia,Muridae,kallikrein,
80479146,gi|80479146|AAI09328__vertebrate|warm|mus musculus|Mammalia|Rodentia|Muridae|ELSE|,vertebrate|warm|mus musculus|Mammalia|Rodentia|Muridae|ELSE|,vertebrate,warm,mus musculus,Mammalia,Rodentia,Muridae,ELSE,
8393675__vertebrate,gi|8393675__vertebrate|warm|Mus musculus|Mammalia|Rodentia|Muridae|kallikrein|,vertebrate|warm|Mus musculus|Mammalia|Rodentia|Muridae|kallikrein|,vertebrate,warm,Mus musculus,Mammalia,Rodentia,Muridae,kallikrein,
4883930,gi|4883930|AAD31711__vertebrate|cold|Dissostichus mawsoni|Actinopterygii|Perciformes|Nototheniidae|glycoprotein|,vertebrate|cold|Dissostichus mawsoni|Actinopterygii|Perciformes|Nototheniidae|glycoprotein|,vertebrate,cold,Dissostichus mawsoni,Actinopterygii,Perciformes,Nototheniidae,glycoprotein,
58332720__vertebrate,gi|58332720__vertebrate|cold|Xenopus tropicalis|Amphibia|Anura|Pipidae|ELSE|,vertebrate|cold|Xenopus tropicalis|Amphibia|Anura|Pipidae|ELSE|,vertebrate,cold,Xenopus tropicalis,Amphibia,Anura,Pipidae,ELSE,
33637119,gi|33637119|AAQ23716__vertebrate|warm|Sus scrofa|Mammalia|Laurasiatheria|Suidae|kallikrein|,vertebrate|warm|Sus scrofa|Mammalia|Laurasiatheria|Suidae|kallikrein|,vertebrate,warm,Sus scrofa,Mammalia,Laurasiatheria,Suidae,kallikrein,
53772__vertebrate,gi|53772__vertebrate|warm|Mus musculus|Mammalia|Rodentia|Muridae|prorennin|,vertebrate|warm|Mus musculus|Mammalia|Rodentia|Muridae|prorennin|,vertebrate,warm,Mus musculus,Mammalia,Rodentia,Muridae,prorennin,
68438531__vertebrate,gi|68438531__vertebrate|cold|Danio rerio|Actinopterygii|Cypriniformes|Cyprinidae|trypsin|,vertebrate|cold|Danio rerio|Actinopterygii|Cypriniformes|Cyprinidae|trypsin|,vertebrate,cold,Danio rerio,Actinopterygii,Cypriniformes,Cyprinidae,trypsin,
20520629__vertebrate,gi|20520629__vertebrate|cold|Gadus morhua|Actinopterygii|Gadiformes|Gadidae|trypsin|,vertebrate|cold|Gadus morhua|Actinopterygii|Gadiformes|Gadidae|trypsin|,vertebrate,cold,Gadus morhua,Actinopterygii,Gadiformes,Gadidae,trypsin,
27805843__vertebrate,gi|27805843__vertebrate|warm|Bos taurus|Mammalia|Ruminantia|Bovidae|duodenase|,vertebrate|warm|Bos taurus|Mammalia|Ruminantia|Bovidae|duodenase|,vertebrate,warm,Bos taurus,Mammalia,Ruminantia,Bovidae,duodenase,
58332206__vertebrate,gi|58332206__vertebrate|cold|Xenopus tropicalis|Amphibia|Anura|Pipidae|ELSE|,vertebrate|cold|Xenopus tropicalis|Amphibia|Anura|Pipidae|ELSE|,vertebrate,cold,Xenopus tropicalis,Amphibia,Anura,Pipidae,ELSE,
68383489__vertebrate,gi|68383489__vertebrate|cold|Danio rerio|Actinopterygii|Cypriniformes|Cyprinidae|trypsin|,vertebrate|cold|Danio rerio|Actinopterygii|Cypriniformes|Cyprinidae|trypsin|,vertebrate,cold,Danio rerio,Actinopterygii,Cypriniformes,Cyprinidae,trypsin,
84781756__vertebrate,gi|84781756__vertebrate|warm|Mus musculus|Mammalia|Rodentia|Muridae|kallikrein|,vertebrate|warm|Mus musculus|Mammalia|Rodentia|Muridae|kallikrein|,vertebrate,warm,Mus musculus,Mammalia,Rodentia,Muridae,kallikrein,
6981670__vertebrate,gi|6981670__vertebrate|warm|Rattus norvegicus|Mammalia|Rodentia|Muridae|tonin|,vertebrate|warm|Rattus norvegicus|Mammalia|Rodentia|Muridae|tonin|,vertebrate,warm,Rattus norvegicus,Mammalia,Rodentia,Muridae,tonin,
26891548,gi|26891548|AAN78420__vertebrate|warm|Mus musculus|Mammalia|Rodentia|Muridae|kallikrein|,vertebrate|warm|Mus musculus|Mammalia|Rodentia|Muridae|kallikrein|,vertebrate,warm,Mus musculus,Mammalia,Rodentia,Muridae,kallikrein,
163907,gi|163907|AAA30831__vertebrate|warm|Canis familiaris|Mammalia|Carnivora|Canidae|arginine esterase|,vertebrate|warm|Canis familiaris|Mammalia|Carnivora|Canidae|arginine esterase|,vertebrate,warm,Canis familiaris,Mammalia,Carnivora,Canidae,arginine esterase,
26365926__vertebrate,gi|26365926__vertebrate|warm|Mus musculus|Mammalia|Rodentia|Muridae|ELSE|,vertebrate|warm|Mus musculus|Mammalia|Rodentia|Muridae|ELSE|,vertebrate,warm,Mus musculus,Mammalia,Rodentia,Muridae,ELSE,
73947853__vertebrate,gi|73947853__vertebrate|warm|Canis familiaris|Mammalia|Carnivora|Canidae|kallikrein|,vertebrate|warm|Canis familiaris|Mammalia|Carnivora|Canidae|kallikrein|,vertebrate,warm,Canis familiaris,Mammalia,Carnivora,Canidae,kallikrein,
3024066,gi|3024066|Q28773__vertebrate|warm|Papio hamadryas|Mammalia|Primates|Cercopithecidae|kallikrein|,vertebrate|warm|Papio hamadryas|Mammalia|Primates|Cercopithecidae|kallikrein|,vertebrate,warm,Papio hamadryas,Mammalia,Primates,Cercopithecidae,kallikrein,
62639616__vertebrate,gi|62639616__vertebrate|warm|Rattus norvegicus|Mammalia|Rodentia|Muridae|kallikrein|,vertebrate|warm|Rattus norvegicus|Mammalia|Rodentia|Muridae|kallikrein|,vertebrate,warm,Rattus norvegicus,Mammalia,Rodentia,Muridae,kallikrein,
76642366__vertebrate,gi|76642366__vertebrate|warm|Bos taurus|Mammalia|Ruminantia|Bovidae|kallikrein|,vertebrate|warm|Bos taurus|Mammalia|Ruminantia|Bovidae|kallikrein|,vertebrate,warm,Bos taurus,Mammalia,Ruminantia,Bovidae,kallikrein,
2765416__vertebrate,gi|2765416__vertebrate|warm|Ovis aries|Mammalia|Ruminantia|Bovidae|mcp|,vertebrate|warm|Ovis aries|Mammalia|Ruminantia|Bovidae|mcp|,vertebrate,warm,Ovis aries,Mammalia,Ruminantia,Bovidae,mcp,
45383251__vertebrate,gi|45383251__vertebrate|warm|Gallus gallus|Aves|Galliformes|Phasianidae|granzyme|a,vertebrate|warm|Gallus gallus|Aves|Galliformes|Phasianidae|granzyme|a,vertebrate,warm,Gallus gallus,Aves,Galliformes,Phasianidae,granzyme,a
73746686,gi|73746686|AAZ82256__vertebrate|warm|Pongo pygmaeus|Mammalia|Primates|Hominidae|psa|,vertebrate|warm|Pongo pygmaeus|Mammalia|Primates|Hominidae|psa|,vertebrate,warm,Pongo pygmaeus,Mammalia,Primates,Hominidae,psa,
11244759,gi|11244759|AAG33354__vertebrate|warm|Homo sapiens|Mammalia|Primates|Hominidae|ELSE|,vertebrate|warm|Homo sapiens|Mammalia|Primates|Hominidae|ELSE|,vertebrate,warm,Homo sapiens,Mammalia,Primates,Hominidae,ELSE,
76642375__vertebrate,gi|76642375__vertebrate|warm|Bos taurus|Mammalia|Ruminantia|Bovidae|kallikrein|,vertebrate|warm|Bos taurus|Mammalia|Ruminantia|Bovidae|kallikrein|,vertebrate,warm,Bos taurus,Mammalia,Ruminantia,Bovidae,kallikrein,
47131125__vertebrate,gi|47131125__vertebrate|warm|Blarina brevicauda|Mammalia|Insectivora|Soricidae|blarina|,vertebrate|warm|Blarina brevicauda|Mammalia|Insectivora|Soricidae|blarina|,vertebrate,warm,Blarina brevicauda,Mammalia,Insectivora,Soricidae,blarina,
21464127__vertebrate,gi|21464127__vertebrate|warm|Homo sapiens|Mammalia|Primates|Hominidae|kallikrein|,vertebrate|warm|Homo sapiens|Mammalia|Primates|Hominidae|kallikrein|,vertebrate,warm,Homo sapiens,Mammalia,Primates,Hominidae,kallikrein,
6005844__vertebrate,gi|6005844__vertebrate|warm|Homo sapiens|Mammalia|Primates|Hominidae|kallikrein|,vertebrate|warm|Homo sapiens|Mammalia|Primates|Hominidae|kallikrein|,vertebrate,warm,Homo sapiens,Mammalia,Primates,Hominidae,kallikrein,
82414856,gi|82414856|AAI10118__vertebrate|cold|danio rerio|Actinopterygii|Cypriniformes|Cyprinidae|ELSE|,vertebrate|cold|danio rerio|Actinopterygii|Cypriniformes|Cyprinidae|ELSE|,vertebrate,cold,danio rerio,Actinopterygii,Cypriniformes,Cyprinidae,ELSE,
5803199__vertebrate,gi|5803199__vertebrate|warm|Homo sapiens|Mammalia|Primates|Hominidae|kallikrein|,vertebrate|warm|Homo sapiens|Mammalia|Primates|Hominidae|kallikrein|,vertebrate,warm,Homo sapiens,Mammalia,Primates,Hominidae,kallikrein,
21618357__vertebrate,gi|21618357__vertebrate|warm|Homo sapiens|Mammalia|Primates|Hominidae|kallikrein|,vertebrate|warm|Homo sapiens|Mammalia|Primates|Hominidae|kallikrein|,vertebrate,warm,Homo sapiens,Mammalia,Primates,Hominidae,kallikrein,
47480768,gi|47480768|AAH69480__vertebrate|warm|Homo sapiens|Mammalia|Primates|Hominidae|kallikrein|,vertebrate|warm|Homo sapiens|Mammalia|Primates|Hominidae|kallikrein|,vertebrate,warm,Homo sapiens,Mammalia,Primates,Hominidae,kallikrein,
73947857__vertebrate,gi|73947857__vertebrate|warm|Canis familiaris|Mammalia|Carnivora|Canidae|kallikrein|,vertebrate|warm|Canis familiaris|Mammalia|Carnivora|Canidae|kallikrein|,vertebrate,warm,Canis familiaris,Mammalia,Carnivora,Canidae,kallikrein,
76642358__vertebrate,gi|76642358__vertebrate|warm|Bos taurus|Mammalia|Ruminantia|Bovidae|kallikrein|,vertebrate|warm|Bos taurus|Mammalia|Ruminantia|Bovidae|kallikrein|,vertebrate,warm,Bos taurus,Mammalia,Ruminantia,Bovidae,kallikrein,
441473__vertebrate,gi|441473__vertebrate|warm|Rattus norvegicus|Mammalia|Rodentia|Muridae|granzyme|three,vertebrate|warm|Rattus norvegicus|Mammalia|Rodentia|Muridae|granzyme|three,vertebrate,warm,Rattus norvegicus,Mammalia,Rodentia,Muridae,granzyme,three
73947871__vertebrate,gi|73947871__vertebrate|warm|Canis familiaris|Mammalia|Carnivora|Canidae|kallikrein|,vertebrate|warm|Canis familiaris|Mammalia|Carnivora|Canidae|kallikrein|,vertebrate,warm,Canis familiaris,Mammalia,Carnivora,Canidae,kallikrein,
59956916__vertebrate,gi|59956916__vertebrate|warm|Blarina brevicauda|Mammalia|Insectivora|Soricidae|kallikrein|,vertebrate|warm|Blarina brevicauda|Mammalia|Insectivora|Soricidae|kallikrein|,vertebrate,warm,Blarina brevicauda,Mammalia,Insectivora,Soricidae,kallikrein,
33469049__vertebrate,gi|33469049__vertebrate|warm|Mus musculus|Mammalia|Rodentia|Muridae|kallikrein|,vertebrate|warm|Mus musculus|Mammalia|Rodentia|Muridae|kallikrein|,vertebrate,warm,Mus musculus,Mammalia,Rodentia,Muridae,kallikrein,
29366812__vertebrate,gi|29366812__vertebrate|warm|Homo sapiens|Mammalia|Primates|Hominidae|kallikrein|,vertebrate|warm|Homo sapiens|Mammalia|Primates|Hominidae|kallikrein|,vertebrate,warm,Homo sapiens,Mammalia,Primates,Hominidae,kallikrein,
74209708__vertebrate,gi|74209708__vertebrate|warm|Mus musculus|Mammalia|Rodentia|Muridae|ELSE|,vertebrate|warm|Mus musculus|Mammalia|Rodentia|Muridae|ELSE|,vertebrate,warm,Mus musculus,Mammalia,Rodentia,Muridae,ELSE,
73957010__vertebrate,gi|73957010__vertebrate|warm|Canis familiaris|Mammalia|Carnivora|Canidae|chymotrypsin|,vertebrate|warm|Canis familiaris|Mammalia|Carnivora|Canidae|chymotrypsin|,vertebrate,warm,Canis familiaris,Mammalia,Carnivora,Canidae,chymotrypsin,
33637113,gi|33637113|AAQ23713__vertebrate|warm|Equus caballus|Mammalia|Perissodactyla|Equidae|kallikrein|,vertebrate|warm|Equus caballus|Mammalia|Perissodactyla|Equidae|kallikrein|,vertebrate,warm,Equus caballus,Mammalia,Perissodactyla,Equidae,kallikrein,
9506997__vertebrate,gi|9506997__vertebrate|warm|Rattus norvegicus|Mammalia|Rodentia|Muridae|kallikrein|,vertebrate|warm|Rattus norvegicus|Mammalia|Rodentia|Muridae|kallikrein|,vertebrate,warm,Rattus norvegicus,Mammalia,Rodentia,Muridae,kallikrein,
6693854,gi|6693854|AAF25008__vertebrate|cold|Gloydius blomhoffi brevicaudus|Gnathostomata|Squamata|Viperidae|salmonase|,vertebrate|cold|Gloydius blomhoffi brevicaudus|Gnathostomata|Squamata|Viperidae|salmonase|,vertebrate,cold,Gloydius blomhoffi brevicaudus,Gnathostomata,Squamata,Viperidae,salmonase,
76642379__vertebrate,gi|76642379__vertebrate|warm|Bos taurus|Mammalia|Ruminantia|Bovidae|kallikrein|,vertebrate|warm|Bos taurus|Mammalia|Ruminantia|Bovidae|kallikrein|,vertebrate,warm,Bos taurus,Mammalia,Ruminantia,Bovidae,kallikrein,
49781153,gi|49781153|AAT68459__vertebrate|warm|Macaca fascicularis|Mammalia|Primates|Cercopithecidae|psa|,vertebrate|warm|Macaca fascicularis|Mammalia|Primates|Cercopithecidae|psa|,vertebrate,warm,Macaca fascicularis,Mammalia,Primates,Cercopithecidae,psa,
56199562,gi|56199562|AAV84270__not vertebrate|cold|Culicoides sonorensis|Insecta|Diptera|Ceratopogonidae|ELSE|,not vertebrate|cold|Culicoides sonorensis|Insecta|Diptera|Ceratopogonidae|ELSE|,not vertebrate,cold,Culicoides sonorensis,Insecta,Diptera,Ceratopogonidae,ELSE,
38511535,gi|38511535|AAH61771__vertebrate|warm|Rattus norvegicus|Mammalia|Rodentia|Muridae|kallikrein|,vertebrate|warm|Rattus norvegicus|Mammalia|Rodentia|Muridae|kallikrein|,vertebrate,warm,Rattus norvegicus,Mammalia,Rodentia,Muridae,kallikrein,
21961233,gi|21961233|AAH34518__vertebrate|warm|mus musculus|Mammalia|Rodentia|Muridae|ngf|,vertebrate|warm|mus musculus|Mammalia|Rodentia|Muridae|ngf|,vertebrate,warm,mus musculus,Mammalia,Rodentia,Muridae,ngf,
6706013__vertebrate,gi|6706013__vertebrate|cold|Gloydius blomhoffi|Gnathostomata|Squamata|Viperidae|fibrinogenase|,vertebrate|cold|Gloydius blomhoffi|Gnathostomata|Squamata|Viperidae|fibrinogenase|,vertebrate,cold,Gloydius blomhoffi,Gnathostomata,Squamata,Viperidae,fibrinogenase,
2791548__vertebrate,gi|2791548__vertebrate|warm|Ovis aries|Mammalia|Ruminantia|Bovidae|mcp|,vertebrate|warm|Ovis aries|Mammalia|Ruminantia|Bovidae|mcp|,vertebrate,warm,Ovis aries,Mammalia,Ruminantia,Bovidae,mcp,
7305123__vertebrate,gi|7305123__vertebrate|warm|Mus musculus|Mammalia|Rodentia|Muridae|granzyme|b,vertebrate|warm|Mus musculus|Mammalia|Rodentia|Muridae|granzyme|b,vertebrate,warm,Mus musculus,Mammalia,Rodentia,Muridae,granzyme,b
2331217,gi|2331217|AAB66878__not vertebrate|cold|Anopheles stephensi|Insecta|Diptera|Culicidae|trypsin|,not vertebrate|cold|Anopheles stephensi|Insecta|Diptera|Culicidae|trypsin|,not vertebrate,cold,Anopheles stephensi,Insecta,Diptera,Culicidae,trypsin,
73947863__vertebrate,gi|73947863__vertebrate|warm|Canis familiaris|Mammalia|Carnivora|Canidae|kallikrein|,vertebrate|warm|Canis familiaris|Mammalia|Carnivora|Canidae|kallikrein|,vertebrate,warm,Canis familiaris,Mammalia,Carnivora,Canidae,kallikrein,
296178__vertebrate,gi|296178__vertebrate|warm|Rattus norvegicus|Mammalia|Rodentia|Muridae|granzyme|one,vertebrate|warm|Rattus norvegicus|Mammalia|Rodentia|Muridae|granzyme|one,vertebrate,warm,Rattus norvegicus,Mammalia,Rodentia,Muridae,granzyme,one
410327__not vertebrate,gi|410327__not vertebrate|cold|anopheles gambiae|Insecta|Diptera|Culicidae|trypsin|,not vertebrate|cold|anopheles gambiae|Insecta|Diptera|Culicidae|trypsin|,not vertebrate,cold,anopheles gambiae,Insecta,Diptera,Culicidae,trypsin,
89142811__vertebrate,gi|89142811__vertebrate|warm|Equus caballus|Mammalia|Perissodactyla|Equidae|granzyme|b,vertebrate|warm|Equus caballus|Mammalia|Perissodactyla|Equidae|granzyme|b,vertebrate,warm,Equus caballus,Mammalia,Perissodactyla,Equidae,granzyme,b
47214193__vertebrate,gi|47214193__vertebrate|cold|tetraodon nigroviridis|Actinopterygii|Tetraodontiformes|Tetraodontidae|ELSE|,vertebrate|cold|tetraodon nigroviridis|Actinopterygii|Tetraodontiformes|Tetraodontidae|ELSE|,vertebrate,cold,tetraodon nigroviridis,Actinopterygii,Tetraodontiformes,Tetraodontidae,ELSE,
62752065,gi|62752065|AAX98287__not vertebrate|cold|Pontastacus leptodactylus|Malacostraca|Decapoda|Astacidae|trypsin|,not vertebrate|cold|Pontastacus leptodactylus|Malacostraca|Decapoda|Astacidae|trypsin|,not vertebrate,cold,Pontastacus leptodactylus,Malacostraca,Decapoda,Astacidae,trypsin,
20141454,gi|20141454|P00752__vertebrate|warm|Sus scrofa|Mammalia|Laurasiatheria|Suidae|kallikrein|,vertebrate|warm|Sus scrofa|Mammalia|Laurasiatheria|Suidae|kallikrein|,vertebrate,warm,Sus scrofa,Mammalia,Laurasiatheria,Suidae,kallikrein,
77862352,gi|77862352|ABB04464__vertebrate|warm|Homo sapiens|Mammalia|Primates|Hominidae|kallikrein|,vertebrate|warm|Homo sapiens|Mammalia|Primates|Hominidae|kallikrein|,vertebrate,warm,Homo sapiens,Mammalia,Primates,Hominidae,kallikrein,
55233182,gi|55233182|AAV48554__not vertebrate|cold|synthetic construct|not applicable|not applicable|not applicable|kallikrein|,not vertebrate|cold|synthetic construct|not applicable|not applicable|not applicable|kallikrein|,not vertebrate,cold,synthetic construct,not applicable,not applicable,not applicable,kallikrein,
2853182__not vertebrate,gi|2853182__not vertebrate|cold|Pacifastacus leniusculus|Malacostraca|Decapoda|Astacidae|trypsin|,not vertebrate|cold|Pacifastacus leniusculus|Malacostraca|Decapoda|Astacidae|trypsin|,not vertebrate,cold,Pacifastacus leniusculus,Malacostraca,Decapoda,Astacidae,trypsin,
73947861__vertebrate,gi|73947861__vertebrate|warm|Canis familiaris|Mammalia|Carnivora|Canidae|kallikrein|,vertebrate|warm|Canis familiaris|Mammalia|Carnivora|Canidae|kallikrein|,vertebrate,warm,Canis familiaris,Mammalia,Carnivora,Canidae,kallikrein,
31542926__vertebrate,gi|31542926__vertebrate|warm|Rattus norvegicus|Mammalia|Rodentia|Muridae|granzyme|b,vertebrate|warm|Rattus norvegicus|Mammalia|Rodentia|Muridae|granzyme|b,vertebrate,warm,Rattus norvegicus,Mammalia,Rodentia,Muridae,granzyme,b
95132419,gi|95132419|AAI16547__vertebrate|cold|danio rerio|Actinopterygii|Cypriniformes|Cyprinidae|ELSE|,vertebrate|cold|danio rerio|Actinopterygii|Cypriniformes|Cyprinidae|ELSE|,vertebrate,cold,danio rerio,Actinopterygii,Cypriniformes,Cyprinidae,ELSE,
50370310,gi|50370310|AAH76035__vertebrate|cold|danio rerio|Actinopterygii|Cypriniformes|Cyprinidae|ELSE|,vertebrate|cold|danio rerio|Actinopterygii|Cypriniformes|Cyprinidae|ELSE|,vertebrate,cold,danio rerio,Actinopterygii,Cypriniformes,Cyprinidae,ELSE,
75991694__vertebrate,gi|75991694__vertebrate|warm|Homo sapiens|Mammalia|Primates|Hominidae|chymotrypsin|,vertebrate|warm|Homo sapiens|Mammalia|Primates|Hominidae|chymotrypsin|,vertebrate,warm,Homo sapiens,Mammalia,Primates,Hominidae,chymotrypsin,
17933274,gi|17933274|AAL48221__vertebrate|cold|Gloydius ussuriensis|Gnathostomata|Squamata|Viperidae|thrombin|,vertebrate|cold|Gloydius ussuriensis|Gnathostomata|Squamata|Viperidae|thrombin|,vertebrate,cold,Gloydius ussuriensis,Gnathostomata,Squamata,Viperidae,thrombin,
66553833__not vertebrate,gi|66553833__not vertebrate|cold|Apis mellifera|Insecta|Hymenoptera|Apidae|ELSE|,not vertebrate|cold|Apis mellifera|Insecta|Hymenoptera|Apidae|ELSE|,not vertebrate,cold,Apis mellifera,Insecta,Hymenoptera,Apidae,ELSE,
68355192__vertebrate,gi|68355192__vertebrate|cold|Danio rerio|Actinopterygii|Cypriniformes|Cyprinidae|trypsin|,vertebrate|cold|Danio rerio|Actinopterygii|Cypriniformes|Cyprinidae|trypsin|,vertebrate,cold,Danio rerio,Actinopterygii,Cypriniformes,Cyprinidae,trypsin,
24581459__not vertebrate,gi|24581459__not vertebrate|cold|drosophila melanogaster|Insecta|Diptera|Drosophilidae|ELSE|,not vertebrate|cold|drosophila melanogaster|Insecta|Diptera|Drosophilidae|ELSE|,not vertebrate,cold,drosophila melanogaster,Insecta,Diptera,Drosophilidae,ELSE,
47086795__vertebrate,gi|47086795__vertebrate|cold|Danio rerio|Actinopterygii|Cypriniformes|Cyprinidae|chymotrypsin|,vertebrate|cold|Danio rerio|Actinopterygii|Cypriniformes|Cyprinidae|chymotrypsin|,vertebrate,cold,Danio rerio,Actinopterygii,Cypriniformes,Cyprinidae,chymotrypsin,
38146946,gi|38146946|AAR11859__vertebrate|cold|Gloydius shedaoensis|Gnathostomata|Squamata|Viperidae|thrombin|,vertebrate|cold|Gloydius shedaoensis|Gnathostomata|Squamata|Viperidae|thrombin|,vertebrate,cold,Gloydius shedaoensis,Gnathostomata,Squamata,Viperidae,thrombin,
60551965,gi|60551965|AAH90827__vertebrate|cold|danio rerio|Actinopterygii|Cypriniformes|Cyprinidae|ELSE|,vertebrate|cold|danio rerio|Actinopterygii|Cypriniformes|Cyprinidae|ELSE|,vertebrate,cold,danio rerio,Actinopterygii,Cypriniformes,Cyprinidae,ELSE,
602600__vertebrate,gi|602600__vertebrate|cold|Protobothrops mucrosquamatus|Gnathostomata|Squamata|Viperidae|mucofirase|,vertebrate|cold|Protobothrops mucrosquamatus|Gnathostomata|Squamata|Viperidae|mucofirase|,vertebrate,cold,Protobothrops mucrosquamatus,Gnathostomata,Squamata,Viperidae,mucofirase,
39576258__bacteria,gi|39576258__bacteria|cold|Bdellovibrio bacteriovorus HD100|Deltaproteobacteria|Bdellovibrionales|Bdellovibrionaceae|trypsin|,bacteria|cold|Bdellovibrio bacteriovorus HD100|Deltaproteobacteria|Bdellovibrionales|Bdellovibrionaceae|trypsin|,bacteria,cold,Bdellovibrio bacteriovorus HD100,Deltaproteobacteria,Bdellovibrionales,Bdellovibrionaceae,trypsin,
48526112,gi|48526112|AAT45254__vertebrate|cold|Sparus aurata|Actinopterygii|Perciformes|Sparidae|chymotrypsin|,vertebrate|cold|Sparus aurata|Actinopterygii|Perciformes|Sparidae|chymotrypsin|,vertebrate,cold,Sparus aurata,Actinopterygii,Perciformes,Sparidae,chymotrypsin,
468751__vertebrate,gi|468751__vertebrate|cold|Gadus morhua|Actinopterygii|Gadiformes|Gadidae|chymotrypsin|,vertebrate|cold|Gadus morhua|Actinopterygii|Gadiformes|Gadidae|chymotrypsin|,vertebrate,cold,Gadus morhua,Actinopterygii,Gadiformes,Gadidae,chymotrypsin,
3006086__not vertebrate,gi|3006086__not vertebrate|cold|Litopenaeus vannamei|Malacostraca|Decapoda|Penaeidae|trypsin|,not vertebrate|cold|Litopenaeus vannamei|Malacostraca|Decapoda|Penaeidae|trypsin|,not vertebrate,cold,Litopenaeus vannamei,Malacostraca,Decapoda,Penaeidae,trypsin,
52778__vertebrate,gi|52778__vertebrate|warm|Mus musculus|Mammalia|Rodentia|Muridae|ELSE|,vertebrate|warm|Mus musculus|Mammalia|Rodentia|Muridae|ELSE|,vertebrate,warm,Mus musculus,Mammalia,Rodentia,Muridae,ELSE,
4006842__vertebrate,gi|4006842__vertebrate|cold|Gloydius halys|Gnathostomata|Squamata|Viperidae|pallabin|,vertebrate|cold|Gloydius halys|Gnathostomata|Squamata|Viperidae|pallabin|,vertebrate,cold,Gloydius halys,Gnathostomata,Squamata,Viperidae,pallabin,
3122187,gi|3122187|P81176__vertebrate|cold|Gloydius blomhoffi|Gnathostomata|Squamata|Viperidae|ELSE|,vertebrate|cold|Gloydius blomhoffi|Gnathostomata|Squamata|Viperidae|ELSE|,vertebrate,cold,Gloydius blomhoffi,Gnathostomata,Squamata,Viperidae,ELSE,
94378519__vertebrate,gi|94378519__vertebrate|warm|Mus musculus|Mammalia|Rodentia|Muridae|tesp4|,vertebrate|warm|Mus musculus|Mammalia|Rodentia|Muridae|tesp4|,vertebrate,warm,Mus musculus,Mammalia,Rodentia,Muridae,tesp4,
76647341__vertebrate,gi|76647341__vertebrate|warm|Bos taurus|Mammalia|Ruminantia|Bovidae|granzyme|b,vertebrate|warm|Bos taurus|Mammalia|Ruminantia|Bovidae|granzyme|b,vertebrate,warm,Bos taurus,Mammalia,Ruminantia,Bovidae,granzyme,b
62661939__vertebrate,gi|62661939__vertebrate|warm|Rattus norvegicus|Mammalia|Rodentia|Muridae|granzyme|b,vertebrate|warm|Rattus norvegicus|Mammalia|Rodentia|Muridae|granzyme|b,vertebrate,warm,Rattus norvegicus,Mammalia,Rodentia,Muridae,granzyme,b
545584,gi|545584|AAB30013__vertebrate|cold|Bothrops jararaca|Gnathostomata|Squamata|Viperidae|venom|,vertebrate|cold|Bothrops jararaca|Gnathostomata|Squamata|Viperidae|venom|,vertebrate,cold,Bothrops jararaca,Gnathostomata,Squamata,Viperidae,venom,
1698668,gi|1698668|AAB37261__not vertebrate|cold|Culex pipiens quinquefasciatus|Insecta|Diptera|Culicidae|trypsin|,not vertebrate|cold|Culex pipiens quinquefasciatus|Insecta|Diptera|Culicidae|trypsin|,not vertebrate,cold,Culex pipiens quinquefasciatus,Insecta,Diptera,Culicidae,trypsin,
54645028,gi|54645028|EAL33768__not vertebrate|cold|drosophila pseudoobscura|Insecta|Diptera|Drosophilidae|ELSE|,not vertebrate|cold|drosophila pseudoobscura|Insecta|Diptera|Drosophilidae|ELSE|,not vertebrate,cold,drosophila pseudoobscura,Insecta,Diptera,Drosophilidae,ELSE,
410326__not vertebrate,gi|410326__not vertebrate|cold|Anopheles gambiae|Insecta|Diptera|Culicidae|trypsin|,not vertebrate|cold|Anopheles gambiae|Insecta|Diptera|Culicidae|trypsin|,not vertebrate,cold,Anopheles gambiae,Insecta,Diptera,Culicidae,trypsin,
5441861__vertebrate,gi|5441861__vertebrate|cold|Paralichthys olivaceus|Actinopterygii|Pleuronectiformes|Paralichthyidae|chymotrypsin|,vertebrate|cold|Paralichthys olivaceus|Actinopterygii|Pleuronectiformes|Paralichthyidae|chymotrypsin|,vertebrate,cold,Paralichthys olivaceus,Actinopterygii,Pleuronectiformes,Paralichthyidae,chymotrypsin,
68355194__vertebrate,gi|68355194__vertebrate|cold|Danio rerio|Actinopterygii|Cypriniformes|Cyprinidae|trypsin|,vertebrate|cold|Danio rerio|Actinopterygii|Cypriniformes|Cyprinidae|trypsin|,vertebrate,cold,Danio rerio,Actinopterygii,Cypriniformes,Cyprinidae,trypsin,
73947859__vertebrate,gi|73947859__vertebrate|warm|Canis familiaris|Mammalia|Carnivora|Canidae|kallikrein|,vertebrate|warm|Canis familiaris|Mammalia|Carnivora|Canidae|kallikrein|,vertebrate,warm,Canis familiaris,Mammalia,Carnivora,Canidae,kallikrein,
17933276,gi|17933276|AAL48222__vertebrate|cold|Gloydius ussuriensis|Gnathostomata|Squamata|Viperidae|thrombin|,vertebrate|cold|Gloydius ussuriensis|Gnathostomata|Squamata|Viperidae|thrombin|,vertebrate,cold,Gloydius ussuriensis,Gnathostomata,Squamata,Viperidae,thrombin,
62898403__vertebrate,gi|62898403__vertebrate|warm|Homo sapiens|Mammalia|Primates|Hominidae|kallikrein|,vertebrate|warm|Homo sapiens|Mammalia|Primates|Hominidae|kallikrein|,vertebrate,warm,Homo sapiens,Mammalia,Primates,Hominidae,kallikrein,
11244763,gi|11244763|AAG33358__vertebrate|warm|Homo sapiens|Mammalia|Primates|Hominidae|trypsin|,vertebrate|warm|Homo sapiens|Mammalia|Primates|Hominidae|trypsin|,vertebrate,warm,Homo sapiens,Mammalia,Primates,Hominidae,trypsin,
90116798,gi|90116798|P84788__vertebrate|cold|Protobothrops elegans|Gnathostomata|Squamata|Viperidae|elegaxobin|,vertebrate|cold|Protobothrops elegans|Gnathostomata|Squamata|Viperidae|elegaxobin|,vertebrate,cold,Protobothrops elegans,Gnathostomata,Squamata,Viperidae,elegaxobin,
311983__not vertebrate,gi|311983__not vertebrate|cold|Anopheles gambiae|Insecta|Diptera|Culicidae|trypsin|,not vertebrate|cold|Anopheles gambiae|Insecta|Diptera|Culicidae|trypsin|,not vertebrate,cold,Anopheles gambiae,Insecta,Diptera,Culicidae,trypsin,
12841192__vertebrate,gi|12841192__vertebrate|warm|Mus musculus|Mammalia|Rodentia|Muridae|ELSE|,vertebrate|warm|Mus musculus|Mammalia|Rodentia|Muridae|ELSE|,vertebrate,warm,Mus musculus,Mammalia,Rodentia,Muridae,ELSE,
25989482,gi|25989482|AAM10779__not vertebrate|cold|Blomia tropicalis|Arachnida|Astigmata|Echimyopodidae|trypsin|,not vertebrate|cold|Blomia tropicalis|Arachnida|Astigmata|Echimyopodidae|trypsin|,not vertebrate,cold,Blomia tropicalis,Arachnida,Astigmata,Echimyopodidae,trypsin,
62464__vertebrate,gi|62464__vertebrate|cold|Bothrops atrox|Gnathostomata|Squamata|Viperidae|batroxobin|,vertebrate|cold|Bothrops atrox|Gnathostomata|Squamata|Viperidae|batroxobin|,vertebrate,cold,Bothrops atrox,Gnathostomata,Squamata,Viperidae,batroxobin,
3915685,gi|3915685|P05620__vertebrate|cold|Trimeresurus flavoviridis|Gnathostomata|Squamata|Viperidae|flavoxobin|,vertebrate|cold|Trimeresurus flavoviridis|Gnathostomata|Squamata|Viperidae|flavoxobin|,vertebrate,cold,Trimeresurus flavoviridis,Gnathostomata,Squamata,Viperidae,flavoxobin,
3552036,gi|3552036|AAC34898__vertebrate|cold|Gloydius halys|Gnathostomata|Squamata|Viperidae|pallase|,vertebrate|cold|Gloydius halys|Gnathostomata|Squamata|Viperidae|pallase|,vertebrate,cold,Gloydius halys,Gnathostomata,Squamata,Viperidae,pallase,
76642370__vertebrate,gi|76642370__vertebrate|warm|Bos taurus|Mammalia|Ruminantia|Bovidae|kallikrein|,vertebrate|warm|Bos taurus|Mammalia|Ruminantia|Bovidae|kallikrein|,vertebrate,warm,Bos taurus,Mammalia,Ruminantia,Bovidae,kallikrein,
45708911,gi|45708911|AAH67937__vertebrate|cold|Xenopus tropicalis|Amphibia|Anura|Pipidae|ELSE|,vertebrate|cold|Xenopus tropicalis|Amphibia|Anura|Pipidae|ELSE|,vertebrate,cold,Xenopus tropicalis,Amphibia,Anura,Pipidae,ELSE,
461512,gi|461512|P09872__vertebrate|cold|Agkistrodon contortrix contortrix|Gnathostomata|Squamata|Viperidae|venom|,vertebrate|cold|Agkistrodon contortrix contortrix|Gnathostomata|Squamata|Viperidae|venom|,vertebrate,cold,Agkistrodon contortrix contortrix,Gnathostomata,Squamata,Viperidae,venom,
76642381__vertebrate,gi|76642381__vertebrate|warm|Bos taurus|Mammalia|Ruminantia|Bovidae|kallikrein|,vertebrate|warm|Bos taurus|Mammalia|Ruminantia|Bovidae|kallikrein|,vertebrate,warm,Bos taurus,Mammalia,Ruminantia,Bovidae,kallikrein,
2737921,gi|2737921|AAB94638__vertebrate|warm|Sus scrofa|Mammalia|Laurasiatheria|Suidae|enamel matrix|,vertebrate|warm|Sus scrofa|Mammalia|Laurasiatheria|Suidae|enamel matrix|,vertebrate,warm,Sus scrofa,Mammalia,Laurasiatheria,Suidae,enamel matrix,
21309888,gi|21309888|AAM46086__vertebrate|cold|Gloydius ussuriensis|Gnathostomata|Squamata|Viperidae|thrombin|,vertebrate|cold|Gloydius ussuriensis|Gnathostomata|Squamata|Viperidae|thrombin|,vertebrate,cold,Gloydius ussuriensis,Gnathostomata,Squamata,Viperidae,thrombin,
94382155__vertebrate,gi|94382155__vertebrate|warm|Mus musculus|Mammalia|Rodentia|Muridae|kallikrein|,vertebrate|warm|Mus musculus|Mammalia|Rodentia|Muridae|kallikrein|,vertebrate,warm,Mus musculus,Mammalia,Rodentia,Muridae,kallikrein,
63101974,gi|63101974|AAH95652__vertebrate|cold|danio rerio|Actinopterygii|Cypriniformes|Cyprinidae|ELSE|,vertebrate|cold|danio rerio|Actinopterygii|Cypriniformes|Cyprinidae|ELSE|,vertebrate,cold,danio rerio,Actinopterygii,Cypriniformes,Cyprinidae,ELSE,
20069139,gi|20069139|AAM09695__vertebrate|cold|Bothrops insularis|Gnathostomata|Squamata|Viperidae|ELSE|,vertebrate|cold|Bothrops insularis|Gnathostomata|Squamata|Viperidae|ELSE|,vertebrate,cold,Bothrops insularis,Gnathostomata,Squamata,Viperidae,ELSE,
223207__vertebrate,gi|223207__vertebrate|warm|Sus scrofa domestica|Mammalia|Laurasiatheria|Suidae|kallikrein|,vertebrate|warm|Sus scrofa domestica|Mammalia|Laurasiatheria|Suidae|kallikrein|,vertebrate,warm,Sus scrofa domestica,Mammalia,Laurasiatheria,Suidae,kallikrein,
24266796,gi|24266796|AAN52348__vertebrate|cold|Viridovipera stejnegeri|Gnathostomata|Squamata|Viperidae|stejnefibrase|,vertebrate|cold|Viridovipera stejnegeri|Gnathostomata|Squamata|Viperidae|stejnefibrase|,vertebrate,cold,Viridovipera stejnegeri,Gnathostomata,Squamata,Viperidae,stejnefibrase,
19922026__not vertebrate,gi|19922026__not vertebrate|cold|drosophila melanogaster|Insecta|Diptera|Drosophilidae|ELSE|,not vertebrate|cold|drosophila melanogaster|Insecta|Diptera|Drosophilidae|ELSE|,not vertebrate,cold,drosophila melanogaster,Insecta,Diptera,Drosophilidae,ELSE,
21594212,gi|21594212|AAH32005__vertebrate|warm|homo sapiens|Mammalia|Primates|Hominidae|ELSE|,vertebrate|warm|homo sapiens|Mammalia|Primates|Hominidae|ELSE|,vertebrate,warm,homo sapiens,Mammalia,Primates,Hominidae,ELSE,
83583654,gi|83583654|ABC24687__vertebrate|cold|Bothrops jararacussu|Gnathostomata|Squamata|Viperidae|ELSE|,vertebrate|cold|Bothrops jararacussu|Gnathostomata|Squamata|Viperidae|ELSE|,vertebrate,cold,Bothrops jararacussu,Gnathostomata,Squamata,Viperidae,ELSE,
73957004__vertebrate,gi|73957004__vertebrate|warm|Canis familiaris|Mammalia|Carnivora|Canidae|chymotrypsin|,vertebrate|warm|Canis familiaris|Mammalia|Carnivora|Canidae|chymotrypsin|,vertebrate,warm,Canis familiaris,Mammalia,Carnivora,Canidae,chymotrypsin,
32396014,gi|32396014|AAP42416__vertebrate|cold|Bothrops jararacussu|Gnathostomata|Squamata|Viperidae|ELSE|,vertebrate|cold|Bothrops jararacussu|Gnathostomata|Squamata|Viperidae|ELSE|,vertebrate,cold,Bothrops jararacussu,Gnathostomata,Squamata,Viperidae,ELSE,
125173,gi|125173|P12323__vertebrate|warm|Cavia porcellus|Mammalia|Rodentia|Caviidae|kallikrein|,vertebrate|warm|Cavia porcellus|Mammalia|Rodentia|Caviidae|kallikrein|,vertebrate,warm,Cavia porcellus,Mammalia,Rodentia,Caviidae,kallikrein,
47575881__vertebrate,gi|47575881__vertebrate|warm|Rattus norvegicus|Mammalia|Rodentia|Muridae|marapsin|,vertebrate|warm|Rattus norvegicus|Mammalia|Rodentia|Muridae|marapsin|,vertebrate,warm,Rattus norvegicus,Mammalia,Rodentia,Muridae,marapsin,
27530958__vertebrate,gi|27530958__vertebrate|warm|Homo sapiens|Mammalia|Primates|Hominidae|ELSE|,vertebrate|warm|Homo sapiens|Mammalia|Primates|Hominidae|ELSE|,vertebrate,warm,Homo sapiens,Mammalia,Primates,Hominidae,ELSE,
410329__not vertebrate,gi|410329__not vertebrate|cold|Anopheles gambiae|Insecta|Diptera|Culicidae|trypsin|,not vertebrate|cold|Anopheles gambiae|Insecta|Diptera|Culicidae|trypsin|,not vertebrate,cold,Anopheles gambiae,Insecta,Diptera,Culicidae,trypsin,
4098568,gi|4098568|AAD00320__not vertebrate|cold|Scolopendra subspinipes|Chilopoda|Scolopendromorpha|Scolopendridae|plasminogen activator|,not vertebrate|cold|Scolopendra subspinipes|Chilopoda|Scolopendromorpha|Scolopendridae|plasminogen activator|,not vertebrate,cold,Scolopendra subspinipes,Chilopoda,Scolopendromorpha,Scolopendridae,plasminogen activator,
91077202__not vertebrate,gi|91077202__not vertebrate|cold|Tribolium castaneum|Insecta|Coleoptera|Tenebrionidae|ELSE|,not vertebrate|cold|Tribolium castaneum|Insecta|Coleoptera|Tenebrionidae|ELSE|,not vertebrate,cold,Tribolium castaneum,Insecta,Coleoptera,Tenebrionidae,ELSE,
61826925__vertebrate,gi|61826925__vertebrate|warm|Bos taurus|Mammalia|Ruminantia|Bovidae|kallikrein|,vertebrate|warm|Bos taurus|Mammalia|Ruminantia|Bovidae|kallikrein|,vertebrate,warm,Bos taurus,Mammalia,Ruminantia,Bovidae,kallikrein,
27731319__vertebrate,gi|27731319__vertebrate|warm|Rattus norvegicus|Mammalia|Rodentia|Muridae|thymopsin|,vertebrate|warm|Rattus norvegicus|Mammalia|Rodentia|Muridae|thymopsin|,vertebrate,warm,Rattus norvegicus,Mammalia,Rodentia,Muridae,thymopsin,
4378029,gi|4378029|AAD19350__vertebrate|cold|Deinagkistrodon acutus|Gnathostomata|Squamata|Viperidae|thrombin|,vertebrate|cold|Deinagkistrodon acutus|Gnathostomata|Squamata|Viperidae|thrombin|,vertebrate,cold,Deinagkistrodon acutus,Gnathostomata,Squamata,Viperidae,thrombin,
46575745,gi|46575745|AAH69110__vertebrate|warm|Homo sapiens|Mammalia|Primates|Hominidae|chymase|,vertebrate|warm|Homo sapiens|Mammalia|Primates|Hominidae|chymase|,vertebrate,warm,Homo sapiens,Mammalia,Primates,Hominidae,chymase,
71534671__not vertebrate,gi|71534671__not vertebrate|cold|Lepeophtheirus salmonis|Maxillopoda|Siphonostomatoida|Caligidae|trypsin|,not vertebrate|cold|Lepeophtheirus salmonis|Maxillopoda|Siphonostomatoida|Caligidae|trypsin|,not vertebrate,cold,Lepeophtheirus salmonis,Maxillopoda,Siphonostomatoida,Caligidae,trypsin,
43823414__vertebrate,gi|43823414__vertebrate|warm|Equus caballus|Mammalia|Perissodactyla|Equidae|mast cell protease|,vertebrate|warm|Equus caballus|Mammalia|Perissodactyla|Equidae|mast cell protease|,vertebrate,warm,Equus caballus,Mammalia,Perissodactyla,Equidae,mast cell protease,
30175319,gi|30175319|EAA12261__not vertebrate|cold|anopheles gambiae str. pest|Insecta|Diptera|Culicidae|ELSE|,not vertebrate|cold|anopheles gambiae str. pest|Insecta|Diptera|Culicidae|ELSE|,not vertebrate,cold,anopheles gambiae str. pest,Insecta,Diptera,Culicidae,ELSE,
16758930__vertebrate,gi|16758930__vertebrate|warm|Rattus norvegicus|Mammalia|Rodentia|Muridae|chymotrypsin|,vertebrate|warm|Rattus norvegicus|Mammalia|Rodentia|Muridae|chymotrypsin|,vertebrate,warm,Rattus norvegicus,Mammalia,Rodentia,Muridae,chymotrypsin,
47217321__vertebrate,gi|47217321__vertebrate|cold|tetraodon nigroviridis|Actinopterygii|Tetraodontiformes|Tetraodontidae|ELSE|,vertebrate|cold|tetraodon nigroviridis|Actinopterygii|Tetraodontiformes|Tetraodontidae|ELSE|,vertebrate,cold,tetraodon nigroviridis,Actinopterygii,Tetraodontiformes,Tetraodontidae,ELSE,
47523468__vertebrate,gi|47523468__vertebrate|warm|Sus scrofa|Mammalia|Laurasiatheria|Suidae|tryptase|,vertebrate|warm|Sus scrofa|Mammalia|Laurasiatheria|Suidae|tryptase|,vertebrate,warm,Sus scrofa,Mammalia,Laurasiatheria,Suidae,tryptase,
26348449__vertebrate,gi|26348449__vertebrate|warm|Mus musculus|Mammalia|Rodentia|Muridae|ELSE|,vertebrate|warm|Mus musculus|Mammalia|Rodentia|Muridae|ELSE|,vertebrate,warm,Mus musculus,Mammalia,Rodentia,Muridae,ELSE,
4530058,gi|4530058|AAD21838__not vertebrate|cold|Ctenocephalides felis|Insecta|Siphonaptera|Pulicidae|trypsin|,not vertebrate|cold|Ctenocephalides felis|Insecta|Siphonaptera|Pulicidae|trypsin|,not vertebrate,cold,Ctenocephalides felis,Insecta,Siphonaptera,Pulicidae,trypsin,
94380401__vertebrate,gi|94380401__vertebrate|warm|Mus musculus|Mammalia|Rodentia|Muridae|kallikrein|,vertebrate|warm|Mus musculus|Mammalia|Rodentia|Muridae|kallikrein|,vertebrate,warm,Mus musculus,Mammalia,Rodentia,Muridae,kallikrein,
2443296__not vertebrate,gi|2443296__not vertebrate|cold|Sarcophaga peregrina|Insecta|Diptera|Sarcophagidae|ELSE|,not vertebrate|cold|Sarcophaga peregrina|Insecta|Diptera|Sarcophagidae|ELSE|,not vertebrate,cold,Sarcophaga peregrina,Insecta,Diptera,Sarcophagidae,ELSE,
13183620,gi|13183620|AAK15274__not vertebrate|cold|Luidia foliolata|Asteroidea|Paxillosida|Luidiidae|regeneration associated|,not vertebrate|cold|Luidia foliolata|Asteroidea|Paxillosida|Luidiidae|regeneration associated|,not vertebrate,cold,Luidia foliolata,Asteroidea,Paxillosida,Luidiidae,regeneration associated,
46398233,gi|46398233|AAS91794__not vertebrate|cold|Lepeophtheirus salmonis|Maxillopoda|Siphonostomatoida|Caligidae|trypsin|,not vertebrate|cold|Lepeophtheirus salmonis|Maxillopoda|Siphonostomatoida|Caligidae|trypsin|,not vertebrate,cold,Lepeophtheirus salmonis,Maxillopoda,Siphonostomatoida,Caligidae,trypsin,
68438533__vertebrate,gi|68438533__vertebrate|cold|Danio rerio|Actinopterygii|Cypriniformes|Cyprinidae|trypsin|,vertebrate|cold|Danio rerio|Actinopterygii|Cypriniformes|Cyprinidae|trypsin|,vertebrate,cold,Danio rerio,Actinopterygii,Cypriniformes,Cyprinidae,trypsin,
68356072__vertebrate,gi|68356072__vertebrate|cold|Danio rerio|Actinopterygii|Cypriniformes|Cyprinidae|trypsin|,vertebrate|cold|Danio rerio|Actinopterygii|Cypriniformes|Cyprinidae|trypsin|,vertebrate,cold,Danio rerio,Actinopterygii,Cypriniformes,Cyprinidae,trypsin,
1314736,gi|1314736|AAA99805__not vertebrate|cold|Dermatophagoides farinae|Arachnida|Astigmata|Pyroglyphidae|allergen|,not vertebrate|cold|Dermatophagoides farinae|Arachnida|Astigmata|Pyroglyphidae|allergen|,not vertebrate,cold,Dermatophagoides farinae,Arachnida,Astigmata,Pyroglyphidae,allergen,
48098822__not vertebrate,gi|48098822__not vertebrate|cold|Apis mellifera|Insecta|Hymenoptera|Apidae|ELSE|,not vertebrate|cold|Apis mellifera|Insecta|Hymenoptera|Apidae|ELSE|,not vertebrate,cold,Apis mellifera,Insecta,Hymenoptera,Apidae,ELSE,
3006084__not vertebrate,gi|3006084__not vertebrate|cold|Litopenaeus vannamei|Malacostraca|Decapoda|Penaeidae|trypsin|,not vertebrate|cold|Litopenaeus vannamei|Malacostraca|Decapoda|Penaeidae|trypsin|,not vertebrate,cold,Litopenaeus vannamei,Malacostraca,Decapoda,Penaeidae,trypsin,
73947851__vertebrate,gi|73947851__vertebrate|warm|Canis familiaris|Mammalia|Carnivora|Canidae|kallikrein|,vertebrate|warm|Canis familiaris|Mammalia|Carnivora|Canidae|kallikrein|,vertebrate,warm,Canis familiaris,Mammalia,Carnivora,Canidae,kallikrein,
32469800,gi|32469800|P82981__vertebrate|cold|Agkistrodon contortrix contortrix|Gnathostomata|Squamata|Viperidae|ELSE|,vertebrate|cold|Agkistrodon contortrix contortrix|Gnathostomata|Squamata|Viperidae|ELSE|,vertebrate,cold,Agkistrodon contortrix contortrix,Gnathostomata,Squamata,Viperidae,ELSE,
24582982__not vertebrate,gi|24582982__not vertebrate|cold|drosophila melanogaster|Insecta|Diptera|Drosophilidae|trypsin|,not vertebrate|cold|drosophila melanogaster|Insecta|Diptera|Drosophilidae|trypsin|,not vertebrate,cold,drosophila melanogaster,Insecta,Diptera,Drosophilidae,trypsin,
6754112__vertebrate,gi|6754112__vertebrate|warm|Mus musculus|Mammalia|Rodentia|Muridae|granzyme|g,vertebrate|warm|Mus musculus|Mammalia|Rodentia|Muridae|granzyme|g,vertebrate,warm,Mus musculus,Mammalia,Rodentia,Muridae,granzyme,g
24581698__not vertebrate,gi|24581698__not vertebrate|cold|drosophila melanogaster|Insecta|Diptera|Drosophilidae|ELSE|,not vertebrate|cold|drosophila melanogaster|Insecta|Diptera|Drosophilidae|ELSE|,not vertebrate,cold,drosophila melanogaster,Insecta,Diptera,Drosophilidae,ELSE,
14602453__vertebrate,gi|14602453__vertebrate|warm|Homo sapiens|Mammalia|Primates|Hominidae|transmembrane|,vertebrate|warm|Homo sapiens|Mammalia|Primates|Hominidae|transmembrane|,vertebrate,warm,Homo sapiens,Mammalia,Primates,Hominidae,transmembrane,
31563322,gi|31563322|AAP55759__not vertebrate|cold|Lepeophtheirus salmonis|Maxillopoda|Siphonostomatoida|Caligidae|trypsin|,not vertebrate|cold|Lepeophtheirus salmonis|Maxillopoda|Siphonostomatoida|Caligidae|trypsin|,not vertebrate,cold,Lepeophtheirus salmonis,Maxillopoda,Siphonostomatoida,Caligidae,trypsin,
54650274__vertebrate,gi|54650274__vertebrate|cold|Bothrops jararaca|Gnathostomata|Squamata|Viperidae|ELSE|,vertebrate|cold|Bothrops jararaca|Gnathostomata|Squamata|Viperidae|ELSE|,vertebrate,cold,Bothrops jararaca,Gnathostomata,Squamata,Viperidae,ELSE,
18652953,gi|18652953|AAL77227__vertebrate|cold|Crotalus atrox|Gnathostomata|Squamata|Viperidae|ELSE|,vertebrate|cold|Crotalus atrox|Gnathostomata|Squamata|Viperidae|ELSE|,vertebrate,cold,Crotalus atrox,Gnathostomata,Squamata,Viperidae,ELSE,
8393513__vertebrate,gi|8393513__vertebrate|warm|Rattus norvegicus|Mammalia|Rodentia|Muridae|granzyme|k,vertebrate|warm|Rattus norvegicus|Mammalia|Rodentia|Muridae|granzyme|k,vertebrate,warm,Rattus norvegicus,Mammalia,Rodentia,Muridae,granzyme,k
15126603,gi|15126603|AAH12237__vertebrate|warm|mus musculus|Mammalia|Rodentia|Muridae|kallikrein|,vertebrate|warm|mus musculus|Mammalia|Rodentia|Muridae|kallikrein|,vertebrate,warm,mus musculus,Mammalia,Rodentia,Muridae,kallikrein,
76695455__vertebrate,gi|76695455__vertebrate|warm|Bos taurus|Mammalia|Ruminantia|Bovidae|cathepsin|,vertebrate|warm|Bos taurus|Mammalia|Ruminantia|Bovidae|cathepsin|,vertebrate,warm,Bos taurus,Mammalia,Ruminantia,Bovidae,cathepsin,
31322297,gi|31322297|AAP20637__vertebrate|cold|Gloydius ussuriensis|Gnathostomata|Squamata|Viperidae|thrombin|,vertebrate|cold|Gloydius ussuriensis|Gnathostomata|Squamata|Viperidae|thrombin|,vertebrate,cold,Gloydius ussuriensis,Gnathostomata,Squamata,Viperidae,thrombin,
13959618,gi|13959618|O13060__vertebrate|cold|Trimeresurus gramineus|Gnathostomata|Squamata|Viperidae|venom|,vertebrate|cold|Trimeresurus gramineus|Gnathostomata|Squamata|Viperidae|venom|,vertebrate,cold,Trimeresurus gramineus,Gnathostomata,Squamata,Viperidae,venom,
360797__vertebrate,gi|360797__vertebrate|cold|Trimeresurus flavoviridis|Gnathostomata|Squamata|Viperidae|flavoxobin|,vertebrate|cold|Trimeresurus flavoviridis|Gnathostomata|Squamata|Viperidae|flavoxobin|,vertebrate,cold,Trimeresurus flavoviridis,Gnathostomata,Squamata,Viperidae,flavoxobin,
3044080,gi|3044080|AAC13280__vertebrate|cold|Gloydius halys|Gnathostomata|Squamata|Viperidae|salmobin|,vertebrate|cold|Gloydius halys|Gnathostomata|Squamata|Viperidae|salmobin|,vertebrate,cold,Gloydius halys,Gnathostomata,Squamata,Viperidae,salmobin,
24266793,gi|24266793|AAN52347__vertebrate|cold|Viridovipera stejnegeri|Gnathostomata|Squamata|Viperidae|ELSE|,vertebrate|cold|Viridovipera stejnegeri|Gnathostomata|Squamata|Viperidae|ELSE|,vertebrate,cold,Viridovipera stejnegeri,Gnathostomata,Squamata,Viperidae,ELSE,
729315,gi|729315|P39675__not vertebrate|cold|Dermatophagoides pteronyssinus|Arachnida|Astigmata|Pyroglyphidae|allergen|,not vertebrate|cold|Dermatophagoides pteronyssinus|Arachnida|Astigmata|Pyroglyphidae|allergen|,not vertebrate,cold,Dermatophagoides pteronyssinus,Arachnida,Astigmata,Pyroglyphidae,allergen,
18777665__vertebrate,gi|18777665__vertebrate|warm|Mus musculus|Mammalia|Rodentia|Muridae|kallikrein|,vertebrate|warm|Mus musculus|Mammalia|Rodentia|Muridae|kallikrein|,vertebrate,warm,Mus musculus,Mammalia,Rodentia,Muridae,kallikrein,
6754662__vertebrate,gi|6754662__vertebrate|warm|Mus musculus|Mammalia|Rodentia|Muridae|mast cell protease|,vertebrate|warm|Mus musculus|Mammalia|Rodentia|Muridae|mast cell protease|,vertebrate,warm,Mus musculus,Mammalia,Rodentia,Muridae,mast cell protease,
34784896,gi|34784896|AAH56849__vertebrate|cold|Xenopus laevis|Amphibia|Anura|Pipidae|ELSE|,vertebrate|cold|Xenopus laevis|Amphibia|Anura|Pipidae|ELSE|,vertebrate,cold,Xenopus laevis,Amphibia,Anura,Pipidae,ELSE,
56789422,gi|56789422|AAH88038__vertebrate|cold|Xenopus tropicalis|Amphibia|Anura|Pipidae|ELSE|,vertebrate|cold|Xenopus tropicalis|Amphibia|Anura|Pipidae|ELSE|,vertebrate,cold,Xenopus tropicalis,Amphibia,Anura,Pipidae,ELSE,
24653960__not vertebrate,gi|24653960__not vertebrate|cold|drosophila melanogaster|Insecta|Diptera|Drosophilidae|ELSE|,not vertebrate|cold|drosophila melanogaster|Insecta|Diptera|Drosophilidae|ELSE|,not vertebrate,cold,drosophila melanogaster,Insecta,Diptera,Drosophilidae,ELSE,
4204421,gi|4204421|AAD10712__not vertebrate|cold|Euroglyphus maynei|Arachnida|Astigmata|Pyroglyphidae|allergen|,not vertebrate|cold|Euroglyphus maynei|Arachnida|Astigmata|Pyroglyphidae|allergen|,not vertebrate,cold,Euroglyphus maynei,Arachnida,Astigmata,Pyroglyphidae,allergen,
2507248,gi|2507248|P49275__not vertebrate|cold|Dermatophagoides farinae|Arachnida|Astigmata|Pyroglyphidae|allergen|,not vertebrate|cold|Dermatophagoides farinae|Arachnida|Astigmata|Pyroglyphidae|allergen|,not vertebrate,cold,Dermatophagoides farinae,Arachnida,Astigmata,Pyroglyphidae,allergen,
55235311,gi|55235311|EAA43365__not vertebrate|cold|anopheles gambiae str. pest|Insecta|Diptera|Culicidae|ELSE|,not vertebrate|cold|anopheles gambiae str. pest|Insecta|Diptera|Culicidae|ELSE|,not vertebrate,cold,anopheles gambiae str. pest,Insecta,Diptera,Culicidae,ELSE,
50960668,gi|50960668|AAH74975__vertebrate|warm|Homo sapiens|Mammalia|Primates|Hominidae|tryptase|,vertebrate|warm|Homo sapiens|Mammalia|Primates|Hominidae|tryptase|,vertebrate,warm,Homo sapiens,Mammalia,Primates,Hominidae,tryptase,
76647345__vertebrate,gi|76647345__vertebrate|warm|Bos taurus|Mammalia|Ruminantia|Bovidae|granzyme|h,vertebrate|warm|Bos taurus|Mammalia|Ruminantia|Bovidae|granzyme|h,vertebrate,warm,Bos taurus,Mammalia,Ruminantia,Bovidae,granzyme,h
20988818,gi|20988818|AAH30195__vertebrate|warm|homo sapiens|Mammalia|Primates|Hominidae|granzyme|b,vertebrate|warm|homo sapiens|Mammalia|Primates|Hominidae|granzyme|b,vertebrate,warm,homo sapiens,Mammalia,Primates,Hominidae,granzyme,b
38532130,gi|38532130|AAR23323__vertebrate|warm|Homo sapiens|Mammalia|Primates|Hominidae|granzyme|b,vertebrate|warm|Homo sapiens|Mammalia|Primates|Hominidae|granzyme|b,vertebrate,warm,Homo sapiens,Mammalia,Primates,Hominidae,granzyme,b
21070351,gi|21070351|AAM34268__not vertebrate|cold|Aedes aegypti|Insecta|Diptera|Culicidae|trypsin|,not vertebrate|cold|Aedes aegypti|Insecta|Diptera|Culicidae|trypsin|,not vertebrate,cold,Aedes aegypti,Insecta,Diptera,Culicidae,trypsin,
73962766__vertebrate,gi|73962766__vertebrate|warm|Canis familiaris|Mammalia|Carnivora|Canidae|granzyme|h,vertebrate|warm|Canis familiaris|Mammalia|Carnivora|Canidae|granzyme|h,vertebrate,warm,Canis familiaris,Mammalia,Carnivora,Canidae,granzyme,h
998903,gi|998903|AAB34840__vertebrate|cold|Agkistrodon bilineatus|Gnathostomata|Squamata|Viperidae|venom|,vertebrate|cold|Agkistrodon bilineatus|Gnathostomata|Squamata|Viperidae|venom|,vertebrate,cold,Agkistrodon bilineatus,Gnathostomata,Squamata,Viperidae,venom,
5441869__vertebrate,gi|5441869__vertebrate|cold|Paralichthys olivaceus|Actinopterygii|Pleuronectiformes|Paralichthyidae|elastase|,vertebrate|cold|Paralichthys olivaceus|Actinopterygii|Pleuronectiformes|Paralichthyidae|elastase|,vertebrate,cold,Paralichthys olivaceus,Actinopterygii,Pleuronectiformes,Paralichthyidae,elastase,
55240943,gi|55240943|EAA09162__not vertebrate|cold|anopheles gambiae str. pest|Insecta|Diptera|Culicidae|ELSE|,not vertebrate|cold|anopheles gambiae str. pest|Insecta|Diptera|Culicidae|ELSE|,not vertebrate,cold,anopheles gambiae str. pest,Insecta,Diptera,Culicidae,ELSE,
33416784,gi|33416784|AAH56000__vertebrate|cold|Xenopus laevis|Amphibia|Anura|Pipidae|ELSE|,vertebrate|cold|Xenopus laevis|Amphibia|Anura|Pipidae|ELSE|,vertebrate,cold,Xenopus laevis,Amphibia,Anura,Pipidae,ELSE,
68432065__vertebrate,gi|68432065__vertebrate|cold|Danio rerio|Actinopterygii|Cypriniformes|Cyprinidae|enteropeptidase|,vertebrate|cold|Danio rerio|Actinopterygii|Cypriniformes|Cyprinidae|enteropeptidase|,vertebrate,cold,Danio rerio,Actinopterygii,Cypriniformes,Cyprinidae,enteropeptidase,
8567985,gi|8567985|AAF76378__vertebrate|cold|Deinagkistrodon acutus|Gnathostomata|Squamata|Viperidae|thrombin|,vertebrate|cold|Deinagkistrodon acutus|Gnathostomata|Squamata|Viperidae|thrombin|,vertebrate,cold,Deinagkistrodon acutus,Gnathostomata,Squamata,Viperidae,thrombin,
54637205,gi|54637205|EAL26608__not vertebrate|cold|drosophila pseudoobscura|Insecta|Diptera|Drosophilidae|ELSE|,not vertebrate|cold|drosophila pseudoobscura|Insecta|Diptera|Drosophilidae|ELSE|,not vertebrate,cold,drosophila pseudoobscura,Insecta,Diptera,Drosophilidae,ELSE,
50796084__vertebrate,gi|50796084__vertebrate|warm|Gallus gallus|Aves|Galliformes|Phasianidae|ELSE|,vertebrate|warm|Gallus gallus|Aves|Galliformes|Phasianidae|ELSE|,vertebrate,warm,Gallus gallus,Aves,Galliformes,Phasianidae,ELSE,
72534650__vertebrate,gi|72534650__vertebrate|warm|Mus musculus|Mammalia|Rodentia|Muridae|mast cell protease|,vertebrate|warm|Mus musculus|Mammalia|Rodentia|Muridae|mast cell protease|,vertebrate,warm,Mus musculus,Mammalia,Rodentia,Muridae,mast cell protease,
12002224,gi|12002224|AAG43246__vertebrate|warm|Homo sapiens|Mammalia|Primates|Hominidae|enamel matrix|,vertebrate|warm|Homo sapiens|Mammalia|Primates|Hominidae|enamel matrix|,vertebrate,warm,Homo sapiens,Mammalia,Primates,Hominidae,enamel matrix,
61356555,gi|61356555|AAX41258__not vertebrate|cold|synthetic construct|not applicable|not applicable|not applicable|cathepsin|,not vertebrate|cold|synthetic construct|not applicable|not applicable|not applicable|cathepsin|,not vertebrate,cold,synthetic construct,not applicable,not applicable,not applicable,cathepsin,
53155__vertebrate,gi|53155__vertebrate|warm|Mus musculus|Mammalia|Rodentia|Muridae|ELSE|,vertebrate|warm|Mus musculus|Mammalia|Rodentia|Muridae|ELSE|,vertebrate,warm,Mus musculus,Mammalia,Rodentia,Muridae,ELSE,
6754110__vertebrate,gi|6754110__vertebrate|warm|Mus musculus|Mammalia|Rodentia|Muridae|granzyme|f,vertebrate|warm|Mus musculus|Mammalia|Rodentia|Muridae|granzyme|f,vertebrate,warm,Mus musculus,Mammalia,Rodentia,Muridae,granzyme,f
46398235,gi|46398235|AAS91795__not vertebrate|cold|Lepeophtheirus salmonis|Maxillopoda|Siphonostomatoida|Caligidae|trypsin|,not vertebrate|cold|Lepeophtheirus salmonis|Maxillopoda|Siphonostomatoida|Caligidae|trypsin|,not vertebrate,cold,Lepeophtheirus salmonis,Maxillopoda,Siphonostomatoida,Caligidae,trypsin,
46398231,gi|46398231|AAS91793__not vertebrate|cold|Lepeophtheirus salmonis|Maxillopoda|Siphonostomatoida|Caligidae|trypsin|,not vertebrate|cold|Lepeophtheirus salmonis|Maxillopoda|Siphonostomatoida|Caligidae|trypsin|,not vertebrate,cold,Lepeophtheirus salmonis,Maxillopoda,Siphonostomatoida,Caligidae,trypsin,
15042973,gi|15042973|AAK52506__vertebrate|cold|Deinagkistrodon acutus|Gnathostomata|Squamata|Viperidae|venom|,vertebrate|cold|Deinagkistrodon acutus|Gnathostomata|Squamata|Viperidae|venom|,vertebrate,cold,Deinagkistrodon acutus,Gnathostomata,Squamata,Viperidae,venom,
73957472__vertebrate,gi|73957472__vertebrate|warm|Canis familiaris|Mammalia|Carnivora|Canidae|chymotrypsin|,vertebrate|warm|Canis familiaris|Mammalia|Carnivora|Canidae|chymotrypsin|,vertebrate,warm,Canis familiaris,Mammalia,Carnivora,Canidae,chymotrypsin,
76671673__vertebrate,gi|76671673__vertebrate|warm|Bos taurus|Mammalia|Ruminantia|Bovidae|granzyme|k,vertebrate|warm|Bos taurus|Mammalia|Ruminantia|Bovidae|granzyme|k,vertebrate,warm,Bos taurus,Mammalia,Ruminantia,Bovidae,granzyme,k
73947865__vertebrate,gi|73947865__vertebrate|warm|Canis familiaris|Mammalia|Carnivora|Canidae|kallikrein|,vertebrate|warm|Canis familiaris|Mammalia|Carnivora|Canidae|kallikrein|,vertebrate,warm,Canis familiaris,Mammalia,Carnivora,Canidae,kallikrein,
32394742,gi|32394742|AAM96942__not vertebrate|cold|Phlebotomus papatasi|Insecta|Diptera|Psychodidae|trypsin|,not vertebrate|cold|Phlebotomus papatasi|Insecta|Diptera|Psychodidae|trypsin|,not vertebrate,cold,Phlebotomus papatasi,Insecta,Diptera,Psychodidae,trypsin,
47214192__vertebrate,gi|47214192__vertebrate|cold|tetraodon nigroviridis|Actinopterygii|Tetraodontiformes|Tetraodontidae|ELSE|,vertebrate|cold|tetraodon nigroviridis|Actinopterygii|Tetraodontiformes|Tetraodontidae|ELSE|,vertebrate,cold,tetraodon nigroviridis,Actinopterygii,Tetraodontiformes,Tetraodontidae,ELSE,
73954226__vertebrate,gi|73954226__vertebrate|warm|Canis familiaris|Mammalia|Carnivora|Canidae|granzyme|k,vertebrate|warm|Canis familiaris|Mammalia|Carnivora|Canidae|granzyme|k,vertebrate,warm,Canis familiaris,Mammalia,Carnivora,Canidae,granzyme,k
91094967__not vertebrate,gi|91094967__not vertebrate|cold|Tribolium castaneum|Insecta|Coleoptera|Tenebrionidae|ELSE|,not vertebrate|cold|Tribolium castaneum|Insecta|Coleoptera|Tenebrionidae|ELSE|,not vertebrate,cold,Tribolium castaneum,Insecta,Coleoptera,Tenebrionidae,ELSE,
55650315__vertebrate,gi|55650315__vertebrate|warm|Pan troglodytes|Mammalia|Primates|Hominidae|kallikrein|,vertebrate|warm|Pan troglodytes|Mammalia|Primates|Hominidae|kallikrein|,vertebrate,warm,Pan troglodytes,Mammalia,Primates,Hominidae,kallikrein,
32329782__vertebrate,gi|32329782__vertebrate|cold|Cerastes cerastes|Gnathostomata|Squamata|Viperidae|ELSE|,vertebrate|cold|Cerastes cerastes|Gnathostomata|Squamata|Viperidae|ELSE|,vertebrate,cold,Cerastes cerastes,Gnathostomata,Squamata,Viperidae,ELSE,
88861964,gi|88861964|ABD52886__vertebrate|cold|Lachesis muta|Gnathostomata|Squamata|Viperidae|ELSE|,vertebrate|cold|Lachesis muta|Gnathostomata|Squamata|Viperidae|ELSE|,vertebrate,cold,Lachesis muta,Gnathostomata,Squamata,Viperidae,ELSE,
73957387__vertebrate,gi|73957387__vertebrate|warm|Canis familiaris|Mammalia|Carnivora|Canidae|chymotrypsin|,vertebrate|warm|Canis familiaris|Mammalia|Carnivora|Canidae|chymotrypsin|,vertebrate,warm,Canis familiaris,Mammalia,Carnivora,Canidae,chymotrypsin,
8567983,gi|8567983|AAF76377__vertebrate|cold|Deinagkistrodon acutus|Gnathostomata|Squamata|Viperidae|thrombin|,vertebrate|cold|Deinagkistrodon acutus|Gnathostomata|Squamata|Viperidae|thrombin|,vertebrate,cold,Deinagkistrodon acutus,Gnathostomata,Squamata,Viperidae,thrombin,
33637115,gi|33637115|AAQ23714__vertebrate|warm|Equus caballus|Mammalia|Perissodactyla|Equidae|kallikrein|,vertebrate|warm|Equus caballus|Mammalia|Perissodactyla|Equidae|kallikrein|,vertebrate,warm,Equus caballus,Mammalia,Perissodactyla,Equidae,kallikrein,
55240940,gi|55240940|EAA09293__not vertebrate|cold|anopheles gambiae str. pest|Insecta|Diptera|Culicidae|ELSE|,not vertebrate|cold|anopheles gambiae str. pest|Insecta|Diptera|Culicidae|ELSE|,not vertebrate,cold,anopheles gambiae str. pest,Insecta,Diptera,Culicidae,ELSE,
33943614,gi|33943614|AAQ55487__not vertebrate|cold|Lepidoglyphus destructor|Arachnida|Astigmata|Glycyphagidae|allergen|,not vertebrate|cold|Lepidoglyphus destructor|Arachnida|Astigmata|Glycyphagidae|allergen|,not vertebrate,cold,Lepidoglyphus destructor,Arachnida,Astigmata,Glycyphagidae,allergen,
62027464,gi|62027464|AAH92122__vertebrate|cold|Xenopus laevis|Amphibia|Anura|Pipidae|ELSE|,vertebrate|cold|Xenopus laevis|Amphibia|Anura|Pipidae|ELSE|,vertebrate,cold,Xenopus laevis,Amphibia,Anura,Pipidae,ELSE,
4530042,gi|4530042|AAD21830__not vertebrate|cold|Ctenocephalides felis|Insecta|Siphonaptera|Pulicidae|trypsin|,not vertebrate|cold|Ctenocephalides felis|Insecta|Siphonaptera|Pulicidae|trypsin|,not vertebrate,cold,Ctenocephalides felis,Insecta,Siphonaptera,Pulicidae,trypsin,
33307095,gi|33307095|AAQ02909__vertebrate|cold|Viridovipera stejnegeri|Gnathostomata|Squamata|Viperidae|ELSE|,vertebrate|cold|Viridovipera stejnegeri|Gnathostomata|Squamata|Viperidae|ELSE|,vertebrate,cold,Viridovipera stejnegeri,Gnathostomata,Squamata,Viperidae,ELSE,
8567987,gi|8567987|AAF76379__vertebrate|cold|Deinagkistrodon acutus|Gnathostomata|Squamata|Viperidae|thrombin|,vertebrate|cold|Deinagkistrodon acutus|Gnathostomata|Squamata|Viperidae|thrombin|,vertebrate,cold,Deinagkistrodon acutus,Gnathostomata,Squamata,Viperidae,thrombin,
4753835__vertebrate,gi|4753835__vertebrate|warm|Ovis aries|Mammalia|Ruminantia|Bovidae|tryptase|,vertebrate|warm|Ovis aries|Mammalia|Ruminantia|Bovidae|tryptase|,vertebrate,warm,Ovis aries,Mammalia,Ruminantia,Bovidae,tryptase,
68437019__vertebrate,gi|68437019__vertebrate|cold|Danio rerio|Actinopterygii|Cypriniformes|Cyprinidae|ela2|,vertebrate|cold|Danio rerio|Actinopterygii|Cypriniformes|Cyprinidae|ela2|,vertebrate,cold,Danio rerio,Actinopterygii,Cypriniformes,Cyprinidae,ela2,
91077262__not vertebrate,gi|91077262__not vertebrate|cold|Tribolium castaneum|Insecta|Coleoptera|Tenebrionidae|ELSE|,not vertebrate|cold|Tribolium castaneum|Insecta|Coleoptera|Tenebrionidae|ELSE|,not vertebrate,cold,Tribolium castaneum,Insecta,Coleoptera,Tenebrionidae,ELSE,
4102924,gi|4102924|AAD01623__vertebrate|cold|Gloydius halys|Gnathostomata|Squamata|Viperidae|ELSE|,vertebrate|cold|Gloydius halys|Gnathostomata|Squamata|Viperidae|ELSE|,vertebrate,cold,Gloydius halys,Gnathostomata,Squamata,Viperidae,ELSE,
62003361,gi|62003361|AAX59050__not vertebrate|cold|Culex pipiens|Insecta|Diptera|Culicidae|trypsin|,not vertebrate|cold|Culex pipiens|Insecta|Diptera|Culicidae|trypsin|,not vertebrate,cold,Culex pipiens,Insecta,Diptera,Culicidae,trypsin,
11036675,gi|11036675|AAG27254__vertebrate|cold|Protobothrops mucrosquamatus|Gnathostomata|Squamata|Viperidae|kallikrein|,vertebrate|cold|Protobothrops mucrosquamatus|Gnathostomata|Squamata|Viperidae|kallikrein|,vertebrate,cold,Protobothrops mucrosquamatus,Gnathostomata,Squamata,Viperidae,kallikrein,
29612490,gi|29612490|AAH49588__vertebrate|warm|Mus musculus|Mammalia|Rodentia|Muridae|prss21|,vertebrate|warm|Mus musculus|Mammalia|Rodentia|Muridae|prss21|,vertebrate,warm,Mus musculus,Mammalia,Rodentia,Muridae,prss21,
31711394__vertebrate,gi|31711394__vertebrate|warm|Equus caballus|Mammalia|Perissodactyla|Equidae|tryptase|,vertebrate|warm|Equus caballus|Mammalia|Perissodactyla|Equidae|tryptase|,vertebrate,warm,Equus caballus,Mammalia,Perissodactyla,Equidae,tryptase,
13994276__vertebrate,gi|13994276__vertebrate|warm|Homo sapiens|Mammalia|Primates|Hominidae|marapsin|,vertebrate|warm|Homo sapiens|Mammalia|Primates|Hominidae|marapsin|,vertebrate,warm,Homo sapiens,Mammalia,Primates,Hominidae,marapsin,
5441859__vertebrate,gi|5441859__vertebrate|cold|Paralichthys olivaceus|Actinopterygii|Pleuronectiformes|Paralichthyidae|chymotrypsin|,vertebrate|cold|Paralichthys olivaceus|Actinopterygii|Pleuronectiformes|Paralichthyidae|chymotrypsin|,vertebrate,cold,Paralichthys olivaceus,Actinopterygii,Pleuronectiformes,Paralichthyidae,chymotrypsin,
117615,gi|117615|P00766__vertebrate|warm|Bos taurus|Mammalia|Ruminantia|Bovidae|chymotrypsin|,vertebrate|warm|Bos taurus|Mammalia|Ruminantia|Bovidae|chymotrypsin|,vertebrate,warm,Bos taurus,Mammalia,Ruminantia,Bovidae,chymotrypsin,
66516489__not vertebrate,gi|66516489__not vertebrate|cold|Apis mellifera|Insecta|Hymenoptera|Apidae|ELSE|,not vertebrate|cold|Apis mellifera|Insecta|Hymenoptera|Apidae|ELSE|,not vertebrate,cold,Apis mellifera,Insecta,Hymenoptera,Apidae,ELSE,
21297138,gi|21297138|EAA09283__not vertebrate|cold|anopheles gambiae str. pest|Insecta|Diptera|Culicidae|ELSE|,not vertebrate|cold|anopheles gambiae str. pest|Insecta|Diptera|Culicidae|ELSE|,not vertebrate,cold,anopheles gambiae str. pest,Insecta,Diptera,Culicidae,ELSE,
48526108,gi|48526108|AAT45252__vertebrate|cold|Sparus aurata|Actinopterygii|Perciformes|Sparidae|elastase|,vertebrate|cold|Sparus aurata|Actinopterygii|Perciformes|Sparidae|elastase|,vertebrate,cold,Sparus aurata,Actinopterygii,Perciformes,Sparidae,elastase,
40786441__vertebrate,gi|40786441__vertebrate|warm|Rattus norvegicus|Mammalia|Rodentia|Muridae|transmembrane|,vertebrate|warm|Rattus norvegicus|Mammalia|Rodentia|Muridae|transmembrane|,vertebrate,warm,Rattus norvegicus,Mammalia,Rodentia,Muridae,transmembrane,
1588661__vertebrate,gi|1588661__vertebrate|warm|Bos taurus|Mammalia|Ruminantia|Bovidae|tryptase|,vertebrate|warm|Bos taurus|Mammalia|Ruminantia|Bovidae|tryptase|,vertebrate,warm,Bos taurus,Mammalia,Ruminantia,Bovidae,tryptase,
27806375__vertebrate,gi|27806375__vertebrate|warm|Bos taurus|Mammalia|Ruminantia|Bovidae|tryptase|,vertebrate|warm|Bos taurus|Mammalia|Ruminantia|Bovidae|tryptase|,vertebrate,warm,Bos taurus,Mammalia,Ruminantia,Bovidae,tryptase,
55643231__vertebrate,gi|55643231__vertebrate|warm|Pan troglodytes|Mammalia|Primates|Hominidae|marapsin|,vertebrate|warm|Pan troglodytes|Mammalia|Primates|Hominidae|marapsin|,vertebrate,warm,Pan troglodytes,Mammalia,Primates,Hominidae,marapsin,
6681083__vertebrate,gi|6681083__vertebrate|warm|Mus musculus|Mammalia|Rodentia|Muridae|cathepsin|,vertebrate|warm|Mus musculus|Mammalia|Rodentia|Muridae|cathepsin|,vertebrate,warm,Mus musculus,Mammalia,Rodentia,Muridae,cathepsin,
76647343__vertebrate,gi|76647343__vertebrate|warm|Bos taurus|Mammalia|Ruminantia|Bovidae|granzyme|b,vertebrate|warm|Bos taurus|Mammalia|Ruminantia|Bovidae|granzyme|b,vertebrate,warm,Bos taurus,Mammalia,Ruminantia,Bovidae,granzyme,b
56971185,gi|56971185|AAH88769__vertebrate|cold|Xenopus tropicalis|Amphibia|Anura|Pipidae|chymotrypsin|,vertebrate|cold|Xenopus tropicalis|Amphibia|Anura|Pipidae|chymotrypsin|,vertebrate,cold,Xenopus tropicalis,Amphibia,Anura,Pipidae,chymotrypsin,
62655772__vertebrate,gi|62655772__vertebrate|warm|Rattus norvegicus|Mammalia|Rodentia|Muridae|tryptase|,vertebrate|warm|Rattus norvegicus|Mammalia|Rodentia|Muridae|tryptase|,vertebrate,warm,Rattus norvegicus,Mammalia,Rodentia,Muridae,tryptase,
13959636,gi|13959636|Q91516__vertebrate|cold|Viridovipera stejnegeri|Gnathostomata|Squamata|Viperidae|venom|,vertebrate|cold|Viridovipera stejnegeri|Gnathostomata|Squamata|Viperidae|venom|,vertebrate,cold,Viridovipera stejnegeri,Gnathostomata,Squamata,Viperidae,venom,
4102926,gi|4102926|AAD01624__vertebrate|cold|Gloydius halys|Gnathostomata|Squamata|Viperidae|plasminogen activator|,vertebrate|cold|Gloydius halys|Gnathostomata|Squamata|Viperidae|plasminogen activator|,vertebrate,cold,Gloydius halys,Gnathostomata,Squamata,Viperidae,plasminogen activator,
57870463,gi|57870463|AAH89075__vertebrate|cold|Xenopus tropicalis|Amphibia|Anura|Pipidae|chymotrypsin|,vertebrate|cold|Xenopus tropicalis|Amphibia|Anura|Pipidae|chymotrypsin|,vertebrate,cold,Xenopus tropicalis,Amphibia,Anura,Pipidae,chymotrypsin,
117616,gi|117616|P00767__vertebrate|warm|Bos taurus|Mammalia|Ruminantia|Bovidae|chymotrypsin|,vertebrate|warm|Bos taurus|Mammalia|Ruminantia|Bovidae|chymotrypsin|,vertebrate,warm,Bos taurus,Mammalia,Ruminantia,Bovidae,chymotrypsin,
31981624__vertebrate,gi|31981624__vertebrate|warm|Mus musculus|Mammalia|Rodentia|Muridae|mast cell protease|,vertebrate|warm|Mus musculus|Mammalia|Rodentia|Muridae|mast cell protease|,vertebrate,warm,Mus musculus,Mammalia,Rodentia,Muridae,mast cell protease,
1717790,gi|1717790|P50342__vertebrate|warm|Meriones unguiculatus|Mammalia|Rodentia|Muridae|tryptase|,vertebrate|warm|Meriones unguiculatus|Mammalia|Rodentia|Muridae|tryptase|,vertebrate,warm,Meriones unguiculatus,Mammalia,Rodentia,Muridae,tryptase,
899286__vertebrate,gi|899286__vertebrate|warm|Homo sapiens|Mammalia|Primates|Hominidae|hepsin|,vertebrate|warm|Homo sapiens|Mammalia|Primates|Hominidae|hepsin|,vertebrate,warm,Homo sapiens,Mammalia,Primates,Hominidae,hepsin,
33307074,gi|33307074|AAQ02902__vertebrate|cold|Viridovipera stejnegeri|Gnathostomata|Squamata|Viperidae|ELSE|,vertebrate|cold|Viridovipera stejnegeri|Gnathostomata|Squamata|Viperidae|ELSE|,vertebrate,cold,Viridovipera stejnegeri,Gnathostomata,Squamata,Viperidae,ELSE,
56566179,gi|56566179|AAV98367__vertebrate|cold|Lapemis hardwickii|Gnathostomata|Squamata|Hydrophiidae|ELSE|,vertebrate|cold|Lapemis hardwickii|Gnathostomata|Squamata|Hydrophiidae|ELSE|,vertebrate,cold,Lapemis hardwickii,Gnathostomata,Squamata,Hydrophiidae,ELSE,
62661945__vertebrate,gi|62661945__vertebrate|warm|Rattus norvegicus|Mammalia|Rodentia|Muridae|granzyme|b,vertebrate|warm|Rattus norvegicus|Mammalia|Rodentia|Muridae|granzyme|b,vertebrate,warm,Rattus norvegicus,Mammalia,Rodentia,Muridae,granzyme,b
18652951,gi|18652951|AAL77226__vertebrate|cold|Crotalus atrox|Gnathostomata|Squamata|Viperidae|ELSE|,vertebrate|cold|Crotalus atrox|Gnathostomata|Squamata|Viperidae|ELSE|,vertebrate,cold,Crotalus atrox,Gnathostomata,Squamata,Viperidae,ELSE,
1470064,gi|1470064|AAB05241__vertebrate|warm|Rattus norvegicus|Mammalia|Rodentia|Muridae|ELSE|,vertebrate|warm|Rattus norvegicus|Mammalia|Rodentia|Muridae|ELSE|,vertebrate,warm,Rattus norvegicus,Mammalia,Rodentia,Muridae,ELSE,
76653239__vertebrate,gi|76653239__vertebrate|warm|Bos taurus|Mammalia|Ruminantia|Bovidae|prostasin|,vertebrate|warm|Bos taurus|Mammalia|Ruminantia|Bovidae|prostasin|,vertebrate,warm,Bos taurus,Mammalia,Ruminantia,Bovidae,prostasin,
31563314,gi|31563314|AAP55755__not vertebrate|cold|Lepeophtheirus salmonis|Maxillopoda|Siphonostomatoida|Caligidae|trypsin|,not vertebrate|cold|Lepeophtheirus salmonis|Maxillopoda|Siphonostomatoida|Caligidae|trypsin|,not vertebrate,cold,Lepeophtheirus salmonis,Maxillopoda,Siphonostomatoida,Caligidae,trypsin,
29468347,gi|29468347|AAO85513__not vertebrate|cold|synthetic construct|not applicable|not applicable|not applicable|protein C activator|,not vertebrate|cold|synthetic construct|not applicable|not applicable|not applicable|protein C activator|,not vertebrate,cold,synthetic construct,not applicable,not applicable,not applicable,protein C activator,
64654240,gi|64654240|AAH96177__vertebrate|warm|homo sapiens|Mammalia|Primates|Hominidae|kallikrein|,vertebrate|warm|homo sapiens|Mammalia|Primates|Hominidae|kallikrein|,vertebrate,warm,homo sapiens,Mammalia,Primates,Hominidae,kallikrein,
2462649__not vertebrate,gi|2462649__not vertebrate|cold|Litopenaeus vannamei|Malacostraca|Decapoda|Penaeidae|chymotrypsin|,not vertebrate|cold|Litopenaeus vannamei|Malacostraca|Decapoda|Penaeidae|chymotrypsin|,not vertebrate,cold,Litopenaeus vannamei,Malacostraca,Decapoda,Penaeidae,chymotrypsin,
54636740,gi|54636740|EAL26143__not vertebrate|cold|drosophila pseudoobscura|Insecta|Diptera|Drosophilidae|ELSE|,not vertebrate|cold|drosophila pseudoobscura|Insecta|Diptera|Drosophilidae|ELSE|,not vertebrate,cold,drosophila pseudoobscura,Insecta,Diptera,Drosophilidae,ELSE,
9988783,gi|9988783|AAG10790__vertebrate|cold|Trimeresurus jerdonii|Gnathostomata|Squamata|Viperidae|ELSE|,vertebrate|cold|Trimeresurus jerdonii|Gnathostomata|Squamata|Viperidae|ELSE|,vertebrate,cold,Trimeresurus jerdonii,Gnathostomata,Squamata,Viperidae,ELSE,
5869573__vertebrate,gi|5869573__vertebrate|warm|Mus musculus|Mammalia|Rodentia|Muridae|granzyme|k,vertebrate|warm|Mus musculus|Mammalia|Rodentia|Muridae|granzyme|k,vertebrate,warm,Mus musculus,Mammalia,Rodentia,Muridae,granzyme,k
19353198,gi|19353198|AAH24903__vertebrate|warm|Mus musculus|Mammalia|Rodentia|Muridae|tryptase|,vertebrate|warm|Mus musculus|Mammalia|Rodentia|Muridae|tryptase|,vertebrate,warm,Mus musculus,Mammalia,Rodentia,Muridae,tryptase,
88866533,gi|88866533|ABD57312__not vertebrate|cold|Eupolyphaga sinensis|Insecta|Blattaria|Polyphagidae|fibrinolytic|,not vertebrate|cold|Eupolyphaga sinensis|Insecta|Blattaria|Polyphagidae|fibrinolytic|,not vertebrate,cold,Eupolyphaga sinensis,Insecta,Blattaria,Polyphagidae,fibrinolytic,
61740598__vertebrate,gi|61740598__vertebrate|warm|Canis familiaris|Mammalia|Carnivora|Canidae|chymase|,vertebrate|warm|Canis familiaris|Mammalia|Carnivora|Canidae|chymase|,vertebrate,warm,Canis familiaris,Mammalia,Carnivora,Canidae,chymase,
433829__not vertebrate,gi|433829__not vertebrate|cold|synthetic construct|not applicable|not applicable|not applicable|ELSE|,not vertebrate|cold|synthetic construct|not applicable|not applicable|not applicable|ELSE|,not vertebrate,cold,synthetic construct,not applicable,not applicable,not applicable,ELSE,
60678799,gi|60678799|AAX33734__not vertebrate|cold|Periplaneta americana|Insecta|Blattaria|Blattidae|allergen|,not vertebrate|cold|Periplaneta americana|Insecta|Blattaria|Blattidae|allergen|,not vertebrate,cold,Periplaneta americana,Insecta,Blattaria,Blattidae,allergen,
130314,gi|130314|P80009__vertebrate|warm|Canis familiaris|Mammalia|Carnivora|Canidae|plasminogen|,vertebrate|warm|Canis familiaris|Mammalia|Carnivora|Canidae|plasminogen|,vertebrate,warm,Canis familiaris,Mammalia,Carnivora,Canidae,plasminogen,
73959433__vertebrate,gi|73959433__vertebrate|warm|Canis familiaris|Mammalia|Carnivora|Canidae|ELSE|,vertebrate|warm|Canis familiaris|Mammalia|Carnivora|Canidae|ELSE|,vertebrate,warm,Canis familiaris,Mammalia,Carnivora,Canidae,ELSE,
56789096,gi|56789096|AAH88027__vertebrate|cold|Xenopus tropicalis|Amphibia|Anura|Pipidae|ELSE|,vertebrate|cold|Xenopus tropicalis|Amphibia|Anura|Pipidae|ELSE|,vertebrate,cold,Xenopus tropicalis,Amphibia,Anura,Pipidae,ELSE,
22417221,gi|22417221|AAM96700__vertebrate|cold|Macrovipera lebetina|Gnathostomata|Squamata|Viperidae|ELSE|,vertebrate|cold|Macrovipera lebetina|Gnathostomata|Squamata|Viperidae|ELSE|,vertebrate,cold,Macrovipera lebetina,Gnathostomata,Squamata,Viperidae,ELSE,
4504235__vertebrate,gi|4504235__vertebrate|warm|Homo sapiens|Mammalia|Primates|Hominidae|granzyme|k,vertebrate|warm|Homo sapiens|Mammalia|Primates|Hominidae|granzyme|k,vertebrate,warm,Homo sapiens,Mammalia,Primates,Hominidae,granzyme,k
54636736,gi|54636736|EAL26139__not vertebrate|cold|drosophila pseudoobscura|Insecta|Diptera|Drosophilidae|ELSE|,not vertebrate|cold|drosophila pseudoobscura|Insecta|Diptera|Drosophilidae|ELSE|,not vertebrate,cold,drosophila pseudoobscura,Insecta,Diptera,Drosophilidae,ELSE,
15529990__vertebrate,gi|15529990__vertebrate|warm|Homo sapiens|Mammalia|Primates|Hominidae|granzyme|h,vertebrate|warm|Homo sapiens|Mammalia|Primates|Hominidae|granzyme|h,vertebrate,warm,Homo sapiens,Mammalia,Primates,Hominidae,granzyme,h
31322299,gi|31322299|AAP20638__vertebrate|cold|Gloydius saxatilis|Gnathostomata|Squamata|Viperidae|thrombin|,vertebrate|cold|Gloydius saxatilis|Gnathostomata|Squamata|Viperidae|thrombin|,vertebrate,cold,Gloydius saxatilis,Gnathostomata,Squamata,Viperidae,thrombin,
14009271,gi|14009271|AAK50138__not vertebrate|cold|Culex pipiens quinquefasciatus|Insecta|Diptera|Culicidae|trypsin|,not vertebrate|cold|Culex pipiens quinquefasciatus|Insecta|Diptera|Culicidae|trypsin|,not vertebrate,cold,Culex pipiens quinquefasciatus,Insecta,Diptera,Culicidae,trypsin,
55236187,gi|55236187|EAA13907__not vertebrate|cold|anopheles gambiae str. pest|Insecta|Diptera|Culicidae|ELSE|,not vertebrate|cold|anopheles gambiae str. pest|Insecta|Diptera|Culicidae|ELSE|,not vertebrate,cold,anopheles gambiae str. pest,Insecta,Diptera,Culicidae,ELSE,
47077010__vertebrate,gi|47077010__vertebrate|warm|Homo sapiens|Mammalia|Primates|Hominidae|ELSE|,vertebrate|warm|Homo sapiens|Mammalia|Primates|Hominidae|ELSE|,vertebrate,warm,Homo sapiens,Mammalia,Primates,Hominidae,ELSE,
22208987__vertebrate,gi|22208987__vertebrate|warm|Homo sapiens|Mammalia|Primates|Hominidae|kallikrein|,vertebrate|warm|Homo sapiens|Mammalia|Primates|Hominidae|kallikrein|,vertebrate,warm,Homo sapiens,Mammalia,Primates,Hominidae,kallikrein,
31324554__vertebrate,gi|31324554__vertebrate|warm|Rattus norvegicus|Mammalia|Rodentia|Muridae|ELSE|,vertebrate|warm|Rattus norvegicus|Mammalia|Rodentia|Muridae|ELSE|,vertebrate,warm,Rattus norvegicus,Mammalia,Rodentia,Muridae,ELSE,
94733500__vertebrate,gi|94733500__vertebrate|cold|Danio rerio|Actinopterygii|Cypriniformes|Cyprinidae|not trypsin|,vertebrate|cold|Danio rerio|Actinopterygii|Cypriniformes|Cyprinidae|not trypsin|,vertebrate,cold,Danio rerio,Actinopterygii,Cypriniformes,Cyprinidae,not trypsin,
346943__vertebrate,gi|346943__vertebrate|warm|Mus musculus|Mammalia|Rodentia|Muridae|ELSE|,vertebrate|warm|Mus musculus|Mammalia|Rodentia|Muridae|ELSE|,vertebrate,warm,Mus musculus,Mammalia,Rodentia,Muridae,ELSE,
76639924__vertebrate,gi|76639924__vertebrate|warm|Bos taurus|Mammalia|Ruminantia|Bovidae|chymotrypsin|,vertebrate|warm|Bos taurus|Mammalia|Ruminantia|Bovidae|chymotrypsin|,vertebrate,warm,Bos taurus,Mammalia,Ruminantia,Bovidae,chymotrypsin,
408280,gi|408280|AAB27876__vertebrate|cold|Lachesis muta|Gnathostomata|Squamata|Viperidae|venom|,vertebrate|cold|Lachesis muta|Gnathostomata|Squamata|Viperidae|venom|,vertebrate,cold,Lachesis muta,Gnathostomata,Squamata,Viperidae,venom,
999161,gi|999161|AAB34465__vertebrate|cold|Bothrops jararaca|Gnathostomata|Squamata|Viperidae|venom|,vertebrate|cold|Bothrops jararaca|Gnathostomata|Squamata|Viperidae|venom|,vertebrate,cold,Bothrops jararaca,Gnathostomata,Squamata,Viperidae,venom,
2815618,gi|2815618|AAB97887__vertebrate|warm|Papio hamadryas|Mammalia|Primates|Cercopithecidae|plasminogen|,vertebrate|warm|Papio hamadryas|Mammalia|Primates|Cercopithecidae|plasminogen|,vertebrate,warm,Papio hamadryas,Mammalia,Primates,Cercopithecidae,plasminogen,
61741494,gi|61741494|AAX54679__vertebrate|cold|Crotalus durissus terrificus|Gnathostomata|Squamata|Viperidae|ELSE|,vertebrate|cold|Crotalus durissus terrificus|Gnathostomata|Squamata|Viperidae|ELSE|,vertebrate,cold,Crotalus durissus terrificus,Gnathostomata,Squamata,Viperidae,ELSE,
10441463,gi|10441463|AAG17054__vertebrate|warm|Mus musculus|Mammalia|Rodentia|Muridae|channel activating protease|,vertebrate|warm|Mus musculus|Mammalia|Rodentia|Muridae|channel activating protease|,vertebrate,warm,Mus musculus,Mammalia,Rodentia,Muridae,channel activating protease,
136434,gi|136434|P15944__vertebrate|warm|Canis familiaris|Mammalia|Carnivora|Canidae|tryptase|,vertebrate|warm|Canis familiaris|Mammalia|Carnivora|Canidae|tryptase|,vertebrate,warm,Canis familiaris,Mammalia,Carnivora,Canidae,tryptase,
1698698,gi|1698698|AAB48262__vertebrate|warm|Rattus norvegicus|Mammalia|Rodentia|Muridae|mast cell protease|,vertebrate|warm|Rattus norvegicus|Mammalia|Rodentia|Muridae|mast cell protease|,vertebrate,warm,Rattus norvegicus,Mammalia,Rodentia,Muridae,mast cell protease,
984317,gi|984317|AAC47304__not vertebrate|cold|Drosophila melanogaster|Insecta|Diptera|Drosophilidae|trypsin|,not vertebrate|cold|Drosophila melanogaster|Insecta|Diptera|Drosophilidae|trypsin|,not vertebrate,cold,Drosophila melanogaster,Insecta,Diptera,Drosophilidae,trypsin,
67523821__fungi,gi|67523821__fungi|cold|Aspergillus nidulans FGSC A4|Eurotiomycetes|Eurotiales|Trichocomaceae|ELSE|,fungi|cold|Aspergillus nidulans FGSC A4|Eurotiomycetes|Eurotiales|Trichocomaceae|ELSE|,fungi,cold,Aspergillus nidulans FGSC A4,Eurotiomycetes,Eurotiales,Trichocomaceae,ELSE,
1679666,gi|1679666|AAB19192__vertebrate|warm|Mus musculus|Mammalia|Rodentia|Muridae|granzyme|e,vertebrate|warm|Mus musculus|Mammalia|Rodentia|Muridae|granzyme|e,vertebrate,warm,Mus musculus,Mammalia,Rodentia,Muridae,granzyme,e
193628,gi|193628|AAA37737__vertebrate|warm|Mus musculus|Mammalia|Rodentia|Muridae|granzyme|e,vertebrate|warm|Mus musculus|Mammalia|Rodentia|Muridae|granzyme|e,vertebrate,warm,Mus musculus,Mammalia,Rodentia,Muridae,granzyme,e
54038701,gi|54038701|AAH84389__vertebrate|cold|Xenopus laevis|Amphibia|Anura|Pipidae|ELSE|,vertebrate|cold|Xenopus laevis|Amphibia|Anura|Pipidae|ELSE|,vertebrate,cold,Xenopus laevis,Amphibia,Anura,Pipidae,ELSE,
62897905__vertebrate,gi|62897905__vertebrate|warm|Homo sapiens|Mammalia|Primates|Hominidae|chymotrypsin|,vertebrate|warm|Homo sapiens|Mammalia|Primates|Hominidae|chymotrypsin|,vertebrate,warm,Homo sapiens,Mammalia,Primates,Hominidae,chymotrypsin,
50753637__vertebrate,gi|50753637__vertebrate|warm|Gallus gallus|Aves|Galliformes|Phasianidae|chymotrypsin|,vertebrate|warm|Gallus gallus|Aves|Galliformes|Phasianidae|chymotrypsin|,vertebrate,warm,Gallus gallus,Aves,Galliformes,Phasianidae,chymotrypsin,
52138939,gi|52138939|AAH82688__vertebrate|cold|Xenopus laevis|Amphibia|Anura|Pipidae|ELSE|,vertebrate|cold|Xenopus laevis|Amphibia|Anura|Pipidae|ELSE|,vertebrate,cold,Xenopus laevis,Amphibia,Anura,Pipidae,ELSE,
61698848,gi|61698848|AAV48634__not vertebrate|cold|Pediculus humanus|Insecta|Phthiraptera|Pediculidae|ELSE|,not vertebrate|cold|Pediculus humanus|Insecta|Phthiraptera|Pediculidae|ELSE|,not vertebrate,cold,Pediculus humanus,Insecta,Phthiraptera,Pediculidae,ELSE,
4530040,gi|4530040|AAD21829__not vertebrate|cold|Ctenocephalides felis|Insecta|Siphonaptera|Pulicidae|trypsin|,not vertebrate|cold|Ctenocephalides felis|Insecta|Siphonaptera|Pulicidae|trypsin|,not vertebrate,cold,Ctenocephalides felis,Insecta,Siphonaptera,Pulicidae,trypsin,
48093528,gi|48093528|AAT40141__vertebrate|cold|Bothrops alternatus|Gnathostomata|Squamata|Viperidae|ELSE|,vertebrate|cold|Bothrops alternatus|Gnathostomata|Squamata|Viperidae|ELSE|,vertebrate,cold,Bothrops alternatus,Gnathostomata,Squamata,Viperidae,ELSE,
33307098,gi|33307098|AAQ02910__vertebrate|cold|Viridovipera stejnegeri|Gnathostomata|Squamata|Viperidae|ELSE|,vertebrate|cold|Viridovipera stejnegeri|Gnathostomata|Squamata|Viperidae|ELSE|,vertebrate,cold,Viridovipera stejnegeri,Gnathostomata,Squamata,Viperidae,ELSE,
5564__not vertebrate,gi|5564__not vertebrate|cold|Aedes aegypti|Insecta|Diptera|Culicidae|trypsin|,not vertebrate|cold|Aedes aegypti|Insecta|Diptera|Culicidae|trypsin|,not vertebrate,cold,Aedes aegypti,Insecta,Diptera,Culicidae,trypsin,
73958334__vertebrate,gi|73958334__vertebrate|warm|Canis familiaris|Mammalia|Carnivora|Canidae|ELSE|,vertebrate|warm|Canis familiaris|Mammalia|Carnivora|Canidae|ELSE|,vertebrate,warm,Canis familiaris,Mammalia,Carnivora,Canidae,ELSE,
9757698__vertebrate,gi|9757698__vertebrate|cold|Xenopus laevis|Amphibia|Anura|Pipidae|ELSE|,vertebrate|cold|Xenopus laevis|Amphibia|Anura|Pipidae|ELSE|,vertebrate,cold,Xenopus laevis,Amphibia,Anura,Pipidae,ELSE,
54650278__vertebrate,gi|54650278__vertebrate|cold|Bothrops jararaca|Gnathostomata|Squamata|Viperidae|ELSE|,vertebrate|cold|Bothrops jararaca|Gnathostomata|Squamata|Viperidae|ELSE|,vertebrate,cold,Bothrops jararaca,Gnathostomata,Squamata,Viperidae,ELSE,
94733506__vertebrate,gi|94733506__vertebrate|cold|Danio rerio|Actinopterygii|Cypriniformes|Cyprinidae|not trypsin|,vertebrate|cold|Danio rerio|Actinopterygii|Cypriniformes|Cyprinidae|not trypsin|,vertebrate,cold,Danio rerio,Actinopterygii,Cypriniformes,Cyprinidae,not trypsin,
4210804__not vertebrate,gi|4210804__not vertebrate|cold|Phaedon cochleariae|Insecta|Coleoptera|Chrysomelidae|trypsin|,not vertebrate|cold|Phaedon cochleariae|Insecta|Coleoptera|Chrysomelidae|trypsin|,not vertebrate,cold,Phaedon cochleariae,Insecta,Coleoptera,Chrysomelidae,trypsin,
13959619,gi|13959619|O13061__vertebrate|cold|Trimeresurus gramineus|Gnathostomata|Squamata|Viperidae|venom|,vertebrate|cold|Trimeresurus gramineus|Gnathostomata|Squamata|Viperidae|venom|,vertebrate,cold,Trimeresurus gramineus,Gnathostomata,Squamata,Viperidae,venom,
47220404__vertebrate,gi|47220404__vertebrate|cold|tetraodon nigroviridis|Actinopterygii|Tetraodontiformes|Tetraodontidae|ELSE|,vertebrate|cold|tetraodon nigroviridis|Actinopterygii|Tetraodontiformes|Tetraodontidae|ELSE|,vertebrate,cold,tetraodon nigroviridis,Actinopterygii,Tetraodontiformes,Tetraodontidae,ELSE,
56199550,gi|56199550|AAV84264__not vertebrate|cold|Culicoides sonorensis|Insecta|Diptera|Ceratopogonidae|ELSE|,not vertebrate|cold|Culicoides sonorensis|Insecta|Diptera|Ceratopogonidae|ELSE|,not vertebrate,cold,Culicoides sonorensis,Insecta,Diptera,Ceratopogonidae,ELSE,
2094763__vertebrate,gi|2094763__vertebrate|warm|Mesocricetus auratus|Mammalia|Rodentia|Cricetidae|chymase|,vertebrate|warm|Mesocricetus auratus|Mammalia|Rodentia|Cricetidae|chymase|,vertebrate,warm,Mesocricetus auratus,Mammalia,Rodentia,Cricetidae,chymase,
6691473__vertebrate,gi|6691473__vertebrate|cold|Bothrops jararaca|Gnathostomata|Squamata|Viperidae|ELSE|,vertebrate|cold|Bothrops jararaca|Gnathostomata|Squamata|Viperidae|ELSE|,vertebrate,cold,Bothrops jararaca,Gnathostomata,Squamata,Viperidae,ELSE,
9988781,gi|9988781|AAG10789__vertebrate|cold|Trimeresurus jerdonii|Gnathostomata|Squamata|Viperidae|ELSE|,vertebrate|cold|Trimeresurus jerdonii|Gnathostomata|Squamata|Viperidae|ELSE|,vertebrate,cold,Trimeresurus jerdonii,Gnathostomata,Squamata,Viperidae,ELSE,
54644151,gi|54644151|EAL32893__not vertebrate|cold|drosophila pseudoobscura|Insecta|Diptera|Drosophilidae|ELSE|,not vertebrate|cold|drosophila pseudoobscura|Insecta|Diptera|Drosophilidae|ELSE|,not vertebrate,cold,drosophila pseudoobscura,Insecta,Diptera,Drosophilidae,ELSE,
33416680,gi|33416680|AAH56044__vertebrate|cold|Xenopus laevis|Amphibia|Anura|Pipidae|ELSE|,vertebrate|cold|Xenopus laevis|Amphibia|Anura|Pipidae|ELSE|,vertebrate,cold,Xenopus laevis,Amphibia,Anura,Pipidae,ELSE,
546015,gi|546015|AAB30269__vertebrate|warm|Rattus sp.|Mammalia|Rodentia|Muridae|ELSE|,vertebrate|warm|Rattus sp.|Mammalia|Rodentia|Muridae|ELSE|,vertebrate,warm,Rattus sp.,Mammalia,Rodentia,Muridae,ELSE,
587137__not vertebrate,gi|587137__not vertebrate|cold|Hypoderma lineatum|Insecta|Diptera|Oestridae|ELSE|,not vertebrate|cold|Hypoderma lineatum|Insecta|Diptera|Oestridae|ELSE|,not vertebrate,cold,Hypoderma lineatum,Insecta,Diptera,Oestridae,ELSE,
55237403,gi|55237403|EAA12584__not vertebrate|cold|anopheles gambiae str. pest|Insecta|Diptera|Culicidae|ELSE|,not vertebrate|cold|anopheles gambiae str. pest|Insecta|Diptera|Culicidae|ELSE|,not vertebrate,cold,anopheles gambiae str. pest,Insecta,Diptera,Culicidae,ELSE,
4868339,gi|4868339|AAD31269__not vertebrate|cold|Rhyzopertha dominica|Insecta|Coleoptera|Bostrichidae|trypsin|,not vertebrate|cold|Rhyzopertha dominica|Insecta|Coleoptera|Bostrichidae|trypsin|,not vertebrate,cold,Rhyzopertha dominica,Insecta,Coleoptera,Bostrichidae,trypsin,
18266073,gi|18266073|AAL67442__not vertebrate|cold|Paralithodes camtschaticus|Malacostraca|Decapoda|Lithodidae|trypsin|,not vertebrate|cold|Paralithodes camtschaticus|Malacostraca|Decapoda|Lithodidae|trypsin|,not vertebrate,cold,Paralithodes camtschaticus,Malacostraca,Decapoda,Lithodidae,trypsin,
5921501__vertebrate,gi|5921501__vertebrate|warm|Mus musculus|Mammalia|Rodentia|Muridae|ELSE|,vertebrate|warm|Mus musculus|Mammalia|Rodentia|Muridae|ELSE|,vertebrate,warm,Mus musculus,Mammalia,Rodentia,Muridae,ELSE,
2599504,gi|2599504|AAB96905__vertebrate|cold|Xenopus laevis|Amphibia|Anura|Pipidae|ELSE|,vertebrate|cold|Xenopus laevis|Amphibia|Anura|Pipidae|ELSE|,vertebrate,cold,Xenopus laevis,Amphibia,Anura,Pipidae,ELSE,
13959622,gi|13959622|O13069__vertebrate|cold|Bothrops jararaca|Gnathostomata|Squamata|Viperidae|ELSE|,vertebrate|cold|Bothrops jararaca|Gnathostomata|Squamata|Viperidae|ELSE|,vertebrate,cold,Bothrops jararaca,Gnathostomata,Squamata,Viperidae,ELSE,
13959623,gi|13959623|O42207__vertebrate|cold|Gloydius ussuriensis|Gnathostomata|Squamata|Viperidae|capillary permeability increasing |,vertebrate|cold|Gloydius ussuriensis|Gnathostomata|Squamata|Viperidae|capillary permeability increasing |,vertebrate,cold,Gloydius ussuriensis,Gnathostomata,Squamata,Viperidae,capillary permeability increasing ,
20129689__not vertebrate,gi|20129689__not vertebrate|cold|drosophila melanogaster|Insecta|Diptera|Drosophilidae|ELSE|,not vertebrate|cold|drosophila melanogaster|Insecta|Diptera|Drosophilidae|ELSE|,not vertebrate,cold,drosophila melanogaster,Insecta,Diptera,Drosophilidae,ELSE,
50057__vertebrate,gi|50057__vertebrate|warm|Mus musculus|Mammalia|Rodentia|Muridae|ELSE|,vertebrate|warm|Mus musculus|Mammalia|Rodentia|Muridae|ELSE|,vertebrate,warm,Mus musculus,Mammalia,Rodentia,Muridae,ELSE,
91081845__not vertebrate,gi|91081845__not vertebrate|cold|Tribolium castaneum|Insecta|Coleoptera|Tenebrionidae|ELSE|,not vertebrate|cold|Tribolium castaneum|Insecta|Coleoptera|Tenebrionidae|ELSE|,not vertebrate,cold,Tribolium castaneum,Insecta,Coleoptera,Tenebrionidae,ELSE,
60752433,gi|60752433|AAX36080__vertebrate|cold|Ictalurus punctatus|Actinopterygii|Siluriformes|Ictaluridae|granzyme|three,vertebrate|cold|Ictalurus punctatus|Actinopterygii|Siluriformes|Ictaluridae|granzyme|three,vertebrate,cold,Ictalurus punctatus,Actinopterygii,Siluriformes,Ictaluridae,granzyme,three
860734__not vertebrate,gi|860734__not vertebrate|cold|Anopheles gambiae|Insecta|Diptera|Culicidae|ELSE|,not vertebrate|cold|Anopheles gambiae|Insecta|Diptera|Culicidae|ELSE|,not vertebrate,cold,Anopheles gambiae,Insecta,Diptera,Culicidae,ELSE,
6815047__vertebrate,gi|6815047__vertebrate|cold|Paralichthys olivaceus|Actinopterygii|Pleuronectiformes|Paralichthyidae|elastase|,vertebrate|cold|Paralichthys olivaceus|Actinopterygii|Pleuronectiformes|Paralichthyidae|elastase|,vertebrate,cold,Paralichthys olivaceus,Actinopterygii,Pleuronectiformes,Paralichthyidae,elastase,
91077626__not vertebrate,gi|91077626__not vertebrate|cold|Tribolium castaneum|Insecta|Coleoptera|Tenebrionidae|ELSE|,not vertebrate|cold|Tribolium castaneum|Insecta|Coleoptera|Tenebrionidae|ELSE|,not vertebrate,cold,Tribolium castaneum,Insecta,Coleoptera,Tenebrionidae,ELSE,
55241989,gi|55241989|EAA07896__not vertebrate|cold|anopheles gambiae str. pest|Insecta|Diptera|Culicidae|ELSE|,not vertebrate|cold|anopheles gambiae str. pest|Insecta|Diptera|Culicidae|ELSE|,not vertebrate,cold,anopheles gambiae str. pest,Insecta,Diptera,Culicidae,ELSE,
55640577__vertebrate,gi|55640577__vertebrate|warm|Pan troglodytes|Mammalia|Primates|Hominidae|granzyme|h,vertebrate|warm|Pan troglodytes|Mammalia|Primates|Hominidae|granzyme|h,vertebrate,warm,Pan troglodytes,Mammalia,Primates,Hominidae,granzyme,h
68534617,gi|68534617|AAH99292__vertebrate|cold|Xenopus laevis|Amphibia|Anura|Pipidae|ELSE|,vertebrate|cold|Xenopus laevis|Amphibia|Anura|Pipidae|ELSE|,vertebrate,cold,Xenopus laevis,Amphibia,Anura,Pipidae,ELSE,
72041802__not vertebrate,gi|72041802__not vertebrate|cold|Strongylocentrotus purpuratus|Echinozoa|Echinoidea|Strongylocentrotidae|transmembrane|,not vertebrate|cold|Strongylocentrotus purpuratus|Echinozoa|Echinoidea|Strongylocentrotidae|transmembrane|,not vertebrate,cold,Strongylocentrotus purpuratus,Echinozoa,Echinoidea,Strongylocentrotidae,transmembrane,
55637037__vertebrate,gi|55637037__vertebrate|warm|Pan troglodytes|Mammalia|Primates|Hominidae|transmembrane|,vertebrate|warm|Pan troglodytes|Mammalia|Primates|Hominidae|transmembrane|,vertebrate,warm,Pan troglodytes,Mammalia,Primates,Hominidae,transmembrane,
62086164__vertebrate,gi|62086164__vertebrate|cold|Paralichthys olivaceus|Actinopterygii|Pleuronectiformes|Paralichthyidae|granzyme|one,vertebrate|cold|Paralichthys olivaceus|Actinopterygii|Pleuronectiformes|Paralichthyidae|granzyme|one,vertebrate,cold,Paralichthys olivaceus,Actinopterygii,Pleuronectiformes,Paralichthyidae,granzyme,one
55240925,gi|55240925|EAA09284__not vertebrate|cold|anopheles gambiae str. pest|Insecta|Diptera|Culicidae|ELSE|,not vertebrate|cold|anopheles gambiae str. pest|Insecta|Diptera|Culicidae|ELSE|,not vertebrate,cold,anopheles gambiae str. pest,Insecta,Diptera,Culicidae,ELSE,
94733497__vertebrate,gi|94733497__vertebrate|cold|Danio rerio|Actinopterygii|Cypriniformes|Cyprinidae|not trypsin|,vertebrate|cold|Danio rerio|Actinopterygii|Cypriniformes|Cyprinidae|not trypsin|,vertebrate,cold,Danio rerio,Actinopterygii,Cypriniformes,Cyprinidae,not trypsin,
18072835__vertebrate,gi|18072835__vertebrate|cold|Crotalus adamanteus|Gnathostomata|Squamata|Viperidae|ELSE|,vertebrate|cold|Crotalus adamanteus|Gnathostomata|Squamata|Viperidae|ELSE|,vertebrate,cold,Crotalus adamanteus,Gnathostomata,Squamata,Viperidae,ELSE,
25282393__vertebrate,gi|25282393__vertebrate|warm|Rattus norvegicus|Mammalia|Rodentia|Muridae|mast cell protease|,vertebrate|warm|Rattus norvegicus|Mammalia|Rodentia|Muridae|mast cell protease|,vertebrate,warm,Rattus norvegicus,Mammalia,Rodentia,Muridae,mast cell protease,
4768909,gi|4768909|AAD29675__fungi|cold|Metarhizium anisopliae|Sordariomycetes|Hypocreales|Clavicipitaceae|trypsin|,fungi|cold|Metarhizium anisopliae|Sordariomycetes|Hypocreales|Clavicipitaceae|trypsin|,fungi,cold,Metarhizium anisopliae,Sordariomycetes,Hypocreales,Clavicipitaceae,trypsin,
33307053,gi|33307053|AAQ02895__vertebrate|cold|Viridovipera stejnegeri|Gnathostomata|Squamata|Viperidae|ELSE|,vertebrate|cold|Viridovipera stejnegeri|Gnathostomata|Squamata|Viperidae|ELSE|,vertebrate,cold,Viridovipera stejnegeri,Gnathostomata,Squamata,Viperidae,ELSE,
130315,gi|130315|P80010__vertebrate|warm|Equus caballus|Mammalia|Perissodactyla|Equidae|plasminogen|,vertebrate|warm|Equus caballus|Mammalia|Perissodactyla|Equidae|plasminogen|,vertebrate,warm,Equus caballus,Mammalia,Perissodactyla,Equidae,plasminogen,
68262423,gi|68262423|AAH78380__vertebrate|cold|danio rerio|Actinopterygii|Cypriniformes|Cyprinidae|ELSE|,vertebrate|cold|danio rerio|Actinopterygii|Cypriniformes|Cyprinidae|ELSE|,vertebrate,cold,danio rerio,Actinopterygii,Cypriniformes,Cyprinidae,ELSE,
1706190,gi|1706190|P80646__vertebrate|cold|Gadus morhua|Actinopterygii|Gadiformes|Gadidae|chymotrypsin|,vertebrate|cold|Gadus morhua|Actinopterygii|Gadiformes|Gadidae|chymotrypsin|,vertebrate,cold,Gadus morhua,Actinopterygii,Gadiformes,Gadidae,chymotrypsin,
49472800,gi|49472800|AAT66249__not vertebrate|cold|Mayetiola destructor|Insecta|Diptera|Cecidomyiidae|trypsin|,not vertebrate|cold|Mayetiola destructor|Insecta|Diptera|Cecidomyiidae|trypsin|,not vertebrate,cold,Mayetiola destructor,Insecta,Diptera,Cecidomyiidae,trypsin,
51895949,gi|51895949|AAH80976__vertebrate|cold|Xenopus tropicalis|Amphibia|Anura|Pipidae|ELSE|,vertebrate|cold|Xenopus tropicalis|Amphibia|Anura|Pipidae|ELSE|,vertebrate,cold,Xenopus tropicalis,Amphibia,Anura,Pipidae,ELSE,
4530028,gi|4530028|AAD21823__not vertebrate|cold|Ctenocephalides felis|Insecta|Siphonaptera|Pulicidae|chymotrypsin|,not vertebrate|cold|Ctenocephalides felis|Insecta|Siphonaptera|Pulicidae|chymotrypsin|,not vertebrate,cold,Ctenocephalides felis,Insecta,Siphonaptera,Pulicidae,chymotrypsin,
33307071,gi|33307071|AAQ02901__vertebrate|cold|Viridovipera stejnegeri|Gnathostomata|Squamata|Viperidae|ELSE|,vertebrate|cold|Viridovipera stejnegeri|Gnathostomata|Squamata|Viperidae|ELSE|,vertebrate,cold,Viridovipera stejnegeri,Gnathostomata,Squamata,Viperidae,ELSE,
54650276__vertebrate,gi|54650276__vertebrate|cold|Bothrops jararaca|Gnathostomata|Squamata|Viperidae|ELSE|,vertebrate|cold|Bothrops jararaca|Gnathostomata|Squamata|Viperidae|ELSE|,vertebrate,cold,Bothrops jararaca,Gnathostomata,Squamata,Viperidae,ELSE,
23097244__vertebrate,gi|23097244__vertebrate|warm|Homo sapiens|Mammalia|Primates|Hominidae|ELSE|,vertebrate|warm|Homo sapiens|Mammalia|Primates|Hominidae|ELSE|,vertebrate,warm,Homo sapiens,Mammalia,Primates,Hominidae,ELSE,
62860264__vertebrate,gi|62860264__vertebrate|cold|Xenopus tropicalis|Amphibia|Anura|Pipidae|ELSE|,vertebrate|cold|Xenopus tropicalis|Amphibia|Anura|Pipidae|ELSE|,vertebrate,cold,Xenopus tropicalis,Amphibia,Anura,Pipidae,ELSE,
56199540,gi|56199540|AAV84259__not vertebrate|cold|Culicoides sonorensis|Insecta|Diptera|Ceratopogonidae|ELSE|,not vertebrate|cold|Culicoides sonorensis|Insecta|Diptera|Ceratopogonidae|ELSE|,not vertebrate,cold,Culicoides sonorensis,Insecta,Diptera,Ceratopogonidae,ELSE,
91081847__not vertebrate,gi|91081847__not vertebrate|cold|Tribolium castaneum|Insecta|Coleoptera|Tenebrionidae|ELSE|,not vertebrate|cold|Tribolium castaneum|Insecta|Coleoptera|Tenebrionidae|ELSE|,not vertebrate,cold,Tribolium castaneum,Insecta,Coleoptera,Tenebrionidae,ELSE,
3319320,gi|3319320|AAC39131__not vertebrate|cold|Stomoxys calcitrans|Insecta|Diptera|Muscidae|ELSE|,not vertebrate|cold|Stomoxys calcitrans|Insecta|Diptera|Muscidae|ELSE|,not vertebrate,cold,Stomoxys calcitrans,Insecta,Diptera,Muscidae,ELSE,
1177316__not vertebrate,gi|1177316__not vertebrate|cold|Sarcophaga bullata|Insecta|Diptera|Sarcophagidae|trypsin|,not vertebrate|cold|Sarcophaga bullata|Insecta|Diptera|Sarcophagidae|trypsin|,not vertebrate,cold,Sarcophaga bullata,Insecta,Diptera,Sarcophagidae,trypsin,
48098816__not vertebrate,gi|48098816__not vertebrate|cold|Apis mellifera|Insecta|Hymenoptera|Apidae|ELSE|,not vertebrate|cold|Apis mellifera|Insecta|Hymenoptera|Apidae|ELSE|,not vertebrate,cold,Apis mellifera,Insecta,Hymenoptera,Apidae,ELSE,
71051882,gi|71051882|AAH99332__vertebrate|cold|Xenopus laevis|Amphibia|Anura|Pipidae|ELSE|,vertebrate|cold|Xenopus laevis|Amphibia|Anura|Pipidae|ELSE|,vertebrate,cold,Xenopus laevis,Amphibia,Anura,Pipidae,ELSE,
4868335,gi|4868335|AAD31267__not vertebrate|cold|Rhyzopertha dominica|Insecta|Coleoptera|Bostrichidae|trypsin|,not vertebrate|cold|Rhyzopertha dominica|Insecta|Coleoptera|Bostrichidae|trypsin|,not vertebrate,cold,Rhyzopertha dominica,Insecta,Coleoptera,Bostrichidae,trypsin,
21064697,gi|21064697|AAM29578__not vertebrate|cold|Drosophila melanogaster|Insecta|Diptera|Drosophilidae|ELSE|,not vertebrate|cold|Drosophila melanogaster|Insecta|Diptera|Drosophilidae|ELSE|,not vertebrate,cold,Drosophila melanogaster,Insecta,Diptera,Drosophilidae,ELSE,
62661937__vertebrate,gi|62661937__vertebrate|warm|Rattus norvegicus|Mammalia|Rodentia|Muridae|ELSE|,vertebrate|warm|Rattus norvegicus|Mammalia|Rodentia|Muridae|ELSE|,vertebrate,warm,Rattus norvegicus,Mammalia,Rodentia,Muridae,ELSE,
6066249,gi|6066249|AAF03233__vertebrate|cold|Macrovipera lebetina|Gnathostomata|Squamata|Viperidae|factor v activating|,vertebrate|cold|Macrovipera lebetina|Gnathostomata|Squamata|Viperidae|factor v activating|,vertebrate,cold,Macrovipera lebetina,Gnathostomata,Squamata,Viperidae,factor v activating,
13959615,gi|13959615|O13057__vertebrate|cold|Trimeresurus flavoviridis|Gnathostomata|Squamata|Viperidae|venom|,vertebrate|cold|Trimeresurus flavoviridis|Gnathostomata|Squamata|Viperidae|venom|,vertebrate,cold,Trimeresurus flavoviridis,Gnathostomata,Squamata,Viperidae,venom,
28856156,gi|28856156|AAH48112__vertebrate|warm|homo sapiens|Mammalia|Primates|Hominidae|ELSE|,vertebrate|warm|homo sapiens|Mammalia|Primates|Hominidae|ELSE|,vertebrate,warm,homo sapiens,Mammalia,Primates,Hominidae,ELSE,
68399912__vertebrate,gi|68399912__vertebrate|cold|Danio rerio|Actinopterygii|Cypriniformes|Cyprinidae|ELSE|,vertebrate|cold|Danio rerio|Actinopterygii|Cypriniformes|Cyprinidae|ELSE|,vertebrate,cold,Danio rerio,Actinopterygii,Cypriniformes,Cyprinidae,ELSE,
68399778__vertebrate,gi|68399778__vertebrate|cold|Danio rerio|Actinopterygii|Cypriniformes|Cyprinidae|ELSE|,vertebrate|cold|Danio rerio|Actinopterygii|Cypriniformes|Cyprinidae|ELSE|,vertebrate,cold,Danio rerio,Actinopterygii,Cypriniformes,Cyprinidae,ELSE,
94732419__vertebrate,gi|94732419__vertebrate|cold|Danio rerio|Actinopterygii|Cypriniformes|Cyprinidae|not trypsin|,vertebrate|cold|Danio rerio|Actinopterygii|Cypriniformes|Cyprinidae|not trypsin|,vertebrate,cold,Danio rerio,Actinopterygii,Cypriniformes,Cyprinidae,not trypsin,
1470062,gi|1470062|AAB05240__vertebrate|warm|Rattus norvegicus|Mammalia|Rodentia|Muridae|ELSE|,vertebrate|warm|Rattus norvegicus|Mammalia|Rodentia|Muridae|ELSE|,vertebrate,warm,Rattus norvegicus,Mammalia,Rodentia,Muridae,ELSE,
6562944__vertebrate,gi|6562944__vertebrate|cold|Macrovipera lebetina|Gnathostomata|Squamata|Viperidae|ELSE|,vertebrate|cold|Macrovipera lebetina|Gnathostomata|Squamata|Viperidae|ELSE|,vertebrate,cold,Macrovipera lebetina,Gnathostomata,Squamata,Viperidae,ELSE,
9988779,gi|9988779|AAG10788__vertebrate|cold|Trimeresurus jerdonii|Gnathostomata|Squamata|Viperidae|ELSE|,vertebrate|cold|Trimeresurus jerdonii|Gnathostomata|Squamata|Viperidae|ELSE|,vertebrate,cold,Trimeresurus jerdonii,Gnathostomata,Squamata,Viperidae,ELSE,
73949707__vertebrate,gi|73949707__vertebrate|warm|Canis familiaris|Mammalia|Carnivora|Canidae|granzyme|a,vertebrate|warm|Canis familiaris|Mammalia|Carnivora|Canidae|granzyme|a,vertebrate,warm,Canis familiaris,Mammalia,Carnivora,Canidae,granzyme,a
73950880__vertebrate,gi|73950880__vertebrate|warm|Canis familiaris|Mammalia|Carnivora|Canidae|chymotrypsin|,vertebrate|warm|Canis familiaris|Mammalia|Carnivora|Canidae|chymotrypsin|,vertebrate,warm,Canis familiaris,Mammalia,Carnivora,Canidae,chymotrypsin,
73950882__vertebrate,gi|73950882__vertebrate|warm|Canis familiaris|Mammalia|Carnivora|Canidae|chymotrypsin|,vertebrate|warm|Canis familiaris|Mammalia|Carnivora|Canidae|chymotrypsin|,vertebrate,warm,Canis familiaris,Mammalia,Carnivora,Canidae,chymotrypsin,
63102322,gi|63102322|AAH94987__vertebrate|cold|danio rerio|Actinopterygii|Cypriniformes|Cyprinidae|ELSE|,vertebrate|cold|danio rerio|Actinopterygii|Cypriniformes|Cyprinidae|ELSE|,vertebrate,cold,danio rerio,Actinopterygii,Cypriniformes,Cyprinidae,ELSE,
74355696,gi|74355696|AAI04123__vertebrate|warm|mus musculus|Mammalia|Rodentia|Muridae|ELSE|,vertebrate|warm|mus musculus|Mammalia|Rodentia|Muridae|ELSE|,vertebrate,warm,mus musculus,Mammalia,Rodentia,Muridae,ELSE,
4530030,gi|4530030|AAD21824__not vertebrate|cold|Ctenocephalides felis|Insecta|Siphonaptera|Pulicidae|chymotrypsin|,not vertebrate|cold|Ctenocephalides felis|Insecta|Siphonaptera|Pulicidae|chymotrypsin|,not vertebrate,cold,Ctenocephalides felis,Insecta,Siphonaptera,Pulicidae,chymotrypsin,
1314481,gi|1314481|AAC47030__not vertebrate|cold|Celuca pugilator|Malacostraca|Decapoda|Ocypodidae|collagenase|,not vertebrate|cold|Celuca pugilator|Malacostraca|Decapoda|Ocypodidae|collagenase|,not vertebrate,cold,Celuca pugilator,Malacostraca,Decapoda,Ocypodidae,collagenase,
406530,gi|406530|AAA29224__not vertebrate|cold|Hypoderma lineatum|Insecta|Diptera|Oestridae|ELSE|,not vertebrate|cold|Hypoderma lineatum|Insecta|Diptera|Oestridae|ELSE|,not vertebrate,cold,Hypoderma lineatum,Insecta,Diptera,Oestridae,ELSE,
915533,gi|915533|AAA73627__vertebrate|warm|Sus scrofa domestica|Mammalia|Laurasiatheria|Suidae|adipsin|,vertebrate|warm|Sus scrofa domestica|Mammalia|Laurasiatheria|Suidae|adipsin|,vertebrate,warm,Sus scrofa domestica,Mammalia,Laurasiatheria,Suidae,adipsin,
264603,gi|264603|AAB25192__vertebrate|warm|Ovis aries|Mammalia|Ruminantia|Bovidae|plasminogen|,vertebrate|warm|Ovis aries|Mammalia|Ruminantia|Bovidae|plasminogen|,vertebrate,warm,Ovis aries,Mammalia,Ruminantia,Bovidae,plasminogen,
860735__not vertebrate,gi|860735__not vertebrate|cold|Anopheles gambiae|Insecta|Diptera|Culicidae|ELSE|,not vertebrate|cold|Anopheles gambiae|Insecta|Diptera|Culicidae|ELSE|,not vertebrate,cold,Anopheles gambiae,Insecta,Diptera,Culicidae,ELSE,
10089__not vertebrate,gi|10089__not vertebrate|cold|Litopenaeus vannamei|Malacostraca|Decapoda|Penaeidae|chymotrypsin|,not vertebrate|cold|Litopenaeus vannamei|Malacostraca|Decapoda|Penaeidae|chymotrypsin|,not vertebrate,cold,Litopenaeus vannamei,Malacostraca,Decapoda,Penaeidae,chymotrypsin,
47271210,gi|47271210|AAT27275__not vertebrate|cold|Drosophila melanogaster|Insecta|Diptera|Drosophilidae|ELSE|,not vertebrate|cold|Drosophila melanogaster|Insecta|Diptera|Drosophilidae|ELSE|,not vertebrate,cold,Drosophila melanogaster,Insecta,Diptera,Drosophilidae,ELSE,
410324__not vertebrate,gi|410324__not vertebrate|cold|Anopheles gambiae|Insecta|Diptera|Culicidae|trypsin|,not vertebrate|cold|Anopheles gambiae|Insecta|Diptera|Culicidae|trypsin|,not vertebrate,cold,Anopheles gambiae,Insecta,Diptera,Culicidae,trypsin,
303512__not vertebrate,gi|303512__not vertebrate|cold|Bombyx mori|Insecta|Lepidoptera|Bombycidae|ELSE|,not vertebrate|cold|Bombyx mori|Insecta|Lepidoptera|Bombycidae|ELSE|,not vertebrate,cold,Bombyx mori,Insecta,Lepidoptera,Bombycidae,ELSE,
66536357__not vertebrate,gi|66536357__not vertebrate|cold|Apis mellifera|Insecta|Hymenoptera|Apidae|not trypsin|,not vertebrate|cold|Apis mellifera|Insecta|Hymenoptera|Apidae|not trypsin|,not vertebrate,cold,Apis mellifera,Insecta,Hymenoptera,Apidae,not trypsin,
94403486__vertebrate,gi|94403486__vertebrate|warm|Mus musculus|Mammalia|Rodentia|Muridae|ELSE|,vertebrate|warm|Mus musculus|Mammalia|Rodentia|Muridae|ELSE|,vertebrate,warm,Mus musculus,Mammalia,Rodentia,Muridae,ELSE,
94403490__vertebrate,gi|94403490__vertebrate|warm|Mus musculus|Mammalia|Rodentia|Muridae|ELSE|,vertebrate|warm|Mus musculus|Mammalia|Rodentia|Muridae|ELSE|,vertebrate,warm,Mus musculus,Mammalia,Rodentia,Muridae,ELSE,
56270387,gi|56270387|AAH87611__vertebrate|cold|Xenopus tropicalis|Amphibia|Anura|Pipidae|ELSE|,vertebrate|cold|Xenopus tropicalis|Amphibia|Anura|Pipidae|ELSE|,vertebrate,cold,Xenopus tropicalis,Amphibia,Anura,Pipidae,ELSE,
38202313,gi|38202313|AAR14081__not vertebrate|cold|Sarcoptes scabiei type hominis|Arachnida|Astigmata|Sarcoptidae|allergen|,not vertebrate|cold|Sarcoptes scabiei type hominis|Arachnida|Astigmata|Sarcoptidae|allergen|,not vertebrate,cold,Sarcoptes scabiei type hominis,Arachnida,Astigmata,Sarcoptidae,allergen,
54636742,gi|54636742|EAL26145__not vertebrate|cold|drosophila pseudoobscura|Insecta|Diptera|Drosophilidae|ELSE|,not vertebrate|cold|drosophila pseudoobscura|Insecta|Diptera|Drosophilidae|ELSE|,not vertebrate,cold,drosophila pseudoobscura,Insecta,Diptera,Drosophilidae,ELSE,
91077266__not vertebrate,gi|91077266__not vertebrate|cold|Tribolium castaneum|Insecta|Coleoptera|Tenebrionidae|ELSE|,not vertebrate|cold|Tribolium castaneum|Insecta|Coleoptera|Tenebrionidae|ELSE|,not vertebrate,cold,Tribolium castaneum,Insecta,Coleoptera,Tenebrionidae,ELSE,
68372817__vertebrate,gi|68372817__vertebrate|cold|Danio rerio|Actinopterygii|Cypriniformes|Cyprinidae|tryptase|,vertebrate|cold|Danio rerio|Actinopterygii|Cypriniformes|Cyprinidae|tryptase|,vertebrate,cold,Danio rerio,Actinopterygii,Cypriniformes,Cyprinidae,tryptase,
66911393,gi|66911393|AAH97216__vertebrate|cold|danio rerio|Actinopterygii|Cypriniformes|Cyprinidae|ELSE|,vertebrate|cold|danio rerio|Actinopterygii|Cypriniformes|Cyprinidae|ELSE|,vertebrate,cold,danio rerio,Actinopterygii,Cypriniformes,Cyprinidae,ELSE,
1708956,gi|1708956|P50341__vertebrate|warm|Meriones unguiculatus|Mammalia|Rodentia|Muridae|mast cell protease|,vertebrate|warm|Meriones unguiculatus|Mammalia|Rodentia|Muridae|mast cell protease|,vertebrate,warm,Meriones unguiculatus,Mammalia,Rodentia,Muridae,mast cell protease,
1113933,gi|1113933|AAA83241__not vertebrate|cold|Drosophila erecta|Insecta|Diptera|Drosophilidae|trypsin|,not vertebrate|cold|Drosophila erecta|Insecta|Diptera|Drosophilidae|trypsin|,not vertebrate,cold,Drosophila erecta,Insecta,Diptera,Drosophilidae,trypsin,
9581530__vertebrate,gi|9581530__vertebrate|cold|Deinagkistrodon acutus|Gnathostomata|Squamata|Viperidae|acubin|,vertebrate|cold|Deinagkistrodon acutus|Gnathostomata|Squamata|Viperidae|acubin|,vertebrate,cold,Deinagkistrodon acutus,Gnathostomata,Squamata,Viperidae,acubin,
1336172,gi|1336172|AAB58350__vertebrate|cold|Gadus morhua|Actinopterygii|Gadiformes|Gadidae|elastase|,vertebrate|cold|Gadus morhua|Actinopterygii|Gadiformes|Gadidae|elastase|,vertebrate,cold,Gadus morhua,Actinopterygii,Gadiformes,Gadidae,elastase,
47481154,gi|47481154|AAH69331__vertebrate|warm|homo sapiens|Mammalia|Primates|Hominidae|elastase|,vertebrate|warm|homo sapiens|Mammalia|Primates|Hominidae|elastase|,vertebrate,warm,homo sapiens,Mammalia,Primates,Hominidae,elastase,
3559980__vertebrate,gi|3559980__vertebrate|warm|Rattus rattus|Mammalia|Rodentia|Muridae|ELSE|,vertebrate|warm|Rattus rattus|Mammalia|Rodentia|Muridae|ELSE|,vertebrate,warm,Rattus rattus,Mammalia,Rodentia,Muridae,ELSE,
9230643,gi|9230643|AAF85937__vertebrate|warm|Mus musculus|Mammalia|Rodentia|Muridae|enamel matrix|,vertebrate|warm|Mus musculus|Mammalia|Rodentia|Muridae|enamel matrix|,vertebrate,warm,Mus musculus,Mammalia,Rodentia,Muridae,enamel matrix,
76647349__vertebrate,gi|76647349__vertebrate|warm|Bos taurus|Mammalia|Ruminantia|Bovidae|cathepsin|,vertebrate|warm|Bos taurus|Mammalia|Ruminantia|Bovidae|cathepsin|,vertebrate,warm,Bos taurus,Mammalia,Ruminantia,Bovidae,cathepsin,
3041665,gi|3041665|P00771__not vertebrate|cold|Celuca pugilator|Malacostraca|Decapoda|Ocypodidae|collagenase|,not vertebrate|cold|Celuca pugilator|Malacostraca|Decapoda|Ocypodidae|collagenase|,not vertebrate,cold,Celuca pugilator,Malacostraca,Decapoda,Ocypodidae,collagenase,
23346543__vertebrate,gi|23346543__vertebrate|warm|Mus musculus|Mammalia|Rodentia|Muridae|granzyme|n,vertebrate|warm|Mus musculus|Mammalia|Rodentia|Muridae|granzyme|n,vertebrate,warm,Mus musculus,Mammalia,Rodentia,Muridae,granzyme,n
38570060,gi|38570060|AAR24534__vertebrate|cold|Bitis gabonica|Gnathostomata|Squamata|Viperidae|ELSE|,vertebrate|cold|Bitis gabonica|Gnathostomata|Squamata|Viperidae|ELSE|,vertebrate,cold,Bitis gabonica,Gnathostomata,Squamata,Viperidae,ELSE,
134129,gi|134129|P18964__vertebrate|cold|Daboia russellii siamensis|Gnathostomata|Squamata|Viperidae|venom|,vertebrate|cold|Daboia russellii siamensis|Gnathostomata|Squamata|Viperidae|venom|,vertebrate,cold,Daboia russellii siamensis,Gnathostomata,Squamata,Viperidae,venom,
78707270__not vertebrate,gi|78707270__not vertebrate|cold|drosophila melanogaster|Insecta|Diptera|Drosophilidae|ELSE|,not vertebrate|cold|drosophila melanogaster|Insecta|Diptera|Drosophilidae|ELSE|,not vertebrate,cold,drosophila melanogaster,Insecta,Diptera,Drosophilidae,ELSE,
1310662__vertebrate,gi|1310662__vertebrate|warm|Bos taurus|Mammalia|Ruminantia|Bovidae|elastase|,vertebrate|warm|Bos taurus|Mammalia|Ruminantia|Bovidae|elastase|,vertebrate,warm,Bos taurus,Mammalia,Ruminantia,Bovidae,elastase,
66910294,gi|66910294|AAH96881__not vertebrate|cold|danio rerio|Actinopterygii|Cypriniformes|Cyprinidae|ELSE|,not vertebrate|cold|danio rerio|Actinopterygii|Cypriniformes|Cyprinidae|ELSE|,not vertebrate,cold,danio rerio,Actinopterygii,Cypriniformes,Cyprinidae,ELSE,
33416522,gi|33416522|AAH55854__vertebrate|warm|mus musculus|Mammalia|Rodentia|Muridae|ELSE|,vertebrate|warm|mus musculus|Mammalia|Rodentia|Muridae|ELSE|,vertebrate,warm,mus musculus,Mammalia,Rodentia,Muridae,ELSE,
1644281__not vertebrate,gi|1644281__not vertebrate|cold|Anopheles gambiae|Insecta|Diptera|Culicidae|ELSE|,not vertebrate|cold|Anopheles gambiae|Insecta|Diptera|Culicidae|ELSE|,not vertebrate,cold,Anopheles gambiae,Insecta,Diptera,Culicidae,ELSE,
459416__not vertebrate,gi|459416__not vertebrate|cold|Tachypleus tridentatus|Merostomata|Xiphosura|Limulidae|clotting factor g|,not vertebrate|cold|Tachypleus tridentatus|Merostomata|Xiphosura|Limulidae|clotting factor g|,not vertebrate,cold,Tachypleus tridentatus,Merostomata,Xiphosura,Limulidae,clotting factor g,
47078370,gi|47078370|AAT09846__not vertebrate|cold|Anthonomus grandis|Insecta|Coleoptera|Curculionidae|not trypsin|,not vertebrate|cold|Anthonomus grandis|Insecta|Coleoptera|Curculionidae|not trypsin|,not vertebrate,cold,Anthonomus grandis,Insecta,Coleoptera,Curculionidae,not trypsin,
6678838__vertebrate,gi|6678838__vertebrate|warm|Mus musculus|Mammalia|Rodentia|Muridae|mast cell protease|,vertebrate|warm|Mus musculus|Mammalia|Rodentia|Muridae|mast cell protease|,vertebrate,warm,Mus musculus,Mammalia,Rodentia,Muridae,mast cell protease,
13959621,gi|13959621|O13063__vertebrate|cold|Trimeresurus gramineus|Gnathostomata|Squamata|Viperidae|venom|,vertebrate|cold|Trimeresurus gramineus|Gnathostomata|Squamata|Viperidae|venom|,vertebrate,cold,Trimeresurus gramineus,Gnathostomata,Squamata,Viperidae,venom,
56789072,gi|56789072|AAH88011__vertebrate|cold|Xenopus tropicalis|Amphibia|Anura|Pipidae|ELSE|,vertebrate|cold|Xenopus tropicalis|Amphibia|Anura|Pipidae|ELSE|,vertebrate,cold,Xenopus tropicalis,Amphibia,Anura,Pipidae,ELSE,
32394738,gi|32394738|AAM96940__not vertebrate|cold|Phlebotomus papatasi|Insecta|Diptera|Psychodidae|trypsin|,not vertebrate|cold|Phlebotomus papatasi|Insecta|Diptera|Psychodidae|trypsin|,not vertebrate,cold,Phlebotomus papatasi,Insecta,Diptera,Psychodidae,trypsin,
60552068,gi|60552068|AAH91088__vertebrate|cold|Xenopus tropicalis|Amphibia|Anura|Pipidae|ela 2|,vertebrate|cold|Xenopus tropicalis|Amphibia|Anura|Pipidae|ela 2|,vertebrate,cold,Xenopus tropicalis,Amphibia,Anura,Pipidae,ela 2,
79158607,gi|79158607|AAI07994__vertebrate|cold|danio rerio|Actinopterygii|Cypriniformes|Cyprinidae|ELSE|,vertebrate|cold|danio rerio|Actinopterygii|Cypriniformes|Cyprinidae|ELSE|,vertebrate,cold,danio rerio,Actinopterygii,Cypriniformes,Cyprinidae,ELSE,
15214537,gi|15214537|AAH12390__vertebrate|warm|Homo sapiens|Mammalia|Primates|Hominidae|f12|,vertebrate|warm|Homo sapiens|Mammalia|Primates|Hominidae|f12|,vertebrate,warm,Homo sapiens,Mammalia,Primates,Hominidae,f12,
94733510__vertebrate,gi|94733510__vertebrate|cold|Danio rerio|Actinopterygii|Cypriniformes|Cyprinidae|not trypsin|,vertebrate|cold|Danio rerio|Actinopterygii|Cypriniformes|Cyprinidae|not trypsin|,vertebrate,cold,Danio rerio,Actinopterygii,Cypriniformes,Cyprinidae,not trypsin,
50812469,gi|50812469|AAT81428__not vertebrate|cold|Mayetiola destructor|Insecta|Diptera|Cecidomyiidae|trypsin|,not vertebrate|cold|Mayetiola destructor|Insecta|Diptera|Cecidomyiidae|trypsin|,not vertebrate,cold,Mayetiola destructor,Insecta,Diptera,Cecidomyiidae,trypsin,
6978803__vertebrate,gi|6978803__vertebrate|warm|Rattus norvegicus|Mammalia|Rodentia|Muridae|elastase|,vertebrate|warm|Rattus norvegicus|Mammalia|Rodentia|Muridae|elastase|,vertebrate,warm,Rattus norvegicus,Mammalia,Rodentia,Muridae,elastase,
55235309,gi|55235309|EAL39005__not vertebrate|cold|anopheles gambiae str. pest|Insecta|Diptera|Culicidae|ELSE|,not vertebrate|cold|anopheles gambiae str. pest|Insecta|Diptera|Culicidae|ELSE|,not vertebrate,cold,anopheles gambiae str. pest,Insecta,Diptera,Culicidae,ELSE,
47228191__vertebrate,gi|47228191__vertebrate|cold|tetraodon nigroviridis|Actinopterygii|Tetraodontiformes|Tetraodontidae|ELSE|,vertebrate|cold|tetraodon nigroviridis|Actinopterygii|Tetraodontiformes|Tetraodontidae|ELSE|,vertebrate,cold,tetraodon nigroviridis,Actinopterygii,Tetraodontiformes,Tetraodontidae,ELSE,
94733498__vertebrate,gi|94733498__vertebrate|cold|Danio rerio|Actinopterygii|Cypriniformes|Cyprinidae|not trypsin|,vertebrate|cold|Danio rerio|Actinopterygii|Cypriniformes|Cyprinidae|not trypsin|,vertebrate,cold,Danio rerio,Actinopterygii,Cypriniformes,Cyprinidae,not trypsin,
18266071,gi|18266071|AAL67441__not vertebrate|cold|Paralithodes camtschaticus|Malacostraca|Decapoda|Lithodidae|collagenase|,not vertebrate|cold|Paralithodes camtschaticus|Malacostraca|Decapoda|Lithodidae|collagenase|,not vertebrate,cold,Paralithodes camtschaticus,Malacostraca,Decapoda,Lithodidae,collagenase,
1708954,gi|1708954|P50340__vertebrate|warm|Meriones unguiculatus|Mammalia|Rodentia|Muridae|mast cell protease|,vertebrate|warm|Meriones unguiculatus|Mammalia|Rodentia|Muridae|mast cell protease|,vertebrate,warm,Meriones unguiculatus,Mammalia,Rodentia,Muridae,mast cell protease,
62952998,gi|62952998|AAY23200__vertebrate|cold|Oreochromis niloticus|Actinopterygii|Perciformes|Cichlidae|granzyme|one,vertebrate|cold|Oreochromis niloticus|Actinopterygii|Perciformes|Cichlidae|granzyme|one,vertebrate,cold,Oreochromis niloticus,Actinopterygii,Perciformes,Cichlidae,granzyme,one
47169598__vertebrate,gi|47169598__vertebrate|warm|Rattus norvegicus|Mammalia|Rodentia|Muridae|mast cell protease|,vertebrate|warm|Rattus norvegicus|Mammalia|Rodentia|Muridae|mast cell protease|,vertebrate,warm,Rattus norvegicus,Mammalia,Rodentia,Muridae,mast cell protease,
12018322__vertebrate,gi|12018322__vertebrate|warm|Rattus norvegicus|Mammalia|Rodentia|Muridae|ELSE|,vertebrate|warm|Rattus norvegicus|Mammalia|Rodentia|Muridae|ELSE|,vertebrate,warm,Rattus norvegicus,Mammalia,Rodentia,Muridae,ELSE,
1332447__vertebrate,gi|1332447__vertebrate|warm|Bos taurus|Mammalia|Ruminantia|Bovidae|tryptase|,vertebrate|warm|Bos taurus|Mammalia|Ruminantia|Bovidae|tryptase|,vertebrate,warm,Bos taurus,Mammalia,Ruminantia,Bovidae,tryptase,
76443665__vertebrate,gi|76443665__vertebrate|warm|Mus musculus|Mammalia|Rodentia|Muridae|chymotrypsin|,vertebrate|warm|Mus musculus|Mammalia|Rodentia|Muridae|chymotrypsin|,vertebrate,warm,Mus musculus,Mammalia,Rodentia,Muridae,chymotrypsin,
91077264__not vertebrate,gi|91077264__not vertebrate|cold|Tribolium castaneum|Insecta|Coleoptera|Tenebrionidae|ELSE|,not vertebrate|cold|Tribolium castaneum|Insecta|Coleoptera|Tenebrionidae|ELSE|,not vertebrate,cold,Tribolium castaneum,Insecta,Coleoptera,Tenebrionidae,ELSE,
94733512__vertebrate,gi|94733512__vertebrate|cold|Danio rerio|Actinopterygii|Cypriniformes|Cyprinidae|not trypsin|,vertebrate|cold|Danio rerio|Actinopterygii|Cypriniformes|Cyprinidae|not trypsin|,vertebrate,cold,Danio rerio,Actinopterygii,Cypriniformes,Cyprinidae,not trypsin,
26331892__vertebrate,gi|26331892__vertebrate|warm|Mus musculus|Mammalia|Rodentia|Muridae|ELSE|,vertebrate|warm|Mus musculus|Mammalia|Rodentia|Muridae|ELSE|,vertebrate,warm,Mus musculus,Mammalia,Rodentia,Muridae,ELSE,
47205454__vertebrate,gi|47205454__vertebrate|cold|tetraodon nigroviridis|Actinopterygii|Tetraodontiformes|Tetraodontidae|ELSE|,vertebrate|cold|tetraodon nigroviridis|Actinopterygii|Tetraodontiformes|Tetraodontidae|ELSE|,vertebrate,cold,tetraodon nigroviridis,Actinopterygii,Tetraodontiformes,Tetraodontidae,ELSE,
66508316__not vertebrate,gi|66508316__not vertebrate|cold|Apis mellifera|Insecta|Hymenoptera|Apidae|chymotrypsin|,not vertebrate|cold|Apis mellifera|Insecta|Hymenoptera|Apidae|chymotrypsin|,not vertebrate,cold,Apis mellifera,Insecta,Hymenoptera,Apidae,chymotrypsin,
2738867,gi|2738867|AAB94559__not vertebrate|cold|Manduca sexta|Insecta|Lepidoptera|Sphingidae|ELSE|,not vertebrate|cold|Manduca sexta|Insecta|Lepidoptera|Sphingidae|ELSE|,not vertebrate,cold,Manduca sexta,Insecta,Lepidoptera,Sphingidae,ELSE,
13959616,gi|13959616|O13058__vertebrate|cold|Trimeresurus flavoviridis|Gnathostomata|Squamata|Viperidae|venom|,vertebrate|cold|Trimeresurus flavoviridis|Gnathostomata|Squamata|Viperidae|venom|,vertebrate,cold,Trimeresurus flavoviridis,Gnathostomata,Squamata,Viperidae,venom,
853701__not vertebrate,gi|853701__not vertebrate|cold|Anopheles gambiae|Insecta|Diptera|Culicidae|ELSE|,not vertebrate|cold|Anopheles gambiae|Insecta|Diptera|Culicidae|ELSE|,not vertebrate,cold,Anopheles gambiae,Insecta,Diptera,Culicidae,ELSE,
62661512__vertebrate,gi|62661512__vertebrate|warm|Rattus norvegicus|Mammalia|Rodentia|Muridae|mast cell protease|,vertebrate|warm|Rattus norvegicus|Mammalia|Rodentia|Muridae|mast cell protease|,vertebrate,warm,Rattus norvegicus,Mammalia,Rodentia,Muridae,mast cell protease,
94374604__vertebrate,gi|94374604__vertebrate|warm|Mus musculus|Mammalia|Rodentia|Muridae|ELSE|,vertebrate|warm|Mus musculus|Mammalia|Rodentia|Muridae|ELSE|,vertebrate,warm,Mus musculus,Mammalia,Rodentia,Muridae,ELSE,
33187750,gi|33187750|AAP97729__vertebrate|warm|Mus musculus|Mammalia|Rodentia|Muridae|trypsin|,vertebrate|warm|Mus musculus|Mammalia|Rodentia|Muridae|trypsin|,vertebrate,warm,Mus musculus,Mammalia,Rodentia,Muridae,trypsin,
12248781__vertebrate,gi|12248781__vertebrate|warm|Mus musculus|Mammalia|Rodentia|Muridae|spinesin|,vertebrate|warm|Mus musculus|Mammalia|Rodentia|Muridae|spinesin|,vertebrate,warm,Mus musculus,Mammalia,Rodentia,Muridae,spinesin,
91077006__not vertebrate,gi|91077006__not vertebrate|cold|Tribolium castaneum|Insecta|Coleoptera|Tenebrionidae|chymase|,not vertebrate|cold|Tribolium castaneum|Insecta|Coleoptera|Tenebrionidae|chymase|,not vertebrate,cold,Tribolium castaneum,Insecta,Coleoptera,Tenebrionidae,chymase,
55245710,gi|55245710|EAL41865__not vertebrate|cold|anopheles gambiae str. pest|Insecta|Diptera|Culicidae|ELSE|,not vertebrate|cold|anopheles gambiae str. pest|Insecta|Diptera|Culicidae|ELSE|,not vertebrate,cold,anopheles gambiae str. pest,Insecta,Diptera,Culicidae,ELSE,
2317915,gi|2317915|AAB66370__not vertebrate|cold|Drosophila virilis|Insecta|Diptera|Drosophilidae|trypsin|,not vertebrate|cold|Drosophila virilis|Insecta|Diptera|Drosophilidae|trypsin|,not vertebrate,cold,Drosophila virilis,Insecta,Diptera,Drosophilidae,trypsin,
55236856,gi|55236856|EAA13158__not vertebrate|cold|anopheles gambiae str. pest|Insecta|Diptera|Culicidae|ELSE|,not vertebrate|cold|anopheles gambiae str. pest|Insecta|Diptera|Culicidae|ELSE|,not vertebrate,cold,anopheles gambiae str. pest,Insecta,Diptera,Culicidae,ELSE,
33773012,gi|33773012|AAQ54830__vertebrate|cold|Ictalurus punctatus|Actinopterygii|Siluriformes|Ictaluridae|granzyme|unk,vertebrate|cold|Ictalurus punctatus|Actinopterygii|Siluriformes|Ictaluridae|granzyme|unk,vertebrate,cold,Ictalurus punctatus,Actinopterygii,Siluriformes,Ictaluridae,granzyme,unk
55624314__vertebrate,gi|55624314__vertebrate|warm|Pan troglodytes|Mammalia|Primates|Hominidae|granzyme|a,vertebrate|warm|Pan troglodytes|Mammalia|Primates|Hominidae|granzyme|a,vertebrate,warm,Pan troglodytes,Mammalia,Primates,Hominidae,granzyme,a
22535410__not vertebrate,gi|22535410__not vertebrate|cold|Nilaparvata lugens|Insecta|Hemiptera|Delphacidae|trypsin|,not vertebrate|cold|Nilaparvata lugens|Insecta|Hemiptera|Delphacidae|trypsin|,not vertebrate,cold,Nilaparvata lugens,Insecta,Hemiptera,Delphacidae,trypsin,
71738891,gi|71738891|AAZ40503__not vertebrate|cold|Bombyx mori|Insecta|Lepidoptera|Bombycidae|ELSE|,not vertebrate|cold|Bombyx mori|Insecta|Lepidoptera|Bombycidae|ELSE|,not vertebrate,cold,Bombyx mori,Insecta,Lepidoptera,Bombycidae,ELSE,
91093805__not vertebrate,gi|91093805__not vertebrate|cold|Tribolium castaneum|Insecta|Coleoptera|Tenebrionidae|ELSE|,not vertebrate|cold|Tribolium castaneum|Insecta|Coleoptera|Tenebrionidae|ELSE|,not vertebrate,cold,Tribolium castaneum,Insecta,Coleoptera,Tenebrionidae,ELSE,
2196868__vertebrate,gi|2196868__vertebrate|warm|Homo sapiens|Mammalia|Primates|Hominidae|chymotrypsin|,vertebrate|warm|Homo sapiens|Mammalia|Primates|Hominidae|chymotrypsin|,vertebrate,warm,Homo sapiens,Mammalia,Primates,Hominidae,chymotrypsin,
47523026__vertebrate,gi|47523026__vertebrate|warm|Sus scrofa|Mammalia|Laurasiatheria|Suidae|elastase|,vertebrate|warm|Sus scrofa|Mammalia|Laurasiatheria|Suidae|elastase|,vertebrate,warm,Sus scrofa,Mammalia,Laurasiatheria,Suidae,elastase,
94733965__vertebrate,gi|94733965__vertebrate|cold|Danio rerio|Actinopterygii|Cypriniformes|Cyprinidae|not trypsin|,vertebrate|cold|Danio rerio|Actinopterygii|Cypriniformes|Cyprinidae|not trypsin|,vertebrate,cold,Danio rerio,Actinopterygii,Cypriniformes,Cyprinidae,not trypsin,
84570592__vertebrate,gi|84570592__vertebrate|cold|Xenopus laevis|Amphibia|Anura|Pipidae|ami|,vertebrate|cold|Xenopus laevis|Amphibia|Anura|Pipidae|ami|,vertebrate,cold,Xenopus laevis,Amphibia,Anura,Pipidae,ami,
17986087__not vertebrate,gi|17986087__not vertebrate|cold|drosophila melanogaster|Insecta|Diptera|Drosophilidae|trypsin|,not vertebrate|cold|drosophila melanogaster|Insecta|Diptera|Drosophilidae|trypsin|,not vertebrate,cold,drosophila melanogaster,Insecta,Diptera,Drosophilidae,trypsin,
68357834__vertebrate,gi|68357834__vertebrate|cold|Danio rerio|Actinopterygii|Cypriniformes|Cyprinidae|ELSE|,vertebrate|cold|Danio rerio|Actinopterygii|Cypriniformes|Cyprinidae|ELSE|,vertebrate,cold,Danio rerio,Actinopterygii,Cypriniformes,Cyprinidae,ELSE,
4868165,gi|4868165|AAD31187__not vertebrate|cold|Rhyzopertha dominica|Insecta|Coleoptera|Bostrichidae|chymotrypsin|,not vertebrate|cold|Rhyzopertha dominica|Insecta|Coleoptera|Bostrichidae|chymotrypsin|,not vertebrate,cold,Rhyzopertha dominica,Insecta,Coleoptera,Bostrichidae,chymotrypsin,
62639619__vertebrate,gi|62639619__vertebrate|warm|Rattus norvegicus|Mammalia|Rodentia|Muridae|kallikrein|,vertebrate|warm|Rattus norvegicus|Mammalia|Rodentia|Muridae|kallikrein|,vertebrate,warm,Rattus norvegicus,Mammalia,Rodentia,Muridae,kallikrein,
34862337__vertebrate,gi|34862337__vertebrate|warm|Rattus norvegicus|Mammalia|Rodentia|Muridae|adipsin|,vertebrate|warm|Rattus norvegicus|Mammalia|Rodentia|Muridae|adipsin|,vertebrate,warm,Rattus norvegicus,Mammalia,Rodentia,Muridae,adipsin,
91088739__not vertebrate,gi|91088739__not vertebrate|cold|Tribolium castaneum|Insecta|Coleoptera|Tenebrionidae|adrenal mitochondria|,not vertebrate|cold|Tribolium castaneum|Insecta|Coleoptera|Tenebrionidae|adrenal mitochondria|,not vertebrate,cold,Tribolium castaneum,Insecta,Coleoptera,Tenebrionidae,adrenal mitochondria,
32394734,gi|32394734|AAM96938__not vertebrate|cold|Phlebotomus papatasi|Insecta|Diptera|Psychodidae|chymotrypsin|,not vertebrate|cold|Phlebotomus papatasi|Insecta|Diptera|Psychodidae|chymotrypsin|,not vertebrate,cold,Phlebotomus papatasi,Insecta,Diptera,Psychodidae,chymotrypsin,
23346527__vertebrate,gi|23346527__vertebrate|warm|Mus musculus|Mammalia|Rodentia|Muridae|testis serine protease|,vertebrate|warm|Mus musculus|Mammalia|Rodentia|Muridae|testis serine protease|,vertebrate,warm,Mus musculus,Mammalia,Rodentia,Muridae,testis serine protease,
74225571__vertebrate,gi|74225571__vertebrate|warm|Mus musculus|Mammalia|Rodentia|Muridae|ELSE|,vertebrate|warm|Mus musculus|Mammalia|Rodentia|Muridae|ELSE|,vertebrate,warm,Mus musculus,Mammalia,Rodentia,Muridae,ELSE,
119253,gi|119253|P00772__vertebrate|warm|Sus scrofa|Mammalia|Laurasiatheria|Suidae|elastase|,vertebrate|warm|Sus scrofa|Mammalia|Laurasiatheria|Suidae|elastase|,vertebrate,warm,Sus scrofa,Mammalia,Laurasiatheria,Suidae,elastase,
117613,gi|117613|P00769__not vertebrate|cold|Vespa crabro|Insecta|Hymenoptera|Vespidae|chymotrypsin|,not vertebrate|cold|Vespa crabro|Insecta|Hymenoptera|Vespidae|chymotrypsin|,not vertebrate,cold,Vespa crabro,Insecta,Hymenoptera,Vespidae,chymotrypsin,
1771391__vertebrate,gi|1771391__vertebrate|warm|Ovis aries|Mammalia|Ruminantia|Bovidae|ELSE|,vertebrate|warm|Ovis aries|Mammalia|Ruminantia|Bovidae|ELSE|,vertebrate,warm,Ovis aries,Mammalia,Ruminantia,Bovidae,ELSE,
54650766,gi|54650766|AAV36962__not vertebrate|cold|Drosophila melanogaster|Insecta|Diptera|Drosophilidae|ELSE|,not vertebrate|cold|Drosophila melanogaster|Insecta|Diptera|Drosophilidae|ELSE|,not vertebrate,cold,Drosophila melanogaster,Insecta,Diptera,Drosophilidae,ELSE,
67678166,gi|67678166|AAH96885__vertebrate|cold|danio rerio|Actinopterygii|Cypriniformes|Cyprinidae|ELSE|,vertebrate|cold|danio rerio|Actinopterygii|Cypriniformes|Cyprinidae|ELSE|,vertebrate,cold,danio rerio,Actinopterygii,Cypriniformes,Cyprinidae,ELSE,
50950257__vertebrate,gi|50950257__vertebrate|warm|Canis familiaris|Mammalia|Carnivora|Canidae|elastase|,vertebrate|warm|Canis familiaris|Mammalia|Carnivora|Canidae|elastase|,vertebrate,warm,Canis familiaris,Mammalia,Carnivora,Canidae,elastase,
76652268__vertebrate,gi|76652268__vertebrate|warm|Bos taurus|Mammalia|Ruminantia|Bovidae|ELSE|,vertebrate|warm|Bos taurus|Mammalia|Ruminantia|Bovidae|ELSE|,vertebrate,warm,Bos taurus,Mammalia,Ruminantia,Bovidae,ELSE,
49119431,gi|49119431|AAH73506__vertebrate|cold|Xenopus laevis|Amphibia|Anura|Pipidae|ELSE|,vertebrate|cold|Xenopus laevis|Amphibia|Anura|Pipidae|ELSE|,vertebrate,cold,Xenopus laevis,Amphibia,Anura,Pipidae,ELSE,
76647333__vertebrate,gi|76647333__vertebrate|warm|Bos taurus|Mammalia|Ruminantia|Bovidae|chymase|,vertebrate|warm|Bos taurus|Mammalia|Ruminantia|Bovidae|chymase|,vertebrate,warm,Bos taurus,Mammalia,Ruminantia,Bovidae,chymase,
3136326,gi|3136326|AAC16657__vertebrate|warm|Rattus norvegicus|Mammalia|Rodentia|Muridae|chymase|,vertebrate|warm|Rattus norvegicus|Mammalia|Rodentia|Muridae|chymase|,vertebrate,warm,Rattus norvegicus,Mammalia,Rodentia,Muridae,chymase,
3169123__vertebrate,gi|3169123__vertebrate|warm|Mesocricetus auratus|Mammalia|Rodentia|Cricetidae|chymase|,vertebrate|warm|Mesocricetus auratus|Mammalia|Rodentia|Cricetidae|chymase|,vertebrate,warm,Mesocricetus auratus,Mammalia,Rodentia,Cricetidae,chymase,
76671675__vertebrate,gi|76671675__vertebrate|warm|Bos taurus|Mammalia|Ruminantia|Bovidae|granzyme|a,vertebrate|warm|Bos taurus|Mammalia|Ruminantia|Bovidae|granzyme|a,vertebrate,warm,Bos taurus,Mammalia,Ruminantia,Bovidae,granzyme,a
2764810__vertebrate,gi|2764810__vertebrate|warm|Macaca fascicularis|Mammalia|Primates|Cercopithecidae|elastase|,vertebrate|warm|Macaca fascicularis|Mammalia|Primates|Cercopithecidae|elastase|,vertebrate,warm,Macaca fascicularis,Mammalia,Primates,Cercopithecidae,elastase,
57163941__vertebrate,gi|57163941__vertebrate|warm|Felis catus|Mammalia|Carnivora|Felidae|elastase|,vertebrate|warm|Felis catus|Mammalia|Carnivora|Felidae|elastase|,vertebrate,warm,Felis catus,Mammalia,Carnivora,Felidae,elastase,
49257353,gi|49257353|AAH73634__vertebrate|cold|Xenopus laevis|Amphibia|Anura|Pipidae|ELSE|,vertebrate|cold|Xenopus laevis|Amphibia|Anura|Pipidae|ELSE|,vertebrate,cold,Xenopus laevis,Amphibia,Anura,Pipidae,ELSE,
11545839__vertebrate,gi|11545839__vertebrate|warm|Homo sapiens|Mammalia|Primates|Hominidae|ELSE|,vertebrate|warm|Homo sapiens|Mammalia|Primates|Hominidae|ELSE|,vertebrate,warm,Homo sapiens,Mammalia,Primates,Hominidae,ELSE,
2734092,gi|2734092|AAB93671__vertebrate|warm|Homo sapiens|Mammalia|Primates|Hominidae|ELSE|,vertebrate|warm|Homo sapiens|Mammalia|Primates|Hominidae|ELSE|,vertebrate,warm,Homo sapiens,Mammalia,Primates,Hominidae,ELSE,
73959453__vertebrate,gi|73959453__vertebrate|warm|Canis familiaris|Mammalia|Carnivora|Canidae|ELSE|,vertebrate|warm|Canis familiaris|Mammalia|Carnivora|Canidae|ELSE|,vertebrate,warm,Canis familiaris,Mammalia,Carnivora,Canidae,ELSE,
4335870,gi|4335870|AAD17493__not vertebrate|cold|Anopheles darlingi|Insecta|Diptera|Culicidae|chymotrypsin|,not vertebrate|cold|Anopheles darlingi|Insecta|Diptera|Culicidae|chymotrypsin|,not vertebrate,cold,Anopheles darlingi,Insecta,Diptera,Culicidae,chymotrypsin,
4335872,gi|4335872|AAD17494__not vertebrate|cold|Anopheles darlingi|Insecta|Diptera|Culicidae|chymotrypsin|,not vertebrate|cold|Anopheles darlingi|Insecta|Diptera|Culicidae|chymotrypsin|,not vertebrate,cold,Anopheles darlingi,Insecta,Diptera,Culicidae,chymotrypsin,
51859393,gi|51859393|AAH81638__vertebrate|cold|Danio rerio|Actinopterygii|Cypriniformes|Cyprinidae|ELSE|,vertebrate|cold|Danio rerio|Actinopterygii|Cypriniformes|Cyprinidae|ELSE|,vertebrate,cold,Danio rerio,Actinopterygii,Cypriniformes,Cyprinidae,ELSE,
47220402__vertebrate,gi|47220402__vertebrate|cold|tetraodon nigroviridis|Actinopterygii|Tetraodontiformes|Tetraodontidae|ELSE|,vertebrate|cold|tetraodon nigroviridis|Actinopterygii|Tetraodontiformes|Tetraodontidae|ELSE|,vertebrate,cold,tetraodon nigroviridis,Actinopterygii,Tetraodontiformes,Tetraodontidae,ELSE,
7435611__vertebrate,gi|7435611__vertebrate|warm|Homo sapiens|Mammalia|Primates|Hominidae|elastase|,vertebrate|warm|Homo sapiens|Mammalia|Primates|Hominidae|elastase|,vertebrate,warm,Homo sapiens,Mammalia,Primates,Hominidae,elastase,
33186802__vertebrate,gi|33186802__vertebrate|warm|Homo sapiens|Mammalia|Primates|Hominidae|testis serine protease|,vertebrate|warm|Homo sapiens|Mammalia|Primates|Hominidae|testis serine protease|,vertebrate,warm,Homo sapiens,Mammalia,Primates,Hominidae,testis serine protease,
24651942__not vertebrate,gi|24651942__not vertebrate|cold|drosophila melanogaster|Insecta|Diptera|Drosophilidae|ELSE|,not vertebrate|cold|drosophila melanogaster|Insecta|Diptera|Drosophilidae|ELSE|,not vertebrate,cold,drosophila melanogaster,Insecta,Diptera,Drosophilidae,ELSE,
94398186__vertebrate,gi|94398186__vertebrate|warm|Mus musculus|Mammalia|Rodentia|Muridae|adrenal mitochondria|,vertebrate|warm|Mus musculus|Mammalia|Rodentia|Muridae|adrenal mitochondria|,vertebrate,warm,Mus musculus,Mammalia,Rodentia,Muridae,adrenal mitochondria,
50826__vertebrate,gi|50826__vertebrate|warm|Mus musculus|Mammalia|Rodentia|Muridae|ELSE|,vertebrate|warm|Mus musculus|Mammalia|Rodentia|Muridae|ELSE|,vertebrate,warm,Mus musculus,Mammalia,Rodentia,Muridae,ELSE,
19335632,gi|19335632|AAL85585__not vertebrate|cold|Aedes aegypti|Insecta|Diptera|Culicidae|chymotrypsin|,not vertebrate|cold|Aedes aegypti|Insecta|Diptera|Culicidae|chymotrypsin|,not vertebrate,cold,Aedes aegypti,Insecta,Diptera,Culicidae,chymotrypsin,
9665236__vertebrate,gi|9665236__vertebrate|warm|Homo sapiens|Mammalia|Primates|Hominidae|kallikrein|,vertebrate|warm|Homo sapiens|Mammalia|Primates|Hominidae|kallikrein|,vertebrate,warm,Homo sapiens,Mammalia,Primates,Hominidae,kallikrein,
4097755,gi|4097755|AAD09539__vertebrate|warm|Rattus norvegicus|Mammalia|Rodentia|Muridae|mast cell protease|,vertebrate|warm|Rattus norvegicus|Mammalia|Rodentia|Muridae|mast cell protease|,vertebrate,warm,Rattus norvegicus,Mammalia,Rodentia,Muridae,mast cell protease,
33307104,gi|33307104|AAQ02912__vertebrate|cold|Viridovipera stejnegeri|Gnathostomata|Squamata|Viperidae|ELSE|,vertebrate|cold|Viridovipera stejnegeri|Gnathostomata|Squamata|Viperidae|ELSE|,vertebrate,cold,Viridovipera stejnegeri,Gnathostomata,Squamata,Viperidae,ELSE,
73544890,gi|73544890|AAZ78212__not vertebrate|cold|Blattella germanica|Insecta|Blattaria|Blattellidae|trypsin|,not vertebrate|cold|Blattella germanica|Insecta|Blattaria|Blattellidae|trypsin|,not vertebrate,cold,Blattella germanica,Insecta,Blattaria,Blattellidae,trypsin,
2286143,gi|2286143|AAC17927__vertebrate|cold|Salvelinus fontinalis|Actinopterygii|Salmoniformes|Salmonidae|ELSE|,vertebrate|cold|Salvelinus fontinalis|Actinopterygii|Salmoniformes|Salmonidae|ELSE|,vertebrate,cold,Salvelinus fontinalis,Actinopterygii,Salmoniformes,Salmonidae,ELSE,
6103633,gi|6103633|AAF03697__vertebrate|warm|Homo sapiens|Mammalia|Primates|Hominidae|tryptase|,vertebrate|warm|Homo sapiens|Mammalia|Primates|Hominidae|tryptase|,vertebrate,warm,Homo sapiens,Mammalia,Primates,Hominidae,tryptase,
15029967,gi|15029967|AAH11218__vertebrate|warm|mus musculus|Mammalia|Rodentia|Muridae|elastase|,vertebrate|warm|mus musculus|Mammalia|Rodentia|Muridae|elastase|,vertebrate,warm,mus musculus,Mammalia,Rodentia,Muridae,elastase,
76652264__vertebrate,gi|76652264__vertebrate|warm|Bos taurus|Mammalia|Ruminantia|Bovidae|ELSE|,vertebrate|warm|Bos taurus|Mammalia|Ruminantia|Bovidae|ELSE|,vertebrate,warm,Bos taurus,Mammalia,Ruminantia,Bovidae,ELSE,
22595342,gi|22595342|AAN02510__not vertebrate|cold|Dermatophagoides pteronyssinus|Arachnida|Astigmata|Pyroglyphidae|ELSE|,not vertebrate|cold|Dermatophagoides pteronyssinus|Arachnida|Astigmata|Pyroglyphidae|ELSE|,not vertebrate,cold,Dermatophagoides pteronyssinus,Arachnida,Astigmata,Pyroglyphidae,ELSE,
71834855__vertebrate,gi|71834855__vertebrate|warm|Homo sapiens|Mammalia|Primates|Hominidae|psa|,vertebrate|warm|Homo sapiens|Mammalia|Primates|Hominidae|psa|,vertebrate,warm,Homo sapiens,Mammalia,Primates,Hominidae,psa,
94732420__vertebrate,gi|94732420__vertebrate|cold|Danio rerio|Actinopterygii|Cypriniformes|Cyprinidae|not trypsin|,vertebrate|cold|Danio rerio|Actinopterygii|Cypriniformes|Cyprinidae|not trypsin|,vertebrate,cold,Danio rerio,Actinopterygii,Cypriniformes,Cyprinidae,not trypsin,
49472796,gi|49472796|AAT66247__not vertebrate|cold|Mayetiola destructor|Insecta|Diptera|Cecidomyiidae|trypsin|,not vertebrate|cold|Mayetiola destructor|Insecta|Diptera|Cecidomyiidae|trypsin|,not vertebrate,cold,Mayetiola destructor,Insecta,Diptera,Cecidomyiidae,trypsin,
61845170__vertebrate,gi|61845170__vertebrate|warm|Bos taurus|Mammalia|Ruminantia|Bovidae|chymotrypsin|,vertebrate|warm|Bos taurus|Mammalia|Ruminantia|Bovidae|chymotrypsin|,vertebrate,warm,Bos taurus,Mammalia,Ruminantia,Bovidae,chymotrypsin,
47523252__vertebrate,gi|47523252__vertebrate|warm|Sus scrofa|Mammalia|Laurasiatheria|Suidae|tryptase|,vertebrate|warm|Sus scrofa|Mammalia|Laurasiatheria|Suidae|tryptase|,vertebrate,warm,Sus scrofa,Mammalia,Laurasiatheria,Suidae,tryptase,
56693556,gi|56693556|AAW22597__vertebrate|warm|Bunopithecus hoolock|Mammalia|Primates|Hylobatidae|trypsin|,vertebrate|warm|Bunopithecus hoolock|Mammalia|Primates|Hylobatidae|trypsin|,vertebrate,warm,Bunopithecus hoolock,Mammalia,Primates,Hylobatidae,trypsin,
94733507__vertebrate,gi|94733507__vertebrate|cold|Danio rerio|Actinopterygii|Cypriniformes|Cyprinidae|not trypsin|,vertebrate|cold|Danio rerio|Actinopterygii|Cypriniformes|Cyprinidae|not trypsin|,vertebrate,cold,Danio rerio,Actinopterygii,Cypriniformes,Cyprinidae,not trypsin,
55976594,gi|55976594|Q9GL10__vertebrate|warm|Ovis aries|Mammalia|Ruminantia|Bovidae|acrosin|,vertebrate|warm|Ovis aries|Mammalia|Ruminantia|Bovidae|acrosin|,vertebrate,warm,Ovis aries,Mammalia,Ruminantia,Bovidae,acrosin,
61657923__vertebrate,gi|61657923__vertebrate|warm|Mus musculus|Mammalia|Rodentia|Muridae|mast cell protease|,vertebrate|warm|Mus musculus|Mammalia|Rodentia|Muridae|mast cell protease|,vertebrate,warm,Mus musculus,Mammalia,Rodentia,Muridae,mast cell protease,
53159__vertebrate,gi|53159__vertebrate|warm|Mus musculus|Mammalia|Rodentia|Muridae|ELSE|,vertebrate|warm|Mus musculus|Mammalia|Rodentia|Muridae|ELSE|,vertebrate,warm,Mus musculus,Mammalia,Rodentia,Muridae,ELSE,
9651986,gi|9651986|AAF91346__not vertebrate|cold|Glossina morsitans morsitans|Insecta|Diptera|Glossinidae|trypsin|,not vertebrate|cold|Glossina morsitans morsitans|Insecta|Diptera|Glossinidae|trypsin|,not vertebrate,cold,Glossina morsitans morsitans,Insecta,Diptera,Glossinidae,trypsin,
47225581__vertebrate,gi|47225581__vertebrate|cold|tetraodon nigroviridis|Actinopterygii|Tetraodontiformes|Tetraodontidae|ELSE|,vertebrate|cold|tetraodon nigroviridis|Actinopterygii|Tetraodontiformes|Tetraodontidae|ELSE|,vertebrate,cold,tetraodon nigroviridis,Actinopterygii,Tetraodontiformes,Tetraodontidae,ELSE,
5453676__vertebrate,gi|5453676__vertebrate|warm|Homo sapiens|Mammalia|Primates|Hominidae|granzyme|a,vertebrate|warm|Homo sapiens|Mammalia|Primates|Hominidae|granzyme|a,vertebrate,warm,Homo sapiens,Mammalia,Primates,Hominidae,granzyme,a
9837156,gi|9837156|AAG00452__vertebrate|warm|Ornithorhynchus anatinus|Mammalia|Monotremata|Ornithorhynchidae|granzyme|unk,vertebrate|warm|Ornithorhynchus anatinus|Mammalia|Monotremata|Ornithorhynchidae|granzyme|unk,vertebrate,warm,Ornithorhynchus anatinus,Mammalia,Monotremata,Ornithorhynchidae,granzyme,unk
62086172__vertebrate,gi|62086172__vertebrate|cold|Paralichthys olivaceus|Actinopterygii|Pleuronectiformes|Paralichthyidae|serine protease I|,vertebrate|cold|Paralichthys olivaceus|Actinopterygii|Pleuronectiformes|Paralichthyidae|serine protease I|,vertebrate,cold,Paralichthys olivaceus,Actinopterygii,Pleuronectiformes,Paralichthyidae,serine protease I,
48526114,gi|48526114|AAT45255__vertebrate|cold|Sparus aurata|Actinopterygii|Perciformes|Sparidae|chymotrypsin|,vertebrate|cold|Sparus aurata|Actinopterygii|Perciformes|Sparidae|chymotrypsin|,vertebrate,cold,Sparus aurata,Actinopterygii,Perciformes,Sparidae,chymotrypsin,
47169510__vertebrate,gi|47169510__vertebrate|warm|Rattus norvegicus|Mammalia|Rodentia|Muridae|mast cell protease|,vertebrate|warm|Rattus norvegicus|Mammalia|Rodentia|Muridae|mast cell protease|,vertebrate,warm,Rattus norvegicus,Mammalia,Rodentia,Muridae,mast cell protease,
57791760,gi|57791760|AAW56633__vertebrate|cold|Deinagkistrodon acutus|Gnathostomata|Squamata|Viperidae|thrombin|,vertebrate|cold|Deinagkistrodon acutus|Gnathostomata|Squamata|Viperidae|thrombin|,vertebrate,cold,Deinagkistrodon acutus,Gnathostomata,Squamata,Viperidae,thrombin,
76365438,gi|76365438|ABA42115__vertebrate|cold|Crotalus durissus durissus|Gnathostomata|Squamata|Viperidae|ELSE|,vertebrate|cold|Crotalus durissus durissus|Gnathostomata|Squamata|Viperidae|ELSE|,vertebrate,cold,Crotalus durissus durissus,Gnathostomata,Squamata,Viperidae,ELSE,
4530060,gi|4530060|AAD21839__not vertebrate|cold|Ctenocephalides felis|Insecta|Siphonaptera|Pulicidae|trypsin|,not vertebrate|cold|Ctenocephalides felis|Insecta|Siphonaptera|Pulicidae|trypsin|,not vertebrate,cold,Ctenocephalides felis,Insecta,Siphonaptera,Pulicidae,trypsin,
62086168__vertebrate,gi|62086168__vertebrate|cold|Paralichthys olivaceus|Actinopterygii|Pleuronectiformes|Paralichthyidae|granzyme|three,vertebrate|cold|Paralichthys olivaceus|Actinopterygii|Pleuronectiformes|Paralichthyidae|granzyme|three,vertebrate,cold,Paralichthys olivaceus,Actinopterygii,Pleuronectiformes,Paralichthyidae,granzyme,three
94733963__vertebrate,gi|94733963__vertebrate|cold|Danio rerio|Actinopterygii|Cypriniformes|Cyprinidae|not trypsin|,vertebrate|cold|Danio rerio|Actinopterygii|Cypriniformes|Cyprinidae|not trypsin|,vertebrate,cold,Danio rerio,Actinopterygii,Cypriniformes,Cyprinidae,not trypsin,
74267721,gi|74267721|AAI02480__vertebrate|warm|Bos taurus|Mammalia|Ruminantia|Bovidae|adipsin|,vertebrate|warm|Bos taurus|Mammalia|Ruminantia|Bovidae|adipsin|,vertebrate,warm,Bos taurus,Mammalia,Ruminantia,Bovidae,adipsin,
94733504__vertebrate,gi|94733504__vertebrate|cold|Danio rerio|Actinopterygii|Cypriniformes|Cyprinidae|not trypsin|,vertebrate|cold|Danio rerio|Actinopterygii|Cypriniformes|Cyprinidae|not trypsin|,vertebrate,cold,Danio rerio,Actinopterygii,Cypriniformes,Cyprinidae,not trypsin,
24653378__not vertebrate,gi|24653378__not vertebrate|cold|drosophila melanogaster|Insecta|Diptera|Drosophilidae|ELSE|,not vertebrate|cold|drosophila melanogaster|Insecta|Diptera|Drosophilidae|ELSE|,not vertebrate,cold,drosophila melanogaster,Insecta,Diptera,Drosophilidae,ELSE,
62661525__vertebrate,gi|62661525__vertebrate|warm|Rattus norvegicus|Mammalia|Rodentia|Muridae|granzyme|c,vertebrate|warm|Rattus norvegicus|Mammalia|Rodentia|Muridae|granzyme|c,vertebrate,warm,Rattus norvegicus,Mammalia,Rodentia,Muridae,granzyme,c
4691238__not vertebrate,gi|4691238__not vertebrate|cold|Drosophila melanogaster|Insecta|Diptera|Drosophilidae|ELSE|,not vertebrate|cold|Drosophila melanogaster|Insecta|Diptera|Drosophilidae|ELSE|,not vertebrate,cold,Drosophila melanogaster,Insecta,Diptera,Drosophilidae,ELSE,
73347671,gi|73347671|AAZ75621__vertebrate|cold|Varanus mitchelli|Gnathostomata|Squamata|Varanidae|kallikrein|,vertebrate|cold|Varanus mitchelli|Gnathostomata|Squamata|Varanidae|kallikrein|,vertebrate,cold,Varanus mitchelli,Gnathostomata,Squamata,Varanidae,kallikrein,
73959449__vertebrate,gi|73959449__vertebrate|warm|Canis familiaris|Mammalia|Carnivora|Canidae|tryptase|,vertebrate|warm|Canis familiaris|Mammalia|Carnivora|Canidae|tryptase|,vertebrate,warm,Canis familiaris,Mammalia,Carnivora,Canidae,tryptase,
94549036,gi|94549036|ABF39003__not vertebrate|cold|Bombus ignitus|Insecta|Hymenoptera|Apidae|ELSE|,not vertebrate|cold|Bombus ignitus|Insecta|Hymenoptera|Apidae|ELSE|,not vertebrate,cold,Bombus ignitus,Insecta,Hymenoptera,Apidae,ELSE,
6755819__vertebrate,gi|6755819__vertebrate|warm|Mus musculus|Mammalia|Rodentia|Muridae|tryptase|,vertebrate|warm|Mus musculus|Mammalia|Rodentia|Muridae|tryptase|,vertebrate,warm,Mus musculus,Mammalia,Rodentia,Muridae,tryptase,
33525189,gi|33525189|AAH56210__vertebrate|warm|mus musculus|Mammalia|Rodentia|Muridae|ela 3|,vertebrate|warm|mus musculus|Mammalia|Rodentia|Muridae|ela 3|,vertebrate,warm,mus musculus,Mammalia,Rodentia,Muridae,ela 3,
67626080,gi|67626080|AAY78493__not vertebrate|cold|synthetic construct|not applicable|not applicable|not applicable|urokinase|,not vertebrate|cold|synthetic construct|not applicable|not applicable|not applicable|urokinase|,not vertebrate,cold,synthetic construct,not applicable,not applicable,not applicable,urokinase,
74215689__vertebrate,gi|74215689__vertebrate|warm|Mus musculus|Mammalia|Rodentia|Muridae|ELSE|,vertebrate|warm|Mus musculus|Mammalia|Rodentia|Muridae|ELSE|,vertebrate,warm,Mus musculus,Mammalia,Rodentia,Muridae,ELSE,
94733961__vertebrate,gi|94733961__vertebrate|cold|Danio rerio|Actinopterygii|Cypriniformes|Cyprinidae|not trypsin|,vertebrate|cold|Danio rerio|Actinopterygii|Cypriniformes|Cyprinidae|not trypsin|,vertebrate,cold,Danio rerio,Actinopterygii,Cypriniformes,Cyprinidae,not trypsin,
17945833,gi|17945833|AAL48963__not vertebrate|cold|Drosophila melanogaster|Insecta|Diptera|Drosophilidae|ELSE|,not vertebrate|cold|Drosophila melanogaster|Insecta|Diptera|Drosophilidae|ELSE|,not vertebrate,cold,Drosophila melanogaster,Insecta,Diptera,Drosophilidae,ELSE,
55235152,gi|55235152|EAA15148__not vertebrate|cold|anopheles gambiae str. pest|Insecta|Diptera|Culicidae|ELSE|,not vertebrate|cold|anopheles gambiae str. pest|Insecta|Diptera|Culicidae|ELSE|,not vertebrate,cold,anopheles gambiae str. pest,Insecta,Diptera,Culicidae,ELSE,
47112757,gi|47112757|AAT11019__vertebrate|cold|Danio rerio|Actinopterygii|Cypriniformes|Cyprinidae|elastase|,vertebrate|cold|Danio rerio|Actinopterygii|Cypriniformes|Cyprinidae|elastase|,vertebrate,cold,Danio rerio,Actinopterygii,Cypriniformes,Cyprinidae,elastase,
30178901,gi|30178901|EAA45498__not vertebrate|cold|anopheles gambiae str. pest|Insecta|Diptera|Culicidae|ELSE|,not vertebrate|cold|anopheles gambiae str. pest|Insecta|Diptera|Culicidae|ELSE|,not vertebrate,cold,anopheles gambiae str. pest,Insecta,Diptera,Culicidae,ELSE,
4335866,gi|4335866|AAD17491__not vertebrate|cold|Anopheles aquasalis|Insecta|Diptera|Culicidae|chymotrypsin|,not vertebrate|cold|Anopheles aquasalis|Insecta|Diptera|Culicidae|chymotrypsin|,not vertebrate,cold,Anopheles aquasalis,Insecta,Diptera,Culicidae,chymotrypsin,
54636741,gi|54636741|EAL26144__not vertebrate|cold|drosophila pseudoobscura|Insecta|Diptera|Drosophilidae|ELSE|,not vertebrate|cold|drosophila pseudoobscura|Insecta|Diptera|Drosophilidae|ELSE|,not vertebrate,cold,drosophila pseudoobscura,Insecta,Diptera,Drosophilidae,ELSE,
23618883__vertebrate,gi|23618883__vertebrate|warm|Rattus norvegicus|Mammalia|Rodentia|Muridae|granzyme|a,vertebrate|warm|Rattus norvegicus|Mammalia|Rodentia|Muridae|granzyme|a,vertebrate,warm,Rattus norvegicus,Mammalia,Rodentia,Muridae,granzyme,a
4530050,gi|4530050|AAD21834__not vertebrate|cold|Ctenocephalides felis|Insecta|Siphonaptera|Pulicidae|trypsin|,not vertebrate|cold|Ctenocephalides felis|Insecta|Siphonaptera|Pulicidae|trypsin|,not vertebrate,cold,Ctenocephalides felis,Insecta,Siphonaptera,Pulicidae,trypsin,
27763826,gi|27763826|AAO20840__vertebrate|warm|Rattus norvegicus|Mammalia|Rodentia|Muridae|tryptase|,vertebrate|warm|Rattus norvegicus|Mammalia|Rodentia|Muridae|tryptase|,vertebrate,warm,Rattus norvegicus,Mammalia,Rodentia,Muridae,tryptase,
54642248,gi|54642248|EAL30997__not vertebrate|cold|drosophila pseudoobscura|Insecta|Diptera|Drosophilidae|ELSE|,not vertebrate|cold|drosophila pseudoobscura|Insecta|Diptera|Drosophilidae|ELSE|,not vertebrate,cold,drosophila pseudoobscura,Insecta,Diptera,Drosophilidae,ELSE,
77748323,gi|77748323|AAI06662__vertebrate|cold|Xenopus laevis|Amphibia|Anura|Pipidae|ELSE|,vertebrate|cold|Xenopus laevis|Amphibia|Anura|Pipidae|ELSE|,vertebrate,cold,Xenopus laevis,Amphibia,Anura,Pipidae,ELSE,
464952,gi|464952|P35044__not vertebrate|cold|Lucilia cuprina|Insecta|Diptera|Calliphoridae|trypsin|,not vertebrate|cold|Lucilia cuprina|Insecta|Diptera|Calliphoridae|trypsin|,not vertebrate,cold,Lucilia cuprina,Insecta,Diptera,Calliphoridae,trypsin,
94733972__vertebrate,gi|94733972__vertebrate|cold|Danio rerio|Actinopterygii|Cypriniformes|Cyprinidae|not trypsin|,vertebrate|cold|Danio rerio|Actinopterygii|Cypriniformes|Cyprinidae|not trypsin|,vertebrate,cold,Danio rerio,Actinopterygii,Cypriniformes,Cyprinidae,not trypsin,
18698680,gi|18698680|AAL78376__not vertebrate|cold|Culex pipiens pallens|Insecta|Diptera|Culicidae|chymotrypsin|,not vertebrate|cold|Culex pipiens pallens|Insecta|Diptera|Culicidae|chymotrypsin|,not vertebrate,cold,Culex pipiens pallens,Insecta,Diptera,Culicidae,chymotrypsin,
39794386,gi|39794386|AAH64208__vertebrate|cold|Xenopus tropicalis|Amphibia|Anura|Pipidae|adipsin|,vertebrate|cold|Xenopus tropicalis|Amphibia|Anura|Pipidae|adipsin|,vertebrate,cold,Xenopus tropicalis,Amphibia,Anura,Pipidae,adipsin,
66771071,gi|66771071|AAY54847__not vertebrate|cold|Drosophila melanogaster|Insecta|Diptera|Drosophilidae|ELSE|,not vertebrate|cold|Drosophila melanogaster|Insecta|Diptera|Drosophilidae|ELSE|,not vertebrate,cold,Drosophila melanogaster,Insecta,Diptera,Drosophilidae,ELSE,
47169600__vertebrate,gi|47169600__vertebrate|warm|Rattus norvegicus|Mammalia|Rodentia|Muridae|mast cell protease|,vertebrate|warm|Rattus norvegicus|Mammalia|Rodentia|Muridae|mast cell protease|,vertebrate,warm,Rattus norvegicus,Mammalia,Rodentia,Muridae,mast cell protease,
37992773,gi|37992773|AAR06593__fungi|cold|Verticillium dahliae|Sordariomycetes|Phyllachorales||trypsin|,fungi|cold|Verticillium dahliae|Sordariomycetes|Phyllachorales||trypsin|,fungi,cold,Verticillium dahliae,Sordariomycetes,Phyllachorales,,trypsin,
57791683,gi|57791683|AAW56609__vertebrate|cold|Deinagkistrodon acutus|Gnathostomata|Squamata|Viperidae|thrombin|,vertebrate|cold|Deinagkistrodon acutus|Gnathostomata|Squamata|Viperidae|thrombin|,vertebrate,cold,Deinagkistrodon acutus,Gnathostomata,Squamata,Viperidae,thrombin,
46398237,gi|46398237|AAS91796__not vertebrate|cold|Lepeophtheirus salmonis|Maxillopoda|Siphonostomatoida|Caligidae|trypsin|,not vertebrate|cold|Lepeophtheirus salmonis|Maxillopoda|Siphonostomatoida|Caligidae|trypsin|,not vertebrate,cold,Lepeophtheirus salmonis,Maxillopoda,Siphonostomatoida,Caligidae,trypsin,
38512051,gi|38512051|AAH61146__vertebrate|warm|Mus musculus|Mammalia|Rodentia|Muridae|granzyme|a,vertebrate|warm|Mus musculus|Mammalia|Rodentia|Muridae|granzyme|a,vertebrate,warm,Mus musculus,Mammalia,Rodentia,Muridae,granzyme,a
1321602,gi|1321602|AAA99897__vertebrate|warm|Mus musculus|Mammalia|Rodentia|Muridae|granzyme|a,vertebrate|warm|Mus musculus|Mammalia|Rodentia|Muridae|granzyme|a,vertebrate,warm,Mus musculus,Mammalia,Rodentia,Muridae,granzyme,a
45825047,gi|45825047|AAS77431__not vertebrate|cold|Drosophila melanogaster|Insecta|Diptera|Drosophilidae|ELSE|,not vertebrate|cold|Drosophila melanogaster|Insecta|Diptera|Drosophilidae|ELSE|,not vertebrate,cold,Drosophila melanogaster,Insecta,Diptera,Drosophilidae,ELSE,
48717492__vertebrate,gi|48717492__vertebrate|warm|Mus musculus|Mammalia|Rodentia|Muridae|epidermis specific|,vertebrate|warm|Mus musculus|Mammalia|Rodentia|Muridae|epidermis specific|,vertebrate,warm,Mus musculus,Mammalia,Rodentia,Muridae,epidermis specific,
468844,gi|468844|AAA17455__not vertebrate|cold|Drosophila melanogaster|Insecta|Diptera|Drosophilidae|trypsin|,not vertebrate|cold|Drosophila melanogaster|Insecta|Diptera|Drosophilidae|trypsin|,not vertebrate,cold,Drosophila melanogaster,Insecta,Diptera,Drosophilidae,trypsin,
24656225__not vertebrate,gi|24656225__not vertebrate|cold|drosophila melanogaster|Insecta|Diptera|Drosophilidae|ELSE|,not vertebrate|cold|drosophila melanogaster|Insecta|Diptera|Drosophilidae|ELSE|,not vertebrate,cold,drosophila melanogaster,Insecta,Diptera,Drosophilidae,ELSE,
41406048__vertebrate,gi|41406048__vertebrate|warm|Bos taurus|Mammalia|Ruminantia|Bovidae|elastase|,vertebrate|warm|Bos taurus|Mammalia|Ruminantia|Bovidae|elastase|,vertebrate,warm,Bos taurus,Mammalia,Ruminantia,Bovidae,elastase,
56971746,gi|56971746|AAH88036__vertebrate|cold|Xenopus tropicalis|Amphibia|Anura|Pipidae|elastase|,vertebrate|cold|Xenopus tropicalis|Amphibia|Anura|Pipidae|elastase|,vertebrate,cold,Xenopus tropicalis,Amphibia,Anura,Pipidae,elastase,
55234152,gi|55234152|EAA00961__not vertebrate|cold|anopheles gambiae str. pest|Insecta|Diptera|Culicidae|ELSE|,not vertebrate|cold|anopheles gambiae str. pest|Insecta|Diptera|Culicidae|ELSE|,not vertebrate,cold,anopheles gambiae str. pest,Insecta,Diptera,Culicidae,ELSE,
42602064,gi|42602064|AAS21652__vertebrate|warm|Mus musculus|Mammalia|Rodentia|Muridae|mast cell protease|,vertebrate|warm|Mus musculus|Mammalia|Rodentia|Muridae|mast cell protease|,vertebrate,warm,Mus musculus,Mammalia,Rodentia,Muridae,mast cell protease,
468839,gi|468839|AAA17450__not vertebrate|cold|Drosophila melanogaster|Insecta|Diptera|Drosophilidae|trypsin|,not vertebrate|cold|Drosophila melanogaster|Insecta|Diptera|Drosophilidae|trypsin|,not vertebrate,cold,Drosophila melanogaster,Insecta,Diptera,Drosophilidae,trypsin,
91090844__not vertebrate,gi|91090844__not vertebrate|cold|Tribolium castaneum|Insecta|Coleoptera|Tenebrionidae|ELSE|,not vertebrate|cold|Tribolium castaneum|Insecta|Coleoptera|Tenebrionidae|ELSE|,not vertebrate,cold,Tribolium castaneum,Insecta,Coleoptera,Tenebrionidae,ELSE,
76620729__vertebrate,gi|76620729__vertebrate|warm|Bos taurus|Mammalia|Ruminantia|Bovidae|marapsin|,vertebrate|warm|Bos taurus|Mammalia|Ruminantia|Bovidae|marapsin|,vertebrate,warm,Bos taurus,Mammalia,Ruminantia,Bovidae,marapsin,
5441863__vertebrate,gi|5441863__vertebrate|cold|Paralichthys olivaceus|Actinopterygii|Pleuronectiformes|Paralichthyidae|elastase|,vertebrate|cold|Paralichthys olivaceus|Actinopterygii|Pleuronectiformes|Paralichthyidae|elastase|,vertebrate,cold,Paralichthys olivaceus,Actinopterygii,Pleuronectiformes,Paralichthyidae,elastase,
119256,gi|119256|P08218__vertebrate|warm|Homo sapiens|Mammalia|Primates|Hominidae|elastase|,vertebrate|warm|Homo sapiens|Mammalia|Primates|Hominidae|elastase|,vertebrate,warm,Homo sapiens,Mammalia,Primates,Hominidae,elastase,
34766349,gi|34766349|AAQ82537__not vertebrate|cold|Pediculus humanus|Insecta|Phthiraptera|Pediculidae|trypsin|,not vertebrate|cold|Pediculus humanus|Insecta|Phthiraptera|Pediculidae|trypsin|,not vertebrate,cold,Pediculus humanus,Insecta,Phthiraptera,Pediculidae,trypsin,
68381018__vertebrate,gi|68381018__vertebrate|cold|Danio rerio|Actinopterygii|Cypriniformes|Cyprinidae|chymotrypsin|,vertebrate|cold|Danio rerio|Actinopterygii|Cypriniformes|Cyprinidae|chymotrypsin|,vertebrate,cold,Danio rerio,Actinopterygii,Cypriniformes,Cyprinidae,chymotrypsin,
54636738,gi|54636738|EAL26141__not vertebrate|cold|drosophila pseudoobscura|Insecta|Diptera|Drosophilidae|ELSE|,not vertebrate|cold|drosophila pseudoobscura|Insecta|Diptera|Drosophilidae|ELSE|,not vertebrate,cold,drosophila pseudoobscura,Insecta,Diptera,Drosophilidae,ELSE,
9506885__vertebrate,gi|9506885__vertebrate|warm|Rattus norvegicus|Mammalia|Rodentia|Muridae|mast cell protease|,vertebrate|warm|Rattus norvegicus|Mammalia|Rodentia|Muridae|mast cell protease|,vertebrate,warm,Rattus norvegicus,Mammalia,Rodentia,Muridae,mast cell protease,
73975472__vertebrate,gi|73975472__vertebrate|warm|Canis familiaris|Mammalia|Carnivora|Canidae|marapsin|,vertebrate|warm|Canis familiaris|Mammalia|Carnivora|Canidae|marapsin|,vertebrate,warm,Canis familiaris,Mammalia,Carnivora,Canidae,marapsin,
64654740,gi|64654740|AAH96186__vertebrate|warm|homo sapiens|Mammalia|Primates|Hominidae|proteinase 3|,vertebrate|warm|homo sapiens|Mammalia|Primates|Hominidae|proteinase 3|,vertebrate,warm,homo sapiens,Mammalia,Primates,Hominidae,proteinase 3,
1698702,gi|1698702|AAB48264__vertebrate|warm|Rattus norvegicus|Mammalia|Rodentia|Muridae|mast cell protease|,vertebrate|warm|Rattus norvegicus|Mammalia|Rodentia|Muridae|mast cell protease|,vertebrate,warm,Rattus norvegicus,Mammalia,Rodentia,Muridae,mast cell protease,
47169508__vertebrate,gi|47169508__vertebrate|warm|Rattus norvegicus|Mammalia|Rodentia|Muridae|mast cell protease|,vertebrate|warm|Rattus norvegicus|Mammalia|Rodentia|Muridae|mast cell protease|,vertebrate,warm,Rattus norvegicus,Mammalia,Rodentia,Muridae,mast cell protease,
62661514__vertebrate,gi|62661514__vertebrate|warm|Rattus norvegicus|Mammalia|Rodentia|Muridae|mast cell protease|,vertebrate|warm|Rattus norvegicus|Mammalia|Rodentia|Muridae|mast cell protease|,vertebrate,warm,Rattus norvegicus,Mammalia,Rodentia,Muridae,mast cell protease,
91082359__not vertebrate,gi|91082359__not vertebrate|cold|Tribolium castaneum|Insecta|Coleoptera|Tenebrionidae|chymotrypsin|,not vertebrate|cold|Tribolium castaneum|Insecta|Coleoptera|Tenebrionidae|chymotrypsin|,not vertebrate,cold,Tribolium castaneum,Insecta,Coleoptera,Tenebrionidae,chymotrypsin,
581866__vertebrate,gi|581866__vertebrate|warm|Mus musculus|Mammalia|Rodentia|Muridae|adipsin|,vertebrate|warm|Mus musculus|Mammalia|Rodentia|Muridae|adipsin|,vertebrate,warm,Mus musculus,Mammalia,Rodentia,Muridae,adipsin,
13537134__not vertebrate,gi|13537134__not vertebrate|cold|Lumbricus rubellus|Oligochaeta|Haplotaxida|Lumbricidae|fibrinolytic|,not vertebrate|cold|Lumbricus rubellus|Oligochaeta|Haplotaxida|Lumbricidae|fibrinolytic|,not vertebrate,cold,Lumbricus rubellus,Oligochaeta,Haplotaxida,Lumbricidae,fibrinolytic,
76652262__vertebrate,gi|76652262__vertebrate|warm|Bos taurus|Mammalia|Ruminantia|Bovidae|ELSE|,vertebrate|warm|Bos taurus|Mammalia|Ruminantia|Bovidae|ELSE|,vertebrate,warm,Bos taurus,Mammalia,Ruminantia,Bovidae,ELSE,
58037229__vertebrate,gi|58037229__vertebrate|warm|Mus musculus|Mammalia|Rodentia|Muridae|testis serine protease|,vertebrate|warm|Mus musculus|Mammalia|Rodentia|Muridae|testis serine protease|,vertebrate,warm,Mus musculus,Mammalia,Rodentia,Muridae,testis serine protease,
21357323__not vertebrate,gi|21357323__not vertebrate|cold|drosophila melanogaster|Insecta|Diptera|Drosophilidae|ELSE|,not vertebrate|cold|drosophila melanogaster|Insecta|Diptera|Drosophilidae|ELSE|,not vertebrate,cold,drosophila melanogaster,Insecta,Diptera,Drosophilidae,ELSE,
19702293,gi|19702293|AAL93243__not vertebrate|cold|Aedes aegypti|Insecta|Diptera|Culicidae|chymotrypsin|,not vertebrate|cold|Aedes aegypti|Insecta|Diptera|Culicidae|chymotrypsin|,not vertebrate,cold,Aedes aegypti,Insecta,Diptera,Culicidae,chymotrypsin,
22417112,gi|22417112|AAM96674__vertebrate|cold|Macrovipera lebetina|Gnathostomata|Squamata|Viperidae|alpha fibrinogenase|,vertebrate|cold|Macrovipera lebetina|Gnathostomata|Squamata|Viperidae|alpha fibrinogenase|,vertebrate,cold,Macrovipera lebetina,Gnathostomata,Squamata,Viperidae,alpha fibrinogenase,
33307083,gi|33307083|AAQ02905__vertebrate|cold|Viridovipera stejnegeri|Gnathostomata|Squamata|Viperidae|ELSE|,vertebrate|cold|Viridovipera stejnegeri|Gnathostomata|Squamata|Viperidae|ELSE|,vertebrate,cold,Viridovipera stejnegeri,Gnathostomata,Squamata,Viperidae,ELSE,
33087201,gi|33087201|AAP92795__not vertebrate|cold|synthetic construct|not applicable|not applicable|not applicable|lumbrokinase|,not vertebrate|cold|synthetic construct|not applicable|not applicable|not applicable|lumbrokinase|,not vertebrate,cold,synthetic construct,not applicable,not applicable,not applicable,lumbrokinase,
32394744,gi|32394744|AAM96943__not vertebrate|cold|Phlebotomus papatasi|Insecta|Diptera|Psychodidae|trypsin|,not vertebrate|cold|Phlebotomus papatasi|Insecta|Diptera|Psychodidae|trypsin|,not vertebrate,cold,Phlebotomus papatasi,Insecta,Diptera,Psychodidae,trypsin,
91084929__not vertebrate,gi|91084929__not vertebrate|cold|Tribolium castaneum|Insecta|Coleoptera|Tenebrionidae|ELSE|,not vertebrate|cold|Tribolium castaneum|Insecta|Coleoptera|Tenebrionidae|ELSE|,not vertebrate,cold,Tribolium castaneum,Insecta,Coleoptera,Tenebrionidae,ELSE,
62661951__vertebrate,gi|62661951__vertebrate|warm|Rattus norvegicus|Mammalia|Rodentia|Muridae|granzyme|b,vertebrate|warm|Rattus norvegicus|Mammalia|Rodentia|Muridae|granzyme|b,vertebrate,warm,Rattus norvegicus,Mammalia,Rodentia,Muridae,granzyme,b
747844__vertebrate,gi|747844__vertebrate|warm|Homo sapiens|Mammalia|Primates|Hominidae|ELSE|,vertebrate|warm|Homo sapiens|Mammalia|Primates|Hominidae|ELSE|,vertebrate,warm,Homo sapiens,Mammalia,Primates,Hominidae,ELSE,
74474941__not vertebrate,gi|74474941__not vertebrate|cold|Polyandrocarpa misakiensis|Ascidiacea|Stolidobranchia|Styelidae|trypsin|,not vertebrate|cold|Polyandrocarpa misakiensis|Ascidiacea|Stolidobranchia|Styelidae|trypsin|,not vertebrate,cold,Polyandrocarpa misakiensis,Ascidiacea,Stolidobranchia,Styelidae,trypsin,
247212,gi|247212|AAA03254__vertebrate|cold|Calloselasma rhodostoma|Gnathostomata|Squamata|Viperidae|venom|,vertebrate|cold|Calloselasma rhodostoma|Gnathostomata|Squamata|Viperidae|venom|,vertebrate,cold,Calloselasma rhodostoma,Gnathostomata,Squamata,Viperidae,venom,
91085341__not vertebrate,gi|91085341__not vertebrate|cold|Tribolium castaneum|Insecta|Coleoptera|Tenebrionidae|ELSE|,not vertebrate|cold|Tribolium castaneum|Insecta|Coleoptera|Tenebrionidae|ELSE|,not vertebrate,cold,Tribolium castaneum,Insecta,Coleoptera,Tenebrionidae,ELSE,
50766059__vertebrate,gi|50766059__vertebrate|warm|Gallus gallus|Aves|Galliformes|Phasianidae|elastase|,vertebrate|warm|Gallus gallus|Aves|Galliformes|Phasianidae|elastase|,vertebrate,warm,Gallus gallus,Aves,Galliformes,Phasianidae,elastase,
24640015__not vertebrate,gi|24640015__not vertebrate|cold|drosophila melanogaster|Insecta|Diptera|Drosophilidae|ELSE|,not vertebrate|cold|drosophila melanogaster|Insecta|Diptera|Drosophilidae|ELSE|,not vertebrate,cold,drosophila melanogaster,Insecta,Diptera,Drosophilidae,ELSE,
49115818,gi|49115818|AAH73562__vertebrate|cold|Xenopus laevis|Amphibia|Anura|Pipidae|ELSE|,vertebrate|cold|Xenopus laevis|Amphibia|Anura|Pipidae|ELSE|,vertebrate,cold,Xenopus laevis,Amphibia,Anura,Pipidae,ELSE,
66911155,gi|66911155|AAH97625__vertebrate|cold|Xenopus laevis|Amphibia|Anura|Pipidae|ELSE|,vertebrate|cold|Xenopus laevis|Amphibia|Anura|Pipidae|ELSE|,vertebrate,cold,Xenopus laevis,Amphibia,Anura,Pipidae,ELSE,
83423374__vertebrate,gi|83423374__vertebrate|warm|Meleagris gallopavo|Aves|Galliformes|Phasianidae|acrosin|,vertebrate|warm|Meleagris gallopavo|Aves|Galliformes|Phasianidae|acrosin|,vertebrate,warm,Meleagris gallopavo,Aves,Galliformes,Phasianidae,acrosin,
62656391__vertebrate,gi|62656391__vertebrate|warm|Rattus norvegicus|Mammalia|Rodentia|Muridae|implantation serine proteinase|,vertebrate|warm|Rattus norvegicus|Mammalia|Rodentia|Muridae|implantation serine proteinase|,vertebrate,warm,Rattus norvegicus,Mammalia,Rodentia,Muridae,implantation serine proteinase,
1113929,gi|1113929|AAA83237__not vertebrate|cold|Drosophila erecta|Insecta|Diptera|Drosophilidae|trypsin|,not vertebrate|cold|Drosophila erecta|Insecta|Diptera|Drosophilidae|trypsin|,not vertebrate,cold,Drosophila erecta,Insecta,Diptera,Drosophilidae,trypsin,
3355636__not vertebrate,gi|3355636__not vertebrate|cold|Lacanobia oleracea|Insecta|Lepidoptera|Noctuidae|trypsin|,not vertebrate|cold|Lacanobia oleracea|Insecta|Lepidoptera|Noctuidae|trypsin|,not vertebrate,cold,Lacanobia oleracea,Insecta,Lepidoptera,Noctuidae,trypsin,
4530056,gi|4530056|AAD21837__not vertebrate|cold|Ctenocephalides felis|Insecta|Siphonaptera|Pulicidae|trypsin|,not vertebrate|cold|Ctenocephalides felis|Insecta|Siphonaptera|Pulicidae|trypsin|,not vertebrate,cold,Ctenocephalides felis,Insecta,Siphonaptera,Pulicidae,trypsin,
190336,gi|190336|AAA36482__vertebrate|warm|Homo sapiens|Mammalia|Primates|Hominidae|protease e|,vertebrate|warm|Homo sapiens|Mammalia|Primates|Hominidae|protease e|,vertebrate,warm,Homo sapiens,Mammalia,Primates,Hominidae,protease e,
62859195__vertebrate,gi|62859195__vertebrate|cold|Xenopus tropicalis|Amphibia|Anura|Pipidae|ELSE|,vertebrate|cold|Xenopus tropicalis|Amphibia|Anura|Pipidae|ELSE|,vertebrate,cold,Xenopus tropicalis,Amphibia,Anura,Pipidae,ELSE,
91087943__not vertebrate,gi|91087943__not vertebrate|cold|Tribolium castaneum|Insecta|Coleoptera|Tenebrionidae|ELSE|,not vertebrate|cold|Tribolium castaneum|Insecta|Coleoptera|Tenebrionidae|ELSE|,not vertebrate,cold,Tribolium castaneum,Insecta,Coleoptera,Tenebrionidae,ELSE,
62661947__vertebrate,gi|62661947__vertebrate|warm|Rattus norvegicus|Mammalia|Rodentia|Muridae|granzyme|c,vertebrate|warm|Rattus norvegicus|Mammalia|Rodentia|Muridae|granzyme|c,vertebrate,warm,Rattus norvegicus,Mammalia,Rodentia,Muridae,granzyme,c
46139299__fungi,gi|46139299__fungi|cold|Gibberella zeae PH-1|Sordariomycetes|Hypocreales|Nectriaceae|ELSE|,fungi|cold|Gibberella zeae PH-1|Sordariomycetes|Hypocreales|Nectriaceae|ELSE|,fungi,cold,Gibberella zeae PH-1,Sordariomycetes,Hypocreales,Nectriaceae,ELSE,
28566192,gi|28566192|AAO43403__not vertebrate|cold|Aedes aegypti|Insecta|Diptera|Culicidae|not trypsin|,not vertebrate|cold|Aedes aegypti|Insecta|Diptera|Culicidae|not trypsin|,not vertebrate,cold,Aedes aegypti,Insecta,Diptera,Culicidae,not trypsin,
25990135,gi|25990135|AAN75000__not vertebrate|cold|Ochlerotatus epactius|Insecta|Diptera|Culicidae|not trypsin|,not vertebrate|cold|Ochlerotatus epactius|Insecta|Diptera|Culicidae|not trypsin|,not vertebrate,cold,Ochlerotatus epactius,Insecta,Diptera,Culicidae,not trypsin,
54636348,gi|54636348|EAL25751__not vertebrate|cold|drosophila pseudoobscura|Insecta|Diptera|Drosophilidae|ELSE|,not vertebrate|cold|drosophila pseudoobscura|Insecta|Diptera|Drosophilidae|ELSE|,not vertebrate,cold,drosophila pseudoobscura,Insecta,Diptera,Drosophilidae,ELSE,
51094388,gi|51094388|AAT95362__not vertebrate|cold|Sesamia nonagrioides|Insecta|Lepidoptera|Noctuidae|trypsin|,not vertebrate|cold|Sesamia nonagrioides|Insecta|Lepidoptera|Noctuidae|trypsin|,not vertebrate,cold,Sesamia nonagrioides,Insecta,Lepidoptera,Noctuidae,trypsin,
2463068__not vertebrate,gi|2463068__not vertebrate|cold|Helicoverpa armigera|Insecta|Lepidoptera|Noctuidae|trypsin|,not vertebrate|cold|Helicoverpa armigera|Insecta|Lepidoptera|Noctuidae|trypsin|,not vertebrate,cold,Helicoverpa armigera,Insecta,Lepidoptera,Noctuidae,trypsin,
998972,gi|998972|AAB34364__vertebrate|warm|Homo sapiens|Mammalia|Primates|Hominidae|kallikrein|,vertebrate|warm|Homo sapiens|Mammalia|Primates|Hominidae|kallikrein|,vertebrate,warm,Homo sapiens,Mammalia,Primates,Hominidae,kallikrein,
57043329__vertebrate,gi|57043329__vertebrate|warm|Canis familiaris|Mammalia|Carnivora|Canidae|elastase|,vertebrate|warm|Canis familiaris|Mammalia|Carnivora|Canidae|elastase|,vertebrate,warm,Canis familiaris,Mammalia,Carnivora,Canidae,elastase,
21430544,gi|21430544|AAM50950__not vertebrate|cold|Drosophila melanogaster|Insecta|Diptera|Drosophilidae|ELSE|,not vertebrate|cold|Drosophila melanogaster|Insecta|Diptera|Drosophilidae|ELSE|,not vertebrate,cold,Drosophila melanogaster,Insecta,Diptera,Drosophilidae,ELSE,
68371224__vertebrate,gi|68371224__vertebrate|cold|Danio rerio|Actinopterygii|Cypriniformes|Cyprinidae|urokinase type plasminogen activator|,vertebrate|cold|Danio rerio|Actinopterygii|Cypriniformes|Cyprinidae|urokinase type plasminogen activator|,vertebrate,cold,Danio rerio,Actinopterygii,Cypriniformes,Cyprinidae,urokinase type plasminogen activator,
47086363__vertebrate,gi|47086363__vertebrate|cold|Danio rerio|Actinopterygii|Cypriniformes|Cyprinidae|elastase|,vertebrate|cold|Danio rerio|Actinopterygii|Cypriniformes|Cyprinidae|elastase|,vertebrate,cold,Danio rerio,Actinopterygii,Cypriniformes,Cyprinidae,elastase,
62546195,gi|62546195|AAX85984__not vertebrate|cold|Pediculus humanus|Insecta|Phthiraptera|Pediculidae|chymotrypsin|,not vertebrate|cold|Pediculus humanus|Insecta|Phthiraptera|Pediculidae|chymotrypsin|,not vertebrate,cold,Pediculus humanus,Insecta,Phthiraptera,Pediculidae,chymotrypsin,
55239602,gi|55239602|EAA10353__not vertebrate|cold|anopheles gambiae str. pest|Insecta|Diptera|Culicidae|ELSE|,not vertebrate|cold|anopheles gambiae str. pest|Insecta|Diptera|Culicidae|ELSE|,not vertebrate,cold,anopheles gambiae str. pest,Insecta,Diptera,Culicidae,ELSE,
51873951,gi|51873951|AAH78585__vertebrate|cold|Xenopus laevis|Amphibia|Anura|Pipidae|ELSE|,vertebrate|cold|Xenopus laevis|Amphibia|Anura|Pipidae|ELSE|,vertebrate,cold,Xenopus laevis,Amphibia,Anura,Pipidae,ELSE,
48105154__not vertebrate,gi|48105154__not vertebrate|cold|Apis mellifera|Insecta|Hymenoptera|Apidae|elastase|,not vertebrate|cold|Apis mellifera|Insecta|Hymenoptera|Apidae|elastase|,not vertebrate,cold,Apis mellifera,Insecta,Hymenoptera,Apidae,elastase,
55236455,gi|55236455|EAL39308__not vertebrate|cold|anopheles gambiae str. pest|Insecta|Diptera|Culicidae|ELSE|,not vertebrate|cold|anopheles gambiae str. pest|Insecta|Diptera|Culicidae|ELSE|,not vertebrate,cold,anopheles gambiae str. pest,Insecta,Diptera,Culicidae,ELSE,
32168630__vertebrate,gi|32168630__vertebrate|warm|Bos taurus|Mammalia|Ruminantia|Bovidae|granzyme|a,vertebrate|warm|Bos taurus|Mammalia|Ruminantia|Bovidae|granzyme|a,vertebrate,warm,Bos taurus,Mammalia,Ruminantia,Bovidae,granzyme,a
91092556__not vertebrate,gi|91092556__not vertebrate|cold|Tribolium castaneum|Insecta|Coleoptera|Tenebrionidae|ELSE|,not vertebrate|cold|Tribolium castaneum|Insecta|Coleoptera|Tenebrionidae|ELSE|,not vertebrate,cold,Tribolium castaneum,Insecta,Coleoptera,Tenebrionidae,ELSE,
73347634,gi|73347634|AAZ75620__vertebrate|cold|Varanus acanthurus|Gnathostomata|Squamata|Varanidae|kallikrein|,vertebrate|cold|Varanus acanthurus|Gnathostomata|Squamata|Varanidae|kallikrein|,vertebrate,cold,Varanus acanthurus,Gnathostomata,Squamata,Varanidae,kallikrein,
68400496__vertebrate,gi|68400496__vertebrate|cold|Danio rerio|Actinopterygii|Cypriniformes|Cyprinidae|ela 1|,vertebrate|cold|Danio rerio|Actinopterygii|Cypriniformes|Cyprinidae|ela 1|,vertebrate,cold,Danio rerio,Actinopterygii,Cypriniformes,Cyprinidae,ela 1,
56611135,gi|56611135|AAH87810__vertebrate|cold|Xenopus tropicalis|Amphibia|Anura|Pipidae|ELSE|,vertebrate|cold|Xenopus tropicalis|Amphibia|Anura|Pipidae|ELSE|,vertebrate,cold,Xenopus tropicalis,Amphibia,Anura,Pipidae,ELSE,
49899920,gi|49899920|AAH76933__vertebrate|cold|Xenopus tropicalis|Amphibia|Anura|Pipidae|elastase|,vertebrate|cold|Xenopus tropicalis|Amphibia|Anura|Pipidae|elastase|,vertebrate,cold,Xenopus tropicalis,Amphibia,Anura,Pipidae,elastase,
55245709,gi|55245709|EAA04161__not vertebrate|cold|anopheles gambiae str. pest|Insecta|Diptera|Culicidae|ELSE|,not vertebrate|cold|anopheles gambiae str. pest|Insecta|Diptera|Culicidae|ELSE|,not vertebrate,cold,anopheles gambiae str. pest,Insecta,Diptera,Culicidae,ELSE,
55246121,gi|55246121|EAA04270__not vertebrate|cold|anopheles gambiae str. pest|Insecta|Diptera|Culicidae|ELSE|,not vertebrate|cold|anopheles gambiae str. pest|Insecta|Diptera|Culicidae|ELSE|,not vertebrate,cold,anopheles gambiae str. pest,Insecta,Diptera,Culicidae,ELSE,
23305899,gi|23305899|AAN17336__not vertebrate|cold|Pyrocoelia rufa|Insecta|Coleoptera|Lampyridae|ELSE|,not vertebrate|cold|Pyrocoelia rufa|Insecta|Coleoptera|Lampyridae|ELSE|,not vertebrate,cold,Pyrocoelia rufa,Insecta,Coleoptera,Lampyridae,ELSE,
26005777__vertebrate,gi|26005777__vertebrate|cold|Xenopus laevis|Amphibia|Anura|Pipidae|mannose binding lectin associated|,vertebrate|cold|Xenopus laevis|Amphibia|Anura|Pipidae|mannose binding lectin associated|,vertebrate,cold,Xenopus laevis,Amphibia,Anura,Pipidae,mannose binding lectin associated,
94733581__vertebrate,gi|94733581__vertebrate|cold|Danio rerio|Actinopterygii|Cypriniformes|Cyprinidae|ELSE|,vertebrate|cold|Danio rerio|Actinopterygii|Cypriniformes|Cyprinidae|ELSE|,vertebrate,cold,Danio rerio,Actinopterygii,Cypriniformes,Cyprinidae,ELSE,
25990139,gi|25990139|AAN75002__not vertebrate|cold|Ochlerotatus triseriatus|Insecta|Diptera|Culicidae|not trypsin|,not vertebrate|cold|Ochlerotatus triseriatus|Insecta|Diptera|Culicidae|not trypsin|,not vertebrate,cold,Ochlerotatus triseriatus,Insecta,Diptera,Culicidae,not trypsin,
76649433__vertebrate,gi|76649433__vertebrate|warm|Bos taurus|Mammalia|Ruminantia|Bovidae|testis serine protease|,vertebrate|warm|Bos taurus|Mammalia|Ruminantia|Bovidae|testis serine protease|,vertebrate,warm,Bos taurus,Mammalia,Ruminantia,Bovidae,testis serine protease,
32394736,gi|32394736|AAM96939__not vertebrate|cold|Phlebotomus papatasi|Insecta|Diptera|Psychodidae|chymotrypsin|,not vertebrate|cold|Phlebotomus papatasi|Insecta|Diptera|Psychodidae|chymotrypsin|,not vertebrate,cold,Phlebotomus papatasi,Insecta,Diptera,Psychodidae,chymotrypsin,
24666476__not vertebrate,gi|24666476__not vertebrate|cold|drosophila melanogaster|Insecta|Diptera|Drosophilidae|ELSE|,not vertebrate|cold|drosophila melanogaster|Insecta|Diptera|Drosophilidae|ELSE|,not vertebrate,cold,drosophila melanogaster,Insecta,Diptera,Drosophilidae,ELSE,
5478490,gi|5478490|AAD43900__vertebrate|warm|Mus musculus|Mammalia|Rodentia|Muridae|mast cell protease|,vertebrate|warm|Mus musculus|Mammalia|Rodentia|Muridae|mast cell protease|,vertebrate,warm,Mus musculus,Mammalia,Rodentia,Muridae,mast cell protease,
55246119,gi|55246119|EAA04684__not vertebrate|cold|anopheles gambiae str. pest|Insecta|Diptera|Culicidae|ELSE|,not vertebrate|cold|anopheles gambiae str. pest|Insecta|Diptera|Culicidae|ELSE|,not vertebrate,cold,anopheles gambiae str. pest,Insecta,Diptera,Culicidae,ELSE,
55234765,gi|55234765|EAL38834__not vertebrate|cold|anopheles gambiae str. pest|Insecta|Diptera|Culicidae|ELSE|,not vertebrate|cold|anopheles gambiae str. pest|Insecta|Diptera|Culicidae|ELSE|,not vertebrate,cold,anopheles gambiae str. pest,Insecta,Diptera,Culicidae,ELSE,
2463072__not vertebrate,gi|2463072__not vertebrate|cold|Helicoverpa armigera|Insecta|Lepidoptera|Noctuidae|trypsin|,not vertebrate|cold|Helicoverpa armigera|Insecta|Lepidoptera|Noctuidae|trypsin|,not vertebrate,cold,Helicoverpa armigera,Insecta,Lepidoptera,Noctuidae,trypsin,
48526106,gi|48526106|AAT45251__vertebrate|cold|Sparus aurata|Actinopterygii|Perciformes|Sparidae|elastase|,vertebrate|cold|Sparus aurata|Actinopterygii|Perciformes|Sparidae|elastase|,vertebrate,cold,Sparus aurata,Actinopterygii,Perciformes,Sparidae,elastase,
91984091,gi|91984091|ABE68910__not vertebrate|cold|Zabrotes subfasciatus|Insecta|Coleoptera|Chrysomelidae|trypsin|,not vertebrate|cold|Zabrotes subfasciatus|Insecta|Coleoptera|Chrysomelidae|trypsin|,not vertebrate,cold,Zabrotes subfasciatus,Insecta,Coleoptera,Chrysomelidae,trypsin,
76676272__vertebrate,gi|76676272__vertebrate|warm|Bos taurus|Mammalia|Ruminantia|Bovidae|ELSE|,vertebrate|warm|Bos taurus|Mammalia|Ruminantia|Bovidae|ELSE|,vertebrate,warm,Bos taurus,Mammalia,Ruminantia,Bovidae,ELSE,
37182310,gi|37182310|AAQ88957__vertebrate|warm|Homo sapiens|Mammalia|Primates|Hominidae|ELSE|,vertebrate|warm|Homo sapiens|Mammalia|Primates|Hominidae|ELSE|,vertebrate,warm,Homo sapiens,Mammalia,Primates,Hominidae,ELSE,
49256528,gi|49256528|AAH74480__vertebrate|cold|Xenopus laevis|Amphibia|Anura|Pipidae|ELSE|,vertebrate|cold|Xenopus laevis|Amphibia|Anura|Pipidae|ELSE|,vertebrate,cold,Xenopus laevis,Amphibia,Anura,Pipidae,ELSE,
37694257,gi|37694257|AAQ99050__not vertebrate|cold|Neodiprion lecontii NPV|no record|no record|Baculoviridae|ELSE|,not vertebrate|cold|Neodiprion lecontii NPV|no record|no record|Baculoviridae|ELSE|,not vertebrate,cold,Neodiprion lecontii NPV,no record,no record,Baculoviridae,ELSE,
1351938,gi|1351938|P47797__vertebrate|cold|Calloselasma rhodostoma|Gnathostomata|Squamata|Viperidae|venom|,vertebrate|cold|Calloselasma rhodostoma|Gnathostomata|Squamata|Viperidae|venom|,vertebrate,cold,Calloselasma rhodostoma,Gnathostomata,Squamata,Viperidae,venom,
51094362,gi|51094362|AAT95349__not vertebrate|cold|Sesamia nonagrioides|Insecta|Lepidoptera|Noctuidae|trypsin|,not vertebrate|cold|Sesamia nonagrioides|Insecta|Lepidoptera|Noctuidae|trypsin|,not vertebrate,cold,Sesamia nonagrioides,Insecta,Lepidoptera,Noctuidae,trypsin,
9965262,gi|9965262|AAG10005__not vertebrate|cold|Aedes albopictus|Insecta|Diptera|Culicidae|not trypsin|,not vertebrate|cold|Aedes albopictus|Insecta|Diptera|Culicidae|not trypsin|,not vertebrate,cold,Aedes albopictus,Insecta,Diptera,Culicidae,not trypsin,
6978801__vertebrate,gi|6978801__vertebrate|warm|Rattus norvegicus|Mammalia|Rodentia|Muridae|elastase|,vertebrate|warm|Rattus norvegicus|Mammalia|Rodentia|Muridae|elastase|,vertebrate,warm,Rattus norvegicus,Mammalia,Rodentia,Muridae,elastase,
47078378,gi|47078378|AAT09850__not vertebrate|cold|Anthonomus grandis|Insecta|Coleoptera|Curculionidae|trypsin|,not vertebrate|cold|Anthonomus grandis|Insecta|Coleoptera|Curculionidae|trypsin|,not vertebrate,cold,Anthonomus grandis,Insecta,Coleoptera,Curculionidae,trypsin,
91082361__not vertebrate,gi|91082361__not vertebrate|cold|Tribolium castaneum|Insecta|Coleoptera|Tenebrionidae|ELSE|,not vertebrate|cold|Tribolium castaneum|Insecta|Coleoptera|Tenebrionidae|ELSE|,not vertebrate,cold,Tribolium castaneum,Insecta,Coleoptera,Tenebrionidae,ELSE,
60752424,gi|60752424|AAX36079__vertebrate|cold|Ictalurus punctatus|Actinopterygii|Siluriformes|Ictaluridae|granzyme|one,vertebrate|cold|Ictalurus punctatus|Actinopterygii|Siluriformes|Ictaluridae|granzyme|one,vertebrate,cold,Ictalurus punctatus,Actinopterygii,Siluriformes,Ictaluridae,granzyme,one
206692,gi|206692|AAA42056__vertebrate|warm|Rattus norvegicus|Mammalia|Rodentia|Muridae|ELSE|,vertebrate|warm|Rattus norvegicus|Mammalia|Rodentia|Muridae|ELSE|,vertebrate,warm,Rattus norvegicus,Mammalia,Rodentia,Muridae,ELSE,
4530048,gi|4530048|AAD21833__not vertebrate|cold|Ctenocephalides felis|Insecta|Siphonaptera|Pulicidae|trypsin|,not vertebrate|cold|Ctenocephalides felis|Insecta|Siphonaptera|Pulicidae|trypsin|,not vertebrate,cold,Ctenocephalides felis,Insecta,Siphonaptera,Pulicidae,trypsin,
30025139,gi|30025139|AAP04532__not vertebrate|cold|Lumbricus bimastus|Oligochaeta|Haplotaxida|Lumbricidae|lumbrokinase|,not vertebrate|cold|Lumbricus bimastus|Oligochaeta|Haplotaxida|Lumbricidae|lumbrokinase|,not vertebrate,cold,Lumbricus bimastus,Oligochaeta,Haplotaxida,Lumbricidae,lumbrokinase,
80477690,gi|80477690|AAI08641__vertebrate|cold|Xenopus laevis|Amphibia|Anura|Pipidae|ELSE|,vertebrate|cold|Xenopus laevis|Amphibia|Anura|Pipidae|ELSE|,vertebrate,cold,Xenopus laevis,Amphibia,Anura,Pipidae,ELSE,
2275016__vertebrate,gi|2275016__vertebrate|warm|Macaca mulatta|Mammalia|Primates|Cercopithecidae|elastase|,vertebrate|warm|Macaca mulatta|Mammalia|Primates|Cercopithecidae|elastase|,vertebrate,warm,Macaca mulatta,Mammalia,Primates,Cercopithecidae,elastase,
91084491__not vertebrate,gi|91084491__not vertebrate|cold|Tribolium castaneum|Insecta|Coleoptera|Tenebrionidae|ELSE|,not vertebrate|cold|Tribolium castaneum|Insecta|Coleoptera|Tenebrionidae|ELSE|,not vertebrate,cold,Tribolium castaneum,Insecta,Coleoptera,Tenebrionidae,ELSE,
17061763,gi|17061763|AAK13194__not vertebrate|cold|Aedes aegypti|Insecta|Diptera|Culicidae|chymotrypsin|,not vertebrate|cold|Aedes aegypti|Insecta|Diptera|Culicidae|chymotrypsin|,not vertebrate,cold,Aedes aegypti,Insecta,Diptera,Culicidae,chymotrypsin,
2367493,gi|2367493|AAB69653__not vertebrate|cold|Boltenia villosa|Ascidiacea|Stolidobranchia|Pyuridae|trypsin|,not vertebrate|cold|Boltenia villosa|Ascidiacea|Stolidobranchia|Pyuridae|trypsin|,not vertebrate,cold,Boltenia villosa,Ascidiacea,Stolidobranchia,Pyuridae,trypsin,
4530062,gi|4530062|AAD21840__not vertebrate|cold|Ctenocephalides felis|Insecta|Siphonaptera|Pulicidae|chymotrypsin|,not vertebrate|cold|Ctenocephalides felis|Insecta|Siphonaptera|Pulicidae|chymotrypsin|,not vertebrate,cold,Ctenocephalides felis,Insecta,Siphonaptera,Pulicidae,chymotrypsin,
32170250__vertebrate,gi|32170250__vertebrate|cold|Xenopus laevis|Amphibia|Anura|Pipidae|granzyme|ak,vertebrate|cold|Xenopus laevis|Amphibia|Anura|Pipidae|granzyme|ak,vertebrate,cold,Xenopus laevis,Amphibia,Anura,Pipidae,granzyme,ak
76681114__vertebrate,gi|76681114__vertebrate|warm|Bos taurus|Mammalia|Ruminantia|Bovidae|elastase|,vertebrate|warm|Bos taurus|Mammalia|Ruminantia|Bovidae|elastase|,vertebrate,warm,Bos taurus,Mammalia,Ruminantia,Bovidae,elastase,
82568650__vertebrate,gi|82568650__vertebrate|cold|Oryzias latipes|Actinopterygii|Beloniformes|Adrianichthyidae|kallikrein|,vertebrate|cold|Oryzias latipes|Actinopterygii|Beloniformes|Adrianichthyidae|kallikrein|,vertebrate,cold,Oryzias latipes,Actinopterygii,Beloniformes,Adrianichthyidae,kallikrein,
76622918__vertebrate,gi|76622918__vertebrate|warm|Bos taurus|Mammalia|Ruminantia|Bovidae|ELSE|,vertebrate|warm|Bos taurus|Mammalia|Ruminantia|Bovidae|ELSE|,vertebrate,warm,Bos taurus,Mammalia,Ruminantia,Bovidae,ELSE,
45505016,gi|45505016|AAS66976__vertebrate|warm|Homo sapiens|Mammalia|Primates|Hominidae|kallikrein|,vertebrate|warm|Homo sapiens|Mammalia|Primates|Hominidae|kallikrein|,vertebrate,warm,Homo sapiens,Mammalia,Primates,Hominidae,kallikrein,
68355858__vertebrate,gi|68355858__vertebrate|cold|Danio rerio|Actinopterygii|Cypriniformes|Cyprinidae|mast cell protease|,vertebrate|cold|Danio rerio|Actinopterygii|Cypriniformes|Cyprinidae|mast cell protease|,vertebrate,cold,Danio rerio,Actinopterygii,Cypriniformes,Cyprinidae,mast cell protease,
25990137,gi|25990137|AAN75001__not vertebrate|cold|Aedes polynesiensis|Insecta|Diptera|Culicidae|not trypsin|,not vertebrate|cold|Aedes polynesiensis|Insecta|Diptera|Culicidae|not trypsin|,not vertebrate,cold,Aedes polynesiensis,Insecta,Diptera,Culicidae,not trypsin,
91086153__not vertebrate,gi|91086153__not vertebrate|cold|Tribolium castaneum|Insecta|Coleoptera|Tenebrionidae|ELSE|,not vertebrate|cold|Tribolium castaneum|Insecta|Coleoptera|Tenebrionidae|ELSE|,not vertebrate,cold,Tribolium castaneum,Insecta,Coleoptera,Tenebrionidae,ELSE,
32394740,gi|32394740|AAM96941__not vertebrate|cold|Phlebotomus papatasi|Insecta|Diptera|Psychodidae|trypsin|,not vertebrate|cold|Phlebotomus papatasi|Insecta|Diptera|Psychodidae|trypsin|,not vertebrate,cold,Phlebotomus papatasi,Insecta,Diptera,Psychodidae,trypsin,
50370259,gi|50370259|AAH76223__vertebrate|cold|Danio rerio|Actinopterygii|Cypriniformes|Cyprinidae|ELSE|,vertebrate|cold|Danio rerio|Actinopterygii|Cypriniformes|Cyprinidae|ELSE|,vertebrate,cold,Danio rerio,Actinopterygii,Cypriniformes,Cyprinidae,ELSE,
71051862,gi|71051862|AAH99254__vertebrate|cold|Xenopus laevis|Amphibia|Anura|Pipidae|ELSE|,vertebrate|cold|Xenopus laevis|Amphibia|Anura|Pipidae|ELSE|,vertebrate,cold,Xenopus laevis,Amphibia,Anura,Pipidae,ELSE,
1354779,gi|1354779|AAB58351__vertebrate|cold|Gadus morhua|Actinopterygii|Gadiformes|Gadidae|elastase|,vertebrate|cold|Gadus morhua|Actinopterygii|Gadiformes|Gadidae|elastase|,vertebrate,cold,Gadus morhua,Actinopterygii,Gadiformes,Gadidae,elastase,
55241105,gi|55241105|EAA08805__not vertebrate|cold|anopheles gambiae str. pest|Insecta|Diptera|Culicidae|ELSE|,not vertebrate|cold|anopheles gambiae str. pest|Insecta|Diptera|Culicidae|ELSE|,not vertebrate,cold,anopheles gambiae str. pest,Insecta,Diptera,Culicidae,ELSE,
58476369,gi|58476369|AAH89702__vertebrate|cold|Xenopus tropicalis|Amphibia|Anura|Pipidae|ELSE|,vertebrate|cold|Xenopus tropicalis|Amphibia|Anura|Pipidae|ELSE|,vertebrate,cold,Xenopus tropicalis,Amphibia,Anura,Pipidae,ELSE,
49257429,gi|49257429|AAH73552__vertebrate|cold|Xenopus laevis|Amphibia|Anura|Pipidae|ELSE|,vertebrate|cold|Xenopus laevis|Amphibia|Anura|Pipidae|ELSE|,vertebrate,cold,Xenopus laevis,Amphibia,Anura,Pipidae,ELSE,
56269245,gi|56269245|AAH87515__vertebrate|cold|Xenopus laevis|Amphibia|Anura|Pipidae|ELSE|,vertebrate|cold|Xenopus laevis|Amphibia|Anura|Pipidae|ELSE|,vertebrate,cold,Xenopus laevis,Amphibia,Anura,Pipidae,ELSE,
1072114,gi|1072114|AAB03851__fungi|cold|Cochliobolus carbonum|Dothideomycetes|Pleosporales|Pleosporaceae|ELSE|,fungi|cold|Cochliobolus carbonum|Dothideomycetes|Pleosporales|Pleosporaceae|ELSE|,fungi,cold,Cochliobolus carbonum,Dothideomycetes,Pleosporales,Pleosporaceae,ELSE,
5441865__vertebrate,gi|5441865__vertebrate|cold|Paralichthys olivaceus|Actinopterygii|Pleuronectiformes|Paralichthyidae|elastase|,vertebrate|cold|Paralichthys olivaceus|Actinopterygii|Pleuronectiformes|Paralichthyidae|elastase|,vertebrate,cold,Paralichthys olivaceus,Actinopterygii,Pleuronectiformes,Paralichthyidae,elastase,
1113928,gi|1113928|AAA83236__not vertebrate|cold|Drosophila erecta|Insecta|Diptera|Drosophilidae|trypsin|,not vertebrate|cold|Drosophila erecta|Insecta|Diptera|Drosophilidae|trypsin|,not vertebrate,cold,Drosophila erecta,Insecta,Diptera,Drosophilidae,trypsin,
2463060__not vertebrate,gi|2463060__not vertebrate|cold|Helicoverpa armigera|Insecta|Lepidoptera|Noctuidae|trypsin|,not vertebrate|cold|Helicoverpa armigera|Insecta|Lepidoptera|Noctuidae|trypsin|,not vertebrate,cold,Helicoverpa armigera,Insecta,Lepidoptera,Noctuidae,trypsin,
54643752,gi|54643752|EAL32495__not vertebrate|cold|drosophila pseudoobscura|Insecta|Diptera|Drosophilidae|ELSE|,not vertebrate|cold|drosophila pseudoobscura|Insecta|Diptera|Drosophilidae|ELSE|,not vertebrate,cold,drosophila pseudoobscura,Insecta,Diptera,Drosophilidae,ELSE,
58332834__vertebrate,gi|58332834__vertebrate|cold|Xenopus tropicalis|Amphibia|Anura|Pipidae|ELSE|,vertebrate|cold|Xenopus tropicalis|Amphibia|Anura|Pipidae|ELSE|,vertebrate,cold,Xenopus tropicalis,Amphibia,Anura,Pipidae,ELSE,
56972340,gi|56972340|AAH88057__vertebrate|cold|Xenopus tropicalis|Amphibia|Anura|Pipidae|ELSE|,vertebrate|cold|Xenopus tropicalis|Amphibia|Anura|Pipidae|ELSE|,vertebrate,cold,Xenopus tropicalis,Amphibia,Anura,Pipidae,ELSE,
54636335,gi|54636335|EAL25738__not vertebrate|cold|drosophila pseudoobscura|Insecta|Diptera|Drosophilidae|ELSE|,not vertebrate|cold|drosophila pseudoobscura|Insecta|Diptera|Drosophilidae|ELSE|,not vertebrate,cold,drosophila pseudoobscura,Insecta,Diptera,Drosophilidae,ELSE,
4335868,gi|4335868|AAD17492__not vertebrate|cold|Anopheles aquasalis|Insecta|Diptera|Culicidae|chymotrypsin|,not vertebrate|cold|Anopheles aquasalis|Insecta|Diptera|Culicidae|chymotrypsin|,not vertebrate,cold,Anopheles aquasalis,Insecta,Diptera,Culicidae,chymotrypsin,
5042250__fungi,gi|5042250__fungi|cold|Metarhizium anisopliae|Sordariomycetes|Hypocreales|Clavicipitaceae|trypsin|,fungi|cold|Metarhizium anisopliae|Sordariomycetes|Hypocreales|Clavicipitaceae|trypsin|,fungi,cold,Metarhizium anisopliae,Sordariomycetes,Hypocreales,Clavicipitaceae,trypsin,
91090846__not vertebrate,gi|91090846__not vertebrate|cold|Tribolium castaneum|Insecta|Coleoptera|Tenebrionidae|ELSE|,not vertebrate|cold|Tribolium castaneum|Insecta|Coleoptera|Tenebrionidae|ELSE|,not vertebrate,cold,Tribolium castaneum,Insecta,Coleoptera,Tenebrionidae,ELSE,
2463070__not vertebrate,gi|2463070__not vertebrate|cold|Helicoverpa armigera|Insecta|Lepidoptera|Noctuidae|trypsin|,not vertebrate|cold|Helicoverpa armigera|Insecta|Lepidoptera|Noctuidae|trypsin|,not vertebrate,cold,Helicoverpa armigera,Insecta,Lepidoptera,Noctuidae,trypsin,
58037327__vertebrate,gi|58037327__vertebrate|warm|Mus musculus|Mammalia|Rodentia|Muridae|ELSE|,vertebrate|warm|Mus musculus|Mammalia|Rodentia|Muridae|ELSE|,vertebrate,warm,Mus musculus,Mammalia,Rodentia,Muridae,ELSE,
94402523__vertebrate,gi|94402523__vertebrate|warm|Mus musculus|Mammalia|Rodentia|Muridae|ELSE|,vertebrate|warm|Mus musculus|Mammalia|Rodentia|Muridae|ELSE|,vertebrate,warm,Mus musculus,Mammalia,Rodentia,Muridae,ELSE,
68437897__vertebrate,gi|68437897__vertebrate|cold|Danio rerio|Actinopterygii|Cypriniformes|Cyprinidae|neurotrypsin|,vertebrate|cold|Danio rerio|Actinopterygii|Cypriniformes|Cyprinidae|neurotrypsin|,vertebrate,cold,Danio rerio,Actinopterygii,Cypriniformes,Cyprinidae,neurotrypsin,
54636671,gi|54636671|EAL26074__not vertebrate|cold|drosophila pseudoobscura|Insecta|Diptera|Drosophilidae|ELSE|,not vertebrate|cold|drosophila pseudoobscura|Insecta|Diptera|Drosophilidae|ELSE|,not vertebrate,cold,drosophila pseudoobscura,Insecta,Diptera,Drosophilidae,ELSE,
48095159__not vertebrate,gi|48095159__not vertebrate|cold|Apis mellifera|Insecta|Hymenoptera|Apidae|ELSE|,not vertebrate|cold|Apis mellifera|Insecta|Hymenoptera|Apidae|ELSE|,not vertebrate,cold,Apis mellifera,Insecta,Hymenoptera,Apidae,ELSE,
11024706__vertebrate,gi|11024706__vertebrate|warm|Rattus norvegicus|Mammalia|Rodentia|Muridae|mast cell protease|,vertebrate|warm|Rattus norvegicus|Mammalia|Rodentia|Muridae|mast cell protease|,vertebrate,warm,Rattus norvegicus,Mammalia,Rodentia,Muridae,mast cell protease,
1698704,gi|1698704|AAB48265__vertebrate|warm|Rattus norvegicus|Mammalia|Rodentia|Muridae|mast cell protease|,vertebrate|warm|Rattus norvegicus|Mammalia|Rodentia|Muridae|mast cell protease|,vertebrate,warm,Rattus norvegicus,Mammalia,Rodentia,Muridae,mast cell protease,
3661612,gi|3661612|AAC61777__fungi|cold|Phaeosphaeria nodorum|Dothideomycetes|Pleosporales|Phaeosphaeriaceae|trypsin|,fungi|cold|Phaeosphaeria nodorum|Dothideomycetes|Pleosporales|Phaeosphaeriaceae|trypsin|,fungi,cold,Phaeosphaeria nodorum,Dothideomycetes,Pleosporales,Phaeosphaeriaceae,trypsin,
51230582__vertebrate,gi|51230582__vertebrate|cold|Danio rerio|Actinopterygii|Cypriniformes|Cyprinidae|ELSE|,vertebrate|cold|Danio rerio|Actinopterygii|Cypriniformes|Cyprinidae|ELSE|,vertebrate,cold,Danio rerio,Actinopterygii,Cypriniformes,Cyprinidae,ELSE,
468845,gi|468845|AAA17456__not vertebrate|cold|Drosophila melanogaster|Insecta|Diptera|Drosophilidae|trypsin|,not vertebrate|cold|Drosophila melanogaster|Insecta|Diptera|Drosophilidae|trypsin|,not vertebrate,cold,Drosophila melanogaster,Insecta,Diptera,Drosophilidae,trypsin,
66532233__not vertebrate,gi|66532233__not vertebrate|cold|Apis mellifera|Insecta|Hymenoptera|Apidae|chymotrypsin|,not vertebrate|cold|Apis mellifera|Insecta|Hymenoptera|Apidae|chymotrypsin|,not vertebrate,cold,Apis mellifera,Insecta,Hymenoptera,Apidae,chymotrypsin,
21483262,gi|21483262|AAM52606__not vertebrate|cold|Drosophila melanogaster|Insecta|Diptera|Drosophilidae|ELSE|,not vertebrate|cold|Drosophila melanogaster|Insecta|Diptera|Drosophilidae|ELSE|,not vertebrate,cold,Drosophila melanogaster,Insecta,Diptera,Drosophilidae,ELSE,
56199440,gi|56199440|AAV84209__not vertebrate|cold|Culicoides sonorensis|Insecta|Diptera|Ceratopogonidae|chymotrypsin|,not vertebrate|cold|Culicoides sonorensis|Insecta|Diptera|Ceratopogonidae|chymotrypsin|,not vertebrate,cold,Culicoides sonorensis,Insecta,Diptera,Ceratopogonidae,chymotrypsin,
55238899,gi|55238899|EAA11613__not vertebrate|cold|anopheles gambiae str. pest|Insecta|Diptera|Culicidae|ELSE|,not vertebrate|cold|anopheles gambiae str. pest|Insecta|Diptera|Culicidae|ELSE|,not vertebrate,cold,anopheles gambiae str. pest,Insecta,Diptera,Culicidae,ELSE,
2463058__not vertebrate,gi|2463058__not vertebrate|cold|Helicoverpa armigera|Insecta|Lepidoptera|Noctuidae|trypsin|,not vertebrate|cold|Helicoverpa armigera|Insecta|Lepidoptera|Noctuidae|trypsin|,not vertebrate,cold,Helicoverpa armigera,Insecta,Lepidoptera,Noctuidae,trypsin,
56681219,gi|56681219|AAW21246__not vertebrate|cold|Mayetiola destructor|Insecta|Diptera|Cecidomyiidae|ELSE|,not vertebrate|cold|Mayetiola destructor|Insecta|Diptera|Cecidomyiidae|ELSE|,not vertebrate,cold,Mayetiola destructor,Insecta,Diptera,Cecidomyiidae,ELSE,
54637430,gi|54637430|EAL26832__not vertebrate|cold|drosophila pseudoobscura|Insecta|Diptera|Drosophilidae|ELSE|,not vertebrate|cold|drosophila pseudoobscura|Insecta|Diptera|Drosophilidae|ELSE|,not vertebrate,cold,drosophila pseudoobscura,Insecta,Diptera,Drosophilidae,ELSE,
60752408,gi|60752408|AAX36078__vertebrate|cold|Ictalurus punctatus|Actinopterygii|Siluriformes|Ictaluridae|granzyme|two,vertebrate|cold|Ictalurus punctatus|Actinopterygii|Siluriformes|Ictaluridae|granzyme|two,vertebrate,cold,Ictalurus punctatus,Actinopterygii,Siluriformes,Ictaluridae,granzyme,two
55649801__vertebrate,gi|55649801__vertebrate|warm|Pan troglodytes|Mammalia|Primates|Hominidae|kallikrein|,vertebrate|warm|Pan troglodytes|Mammalia|Primates|Hominidae|kallikrein|,vertebrate,warm,Pan troglodytes,Mammalia,Primates,Hominidae,kallikrein,
63025000__fungi,gi|63025000__fungi|cold|Hypocrea lixii|Sordariomycetes|Hypocreales|Hypocreaceae|trypsin|,fungi|cold|Hypocrea lixii|Sordariomycetes|Hypocreales|Hypocreaceae|trypsin|,fungi,cold,Hypocrea lixii,Sordariomycetes,Hypocreales,Hypocreaceae,trypsin,
32699505__vertebrate,gi|32699505__vertebrate|cold|Hoplocephalus stephensii|Gnathostomata|Squamata|Elapidae|hopsarin|,vertebrate|cold|Hoplocephalus stephensii|Gnathostomata|Squamata|Elapidae|hopsarin|,vertebrate,cold,Hoplocephalus stephensii,Gnathostomata,Squamata,Elapidae,hopsarin,
56206864__vertebrate,gi|56206864__vertebrate|warm|Homo sapiens|Mammalia|Primates|Hominidae|marapsin|,vertebrate|warm|Homo sapiens|Mammalia|Primates|Hominidae|marapsin|,vertebrate,warm,Homo sapiens,Mammalia,Primates,Hominidae,marapsin,
1326386,gi|1326386|AAB00662__not vertebrate|cold|caenorhabditis elegans|Chromadorea|Rhabditida|Rhabditidae|trypsin|,not vertebrate|cold|caenorhabditis elegans|Chromadorea|Rhabditida|Rhabditidae|trypsin|,not vertebrate,cold,caenorhabditis elegans,Chromadorea,Rhabditida,Rhabditidae,trypsin,
2317916,gi|2317916|AAB66371__not vertebrate|cold|Drosophila virilis|Insecta|Diptera|Drosophilidae|trypsin|,not vertebrate|cold|Drosophila virilis|Insecta|Diptera|Drosophilidae|trypsin|,not vertebrate,cold,Drosophila virilis,Insecta,Diptera,Drosophilidae,trypsin,
91084805__not vertebrate,gi|91084805__not vertebrate|cold|Tribolium castaneum|Insecta|Coleoptera|Tenebrionidae|ELSE|,not vertebrate|cold|Tribolium castaneum|Insecta|Coleoptera|Tenebrionidae|ELSE|,not vertebrate,cold,Tribolium castaneum,Insecta,Coleoptera,Tenebrionidae,ELSE,
21711715,gi|21711715|AAM75048__not vertebrate|cold|Drosophila melanogaster|Insecta|Diptera|Drosophilidae|ELSE|,not vertebrate|cold|Drosophila melanogaster|Insecta|Diptera|Drosophilidae|ELSE|,not vertebrate,cold,Drosophila melanogaster,Insecta,Diptera,Drosophilidae,ELSE,
34419639__vertebrate,gi|34419639__vertebrate|warm|Homo sapiens|Mammalia|Primates|Hominidae|ELSE|,vertebrate|warm|Homo sapiens|Mammalia|Primates|Hominidae|ELSE|,vertebrate,warm,Homo sapiens,Mammalia,Primates,Hominidae,ELSE,
16755859,gi|16755859|AAL28118__not vertebrate|cold|Lumbricus bimastus|Oligochaeta|Haplotaxida|Lumbricidae|lumbrokinase|,not vertebrate|cold|Lumbricus bimastus|Oligochaeta|Haplotaxida|Lumbricidae|lumbrokinase|,not vertebrate,cold,Lumbricus bimastus,Oligochaeta,Haplotaxida,Lumbricidae,lumbrokinase,
52546722__vertebrate,gi|52546722__vertebrate|warm|Canis familiaris|Mammalia|Carnivora|Canidae|ELSE|,vertebrate|warm|Canis familiaris|Mammalia|Carnivora|Canidae|ELSE|,vertebrate,warm,Canis familiaris,Mammalia,Carnivora,Canidae,ELSE,
4512604,gi|4512604|AAA30855__vertebrate|warm|Canis sp.|Mammalia|Carnivora|Canidae|ELSE|,vertebrate|warm|Canis sp.|Mammalia|Carnivora|Canidae|ELSE|,vertebrate,warm,Canis sp.,Mammalia,Carnivora,Canidae,ELSE,
76642377__vertebrate,gi|76642377__vertebrate|warm|Bos taurus|Mammalia|Ruminantia|Bovidae|kallikrein|,vertebrate|warm|Bos taurus|Mammalia|Ruminantia|Bovidae|kallikrein|,vertebrate,warm,Bos taurus,Mammalia,Ruminantia,Bovidae,kallikrein,
54642005,gi|54642005|EAL30754__not vertebrate|cold|drosophila pseudoobscura|Insecta|Diptera|Drosophilidae|ELSE|,not vertebrate|cold|drosophila pseudoobscura|Insecta|Diptera|Drosophilidae|ELSE|,not vertebrate,cold,drosophila pseudoobscura,Insecta,Diptera,Drosophilidae,ELSE,
54643163,gi|54643163|EAL31907__not vertebrate|cold|drosophila pseudoobscura|Insecta|Diptera|Drosophilidae|ELSE|,not vertebrate|cold|drosophila pseudoobscura|Insecta|Diptera|Drosophilidae|ELSE|,not vertebrate,cold,drosophila pseudoobscura,Insecta,Diptera,Drosophilidae,ELSE,
55235457,gi|55235457|EAA14923__not vertebrate|cold|anopheles gambiae str. pest|Insecta|Diptera|Culicidae|ELSE|,not vertebrate|cold|anopheles gambiae str. pest|Insecta|Diptera|Culicidae|ELSE|,not vertebrate,cold,anopheles gambiae str. pest,Insecta,Diptera,Culicidae,ELSE,
91078598__not vertebrate,gi|91078598__not vertebrate|cold|Tribolium castaneum|Insecta|Coleoptera|Tenebrionidae|ELSE|,not vertebrate|cold|Tribolium castaneum|Insecta|Coleoptera|Tenebrionidae|ELSE|,not vertebrate,cold,Tribolium castaneum,Insecta,Coleoptera,Tenebrionidae,ELSE,
15072548,gi|15072548|AAK81696__not vertebrate|cold|Galleria mellonella|Insecta|Lepidoptera|Pyralidae|trypsin|,not vertebrate|cold|Galleria mellonella|Insecta|Lepidoptera|Pyralidae|trypsin|,not vertebrate,cold,Galleria mellonella,Insecta,Lepidoptera,Pyralidae,trypsin,
91092546__not vertebrate,gi|91092546__not vertebrate|cold|Tribolium castaneum|Insecta|Coleoptera|Tenebrionidae|ELSE|,not vertebrate|cold|Tribolium castaneum|Insecta|Coleoptera|Tenebrionidae|ELSE|,not vertebrate,cold,Tribolium castaneum,Insecta,Coleoptera,Tenebrionidae,ELSE,
39587498__not vertebrate,gi|39587498__not vertebrate|cold|caenorhabditis briggsae|Chromadorea|Rhabditida|Rhabditidae|ELSE|,not vertebrate|cold|caenorhabditis briggsae|Chromadorea|Rhabditida|Rhabditidae|ELSE|,not vertebrate,cold,caenorhabditis briggsae,Chromadorea,Rhabditida,Rhabditidae,ELSE,
50812463,gi|50812463|AAT81425__not vertebrate|cold|Mayetiola destructor|Insecta|Diptera|Cecidomyiidae|chymotrypsin|,not vertebrate|cold|Mayetiola destructor|Insecta|Diptera|Cecidomyiidae|chymotrypsin|,not vertebrate,cold,Mayetiola destructor,Insecta,Diptera,Cecidomyiidae,chymotrypsin,
17945590,gi|17945590|AAL48846__not vertebrate|cold|Drosophila melanogaster|Insecta|Diptera|Drosophilidae|ELSE|,not vertebrate|cold|Drosophila melanogaster|Insecta|Diptera|Drosophilidae|ELSE|,not vertebrate,cold,Drosophila melanogaster,Insecta,Diptera,Drosophilidae,ELSE,
94410378__vertebrate,gi|94410378__vertebrate|warm|Mus musculus|Mammalia|Rodentia|Muridae|ELSE|,vertebrate|warm|Mus musculus|Mammalia|Rodentia|Muridae|ELSE|,vertebrate,warm,Mus musculus,Mammalia,Rodentia,Muridae,ELSE,
6650672,gi|6650672|AAF21966__vertebrate|warm|Homo sapiens|Mammalia|Primates|Hominidae|ELSE|,vertebrate|warm|Homo sapiens|Mammalia|Primates|Hominidae|ELSE|,vertebrate,warm,Homo sapiens,Mammalia,Primates,Hominidae,ELSE,
21064651,gi|21064651|AAM29555__not vertebrate|cold|Drosophila melanogaster|Insecta|Diptera|Drosophilidae|ELSE|,not vertebrate|cold|Drosophila melanogaster|Insecta|Diptera|Drosophilidae|ELSE|,not vertebrate,cold,Drosophila melanogaster,Insecta,Diptera,Drosophilidae,ELSE,
54637713,gi|54637713|EAL27115__not vertebrate|cold|drosophila pseudoobscura|Insecta|Diptera|Drosophilidae|ELSE|,not vertebrate|cold|drosophila pseudoobscura|Insecta|Diptera|Drosophilidae|ELSE|,not vertebrate,cold,drosophila pseudoobscura,Insecta,Diptera,Drosophilidae,ELSE,
71834857__vertebrate,gi|71834857__vertebrate|warm|Homo sapiens|Mammalia|Primates|Hominidae|psa|,vertebrate|warm|Homo sapiens|Mammalia|Primates|Hominidae|psa|,vertebrate,warm,Homo sapiens,Mammalia,Primates,Hominidae,psa,
6678700__vertebrate,gi|6678700__vertebrate|warm|Mus musculus|Mammalia|Rodentia|Muridae|granzyme|m,vertebrate|warm|Mus musculus|Mammalia|Rodentia|Muridae|granzyme|m,vertebrate,warm,Mus musculus,Mammalia,Rodentia,Muridae,granzyme,m
7248888,gi|7248888|AAF43708__not vertebrate|cold|Heliothis virescens|Insecta|Lepidoptera|Noctuidae|trypsin|,not vertebrate|cold|Heliothis virescens|Insecta|Lepidoptera|Noctuidae|trypsin|,not vertebrate,cold,Heliothis virescens,Insecta,Lepidoptera,Noctuidae,trypsin,
78093738,gi|78093738|ABB19359__not vertebrate|cold|Eisenia fetida|Oligochaeta|Haplotaxida|Lumbricidae|fibrinolytic|,not vertebrate|cold|Eisenia fetida|Oligochaeta|Haplotaxida|Lumbricidae|fibrinolytic|,not vertebrate,cold,Eisenia fetida,Oligochaeta,Haplotaxida,Lumbricidae,fibrinolytic,
6689087__vertebrate,gi|6689087__vertebrate|warm|Rattus norvegicus|Mammalia|Rodentia|Muridae|masp-2|,vertebrate|warm|Rattus norvegicus|Mammalia|Rodentia|Muridae|masp-2|,vertebrate,warm,Rattus norvegicus,Mammalia,Rodentia,Muridae,masp-2,
27817290__vertebrate,gi|27817290__vertebrate|cold|Danio rerio|Actinopterygii|Cypriniformes|Cyprinidae|ELSE|,vertebrate|cold|Danio rerio|Actinopterygii|Cypriniformes|Cyprinidae|ELSE|,vertebrate,cold,Danio rerio,Actinopterygii,Cypriniformes,Cyprinidae,ELSE,
28574991__not vertebrate,gi|28574991__not vertebrate|cold|drosophila melanogaster|Insecta|Diptera|Drosophilidae|ELSE|,not vertebrate|cold|drosophila melanogaster|Insecta|Diptera|Drosophilidae|ELSE|,not vertebrate,cold,drosophila melanogaster,Insecta,Diptera,Drosophilidae,ELSE,
49257294,gi|49257294|AAH72970__vertebrate|cold|Xenopus laevis|Amphibia|Anura|Pipidae|ELSE|,vertebrate|cold|Xenopus laevis|Amphibia|Anura|Pipidae|ELSE|,vertebrate,cold,Xenopus laevis,Amphibia,Anura,Pipidae,ELSE,
8347636,gi|8347636|AAF74732__not vertebrate|cold|Agrotis ipsilon|Insecta|Lepidoptera|Noctuidae|trypsin|,not vertebrate|cold|Agrotis ipsilon|Insecta|Lepidoptera|Noctuidae|trypsin|,not vertebrate,cold,Agrotis ipsilon,Insecta,Lepidoptera,Noctuidae,trypsin,
56462344,gi|56462344|AAV91455__not vertebrate|cold|Lonomia obliqua|Insecta|Lepidoptera|Saturniidae|ELSE|,not vertebrate|cold|Lonomia obliqua|Insecta|Lepidoptera|Saturniidae|ELSE|,not vertebrate,cold,Lonomia obliqua,Insecta,Lepidoptera,Saturniidae,ELSE,
24581073__not vertebrate,gi|24581073__not vertebrate|cold|drosophila melanogaster|Insecta|Diptera|Drosophilidae|ELSE|,not vertebrate|cold|drosophila melanogaster|Insecta|Diptera|Drosophilidae|ELSE|,not vertebrate,cold,drosophila melanogaster,Insecta,Diptera,Drosophilidae,ELSE,
37626226,gi|37626226|AAQ96384__not vertebrate|cold|Neodiprion sertifer NPV|no record|no record|Baculoviridae|trypsin|,not vertebrate|cold|Neodiprion sertifer NPV|no record|no record|Baculoviridae|trypsin|,not vertebrate,cold,Neodiprion sertifer NPV,no record,no record,Baculoviridae,trypsin,
55236539,gi|55236539|EAL39333__not vertebrate|cold|anopheles gambiae str. pest|Insecta|Diptera|Culicidae|ELSE|,not vertebrate|cold|anopheles gambiae str. pest|Insecta|Diptera|Culicidae|ELSE|,not vertebrate,cold,anopheles gambiae str. pest,Insecta,Diptera,Culicidae,ELSE,
25990134,gi|25990134|AAN74999__not vertebrate|cold|Ochlerotatus epactius|Insecta|Diptera|Culicidae|not trypsin|,not vertebrate|cold|Ochlerotatus epactius|Insecta|Diptera|Culicidae|not trypsin|,not vertebrate,cold,Ochlerotatus epactius,Insecta,Diptera,Culicidae,not trypsin,
50369292,gi|50369292|AAH76046__vertebrate|cold|Danio rerio|Actinopterygii|Cypriniformes|Cyprinidae|ELSE|,vertebrate|cold|Danio rerio|Actinopterygii|Cypriniformes|Cyprinidae|ELSE|,vertebrate,cold,Danio rerio,Actinopterygii,Cypriniformes,Cyprinidae,ELSE,
51870931__vertebrate,gi|51870931__vertebrate|warm|Rattus norvegicus|Mammalia|Rodentia|Muridae|kallikrein|,vertebrate|warm|Rattus norvegicus|Mammalia|Rodentia|Muridae|kallikrein|,vertebrate,warm,Rattus norvegicus,Mammalia,Rodentia,Muridae,kallikrein,
55235308,gi|55235308|EAA14903__not vertebrate|cold|anopheles gambiae str. pest|Insecta|Diptera|Culicidae|ELSE|,not vertebrate|cold|anopheles gambiae str. pest|Insecta|Diptera|Culicidae|ELSE|,not vertebrate,cold,anopheles gambiae str. pest,Insecta,Diptera,Culicidae,ELSE,
91086545__not vertebrate,gi|91086545__not vertebrate|cold|Tribolium castaneum|Insecta|Coleoptera|Tenebrionidae|ELSE|,not vertebrate|cold|Tribolium castaneum|Insecta|Coleoptera|Tenebrionidae|ELSE|,not vertebrate,cold,Tribolium castaneum,Insecta,Coleoptera,Tenebrionidae,ELSE,
19526892__vertebrate,gi|19526892__vertebrate|warm|Mus musculus|Mammalia|Rodentia|Muridae|kallikrein|,vertebrate|warm|Mus musculus|Mammalia|Rodentia|Muridae|kallikrein|,vertebrate,warm,Mus musculus,Mammalia,Rodentia,Muridae,kallikrein,
27717505__vertebrate,gi|27717505__vertebrate|warm|Rattus norvegicus|Mammalia|Rodentia|Muridae|elastase|,vertebrate|warm|Rattus norvegicus|Mammalia|Rodentia|Muridae|elastase|,vertebrate,warm,Rattus norvegicus,Mammalia,Rodentia,Muridae,elastase,
24660241__not vertebrate,gi|24660241__not vertebrate|cold|drosophila melanogaster|Insecta|Diptera|Drosophilidae|ELSE|,not vertebrate|cold|drosophila melanogaster|Insecta|Diptera|Drosophilidae|ELSE|,not vertebrate,cold,drosophila melanogaster,Insecta,Diptera,Drosophilidae,ELSE,
464957,gi|464957|P35045__not vertebrate|cold|Manduca sexta|Insecta|Lepidoptera|Sphingidae|trypsin|,not vertebrate|cold|Manduca sexta|Insecta|Lepidoptera|Sphingidae|trypsin|,not vertebrate,cold,Manduca sexta,Insecta,Lepidoptera,Sphingidae,trypsin,
85822207,gi|85822207|ABC84592__not vertebrate|cold|Glossina morsitans morsitans|Insecta|Diptera|Glossinidae|prophenol oxidase activating|,not vertebrate|cold|Glossina morsitans morsitans|Insecta|Diptera|Glossinidae|prophenol oxidase activating|,not vertebrate,cold,Glossina morsitans morsitans,Insecta,Diptera,Glossinidae,prophenol oxidase activating,
73987592__vertebrate,gi|73987592__vertebrate|warm|Canis familiaris|Mammalia|Carnivora|Canidae|complement factor d|,vertebrate|warm|Canis familiaris|Mammalia|Carnivora|Canidae|complement factor d|,vertebrate,warm,Canis familiaris,Mammalia,Carnivora,Canidae,complement factor d,
55239153,gi|55239153|EAA11303__not vertebrate|cold|anopheles gambiae str. pest|Insecta|Diptera|Culicidae|ELSE|,not vertebrate|cold|anopheles gambiae str. pest|Insecta|Diptera|Culicidae|ELSE|,not vertebrate,cold,anopheles gambiae str. pest,Insecta,Diptera,Culicidae,ELSE,
47205624__vertebrate,gi|47205624__vertebrate|cold|tetraodon nigroviridis|Actinopterygii|Tetraodontiformes|Tetraodontidae|ELSE|,vertebrate|cold|tetraodon nigroviridis|Actinopterygii|Tetraodontiformes|Tetraodontidae|ELSE|,vertebrate,cold,tetraodon nigroviridis,Actinopterygii,Tetraodontiformes,Tetraodontidae,ELSE,
51094376,gi|51094376|AAT95356__not vertebrate|cold|Sesamia nonagrioides|Insecta|Lepidoptera|Noctuidae|trypsin|,not vertebrate|cold|Sesamia nonagrioides|Insecta|Lepidoptera|Noctuidae|trypsin|,not vertebrate,cold,Sesamia nonagrioides,Insecta,Lepidoptera,Noctuidae,trypsin,
55643767__vertebrate,gi|55643767__vertebrate|warm|Pan troglodytes|Mammalia|Primates|Hominidae|prostasin|,vertebrate|warm|Pan troglodytes|Mammalia|Primates|Hominidae|prostasin|,vertebrate,warm,Pan troglodytes,Mammalia,Primates,Hominidae,prostasin,
1581934__bacteria,gi|1581934__bacteria|cold|Saccharopolyspora erythraea|Actinobacteria (class)|Actinomycetales|Pseudonocardiaceae|trypsin|,bacteria|cold|Saccharopolyspora erythraea|Actinobacteria (class)|Actinomycetales|Pseudonocardiaceae|trypsin|,bacteria,cold,Saccharopolyspora erythraea,Actinobacteria (class),Actinomycetales,Pseudonocardiaceae,trypsin,
432990,gi|432990|AAA68986__not vertebrate|cold|Lucilia cuprina|Insecta|Diptera|Calliphoridae|chymotrypsin|,not vertebrate|cold|Lucilia cuprina|Insecta|Diptera|Calliphoridae|chymotrypsin|,not vertebrate,cold,Lucilia cuprina,Insecta,Diptera,Calliphoridae,chymotrypsin,
74143628__vertebrate,gi|74143628__vertebrate|warm|Mus musculus|Mammalia|Rodentia|Muridae|ELSE|,vertebrate|warm|Mus musculus|Mammalia|Rodentia|Muridae|ELSE|,vertebrate,warm,Mus musculus,Mammalia,Rodentia,Muridae,ELSE,
57032953,gi|57032953|AAH88892__vertebrate|cold|Xenopus tropicalis|Amphibia|Anura|Pipidae|ELSE|,vertebrate|cold|Xenopus tropicalis|Amphibia|Anura|Pipidae|ELSE|,vertebrate,cold,Xenopus tropicalis,Amphibia,Anura,Pipidae,ELSE,
1041927,gi|1041927|AAB34914__not vertebrate|cold|Agelenopsis aperta|Arachnida|Araneae|Agelenidae|peptide isomerase|,not vertebrate|cold|Agelenopsis aperta|Arachnida|Araneae|Agelenidae|peptide isomerase|,not vertebrate,cold,Agelenopsis aperta,Arachnida,Araneae,Agelenidae,peptide isomerase,
63207768,gi|63207768|AAV91457__not vertebrate|cold|Lonomia obliqua|Insecta|Lepidoptera|Saturniidae|ELSE|,not vertebrate|cold|Lonomia obliqua|Insecta|Lepidoptera|Saturniidae|ELSE|,not vertebrate,cold,Lonomia obliqua,Insecta,Lepidoptera,Saturniidae,ELSE,
90855719,gi|90855719|ABE01221__not vertebrate|cold|Drosophila melanogaster|Insecta|Diptera|Drosophilidae|ELSE|,not vertebrate|cold|Drosophila melanogaster|Insecta|Diptera|Drosophilidae|ELSE|,not vertebrate,cold,Drosophila melanogaster,Insecta,Diptera,Drosophilidae,ELSE,
4530044,gi|4530044|AAD21831__not vertebrate|cold|Ctenocephalides felis|Insecta|Siphonaptera|Pulicidae|chymotrypsin|,not vertebrate|cold|Ctenocephalides felis|Insecta|Siphonaptera|Pulicidae|chymotrypsin|,not vertebrate,cold,Ctenocephalides felis,Insecta,Siphonaptera,Pulicidae,chymotrypsin,
91079312__not vertebrate,gi|91079312__not vertebrate|cold|Tribolium castaneum|Insecta|Coleoptera|Tenebrionidae|ELSE|,not vertebrate|cold|Tribolium castaneum|Insecta|Coleoptera|Tenebrionidae|ELSE|,not vertebrate,cold,Tribolium castaneum,Insecta,Coleoptera,Tenebrionidae,ELSE,
54640823,gi|54640823|EAL29574__not vertebrate|cold|drosophila pseudoobscura|Insecta|Diptera|Drosophilidae|ELSE|,not vertebrate|cold|drosophila pseudoobscura|Insecta|Diptera|Drosophilidae|ELSE|,not vertebrate,cold,drosophila pseudoobscura,Insecta,Diptera,Drosophilidae,ELSE,
51259721,gi|51259721|AAH79519__vertebrate|cold|danio rerio|Actinopterygii|Cypriniformes|Cyprinidae|ELSE|,vertebrate|cold|danio rerio|Actinopterygii|Cypriniformes|Cyprinidae|ELSE|,vertebrate,cold,danio rerio,Actinopterygii,Cypriniformes,Cyprinidae,ELSE,
4530038,gi|4530038|AAD21828__not vertebrate|cold|Ctenocephalides felis|Insecta|Siphonaptera|Pulicidae|chymotrypsin|,not vertebrate|cold|Ctenocephalides felis|Insecta|Siphonaptera|Pulicidae|chymotrypsin|,not vertebrate,cold,Ctenocephalides felis,Insecta,Siphonaptera,Pulicidae,chymotrypsin,
91084803__not vertebrate,gi|91084803__not vertebrate|cold|Tribolium castaneum|Insecta|Coleoptera|Tenebrionidae|ELSE|,not vertebrate|cold|Tribolium castaneum|Insecta|Coleoptera|Tenebrionidae|ELSE|,not vertebrate,cold,Tribolium castaneum,Insecta,Coleoptera,Tenebrionidae,ELSE,
11761890,gi|11761890|AAG40234__not vertebrate|cold|Biomphalaria glabrata|Gastropoda|Pulmonata|Planorbidae|ELSE|,not vertebrate|cold|Biomphalaria glabrata|Gastropoda|Pulmonata|Planorbidae|ELSE|,not vertebrate,cold,Biomphalaria glabrata,Gastropoda,Pulmonata,Planorbidae,ELSE,
74150766__vertebrate,gi|74150766__vertebrate|warm|Mus musculus|Mammalia|Rodentia|Muridae|ELSE|,vertebrate|warm|Mus musculus|Mammalia|Rodentia|Muridae|ELSE|,vertebrate,warm,Mus musculus,Mammalia,Rodentia,Muridae,ELSE,
62082411,gi|62082411|AAX62033__not vertebrate|cold|Ostrinia nubilalis|Insecta|Lepidoptera|Crambidae|trypsin|,not vertebrate|cold|Ostrinia nubilalis|Insecta|Lepidoptera|Crambidae|trypsin|,not vertebrate,cold,Ostrinia nubilalis,Insecta,Lepidoptera,Crambidae,trypsin,
14715474__not vertebrate,gi|14715474__not vertebrate|cold|synthetic construct|not applicable|not applicable|not applicable|ELSE|,not vertebrate|cold|synthetic construct|not applicable|not applicable|not applicable|ELSE|,not vertebrate,cold,synthetic construct,not applicable,not applicable,not applicable,ELSE,
50979246__vertebrate,gi|50979246__vertebrate|warm|Canis familiaris|Mammalia|Carnivora|Canidae|elastase|,vertebrate|warm|Canis familiaris|Mammalia|Carnivora|Canidae|elastase|,vertebrate,warm,Canis familiaris,Mammalia,Carnivora,Canidae,elastase,
4530036,gi|4530036|AAD21827__not vertebrate|cold|Ctenocephalides felis|Insecta|Siphonaptera|Pulicidae|chymotrypsin|,not vertebrate|cold|Ctenocephalides felis|Insecta|Siphonaptera|Pulicidae|chymotrypsin|,not vertebrate,cold,Ctenocephalides felis,Insecta,Siphonaptera,Pulicidae,chymotrypsin,
51094370,gi|51094370|AAT95353__not vertebrate|cold|Sesamia nonagrioides|Insecta|Lepidoptera|Noctuidae|trypsin|,not vertebrate|cold|Sesamia nonagrioides|Insecta|Lepidoptera|Noctuidae|trypsin|,not vertebrate,cold,Sesamia nonagrioides,Insecta,Lepidoptera,Noctuidae,trypsin,
49472802,gi|49472802|AAT66250__not vertebrate|cold|Mayetiola destructor|Insecta|Diptera|Cecidomyiidae|chymotrypsin|,not vertebrate|cold|Mayetiola destructor|Insecta|Diptera|Cecidomyiidae|chymotrypsin|,not vertebrate,cold,Mayetiola destructor,Insecta,Diptera,Cecidomyiidae,chymotrypsin,
47216251__vertebrate,gi|47216251__vertebrate|cold|tetraodon nigroviridis|Actinopterygii|Tetraodontiformes|Tetraodontidae|ELSE|,vertebrate|cold|tetraodon nigroviridis|Actinopterygii|Tetraodontiformes|Tetraodontidae|ELSE|,vertebrate,cold,tetraodon nigroviridis,Actinopterygii,Tetraodontiformes,Tetraodontidae,ELSE,
136430,gi|136430|P24664__bacteria|cold|Saccharopolyspora erythraea|Actinobacteria (class)|Actinomycetales|Pseudonocardiaceae|trypsin|,bacteria|cold|Saccharopolyspora erythraea|Actinobacteria (class)|Actinomycetales|Pseudonocardiaceae|trypsin|,bacteria,cold,Saccharopolyspora erythraea,Actinobacteria (class),Actinomycetales,Pseudonocardiaceae,trypsin,
55239311,gi|55239311|EAA11670__not vertebrate|cold|anopheles gambiae str. pest|Insecta|Diptera|Culicidae|ELSE|,not vertebrate|cold|anopheles gambiae str. pest|Insecta|Diptera|Culicidae|ELSE|,not vertebrate,cold,anopheles gambiae str. pest,Insecta,Diptera,Culicidae,ELSE,
89266985__vertebrate,gi|89266985__vertebrate|cold|Xenopus tropicalis|Amphibia|Anura|Pipidae|trypsin|,vertebrate|cold|Xenopus tropicalis|Amphibia|Anura|Pipidae|trypsin|,vertebrate,cold,Xenopus tropicalis,Amphibia,Anura,Pipidae,trypsin,
404365,gi|404365|AAB27568__fungi|cold|Fusarium oxysporum|Sordariomycetes|Hypocreales|no record|trypsin|,fungi|cold|Fusarium oxysporum|Sordariomycetes|Hypocreales|no record|trypsin|,fungi,cold,Fusarium oxysporum,Sordariomycetes,Hypocreales,no record,trypsin,
34364940__vertebrate,gi|34364940__vertebrate|warm|Homo sapiens|Mammalia|Primates|Hominidae|ELSE|,vertebrate|warm|Homo sapiens|Mammalia|Primates|Hominidae|ELSE|,vertebrate,warm,Homo sapiens,Mammalia,Primates,Hominidae,ELSE,
55234764,gi|55234764|EAA00290__not vertebrate|cold|anopheles gambiae str. pest|Insecta|Diptera|Culicidae|ELSE|,not vertebrate|cold|anopheles gambiae str. pest|Insecta|Diptera|Culicidae|ELSE|,not vertebrate,cold,anopheles gambiae str. pest,Insecta,Diptera,Culicidae,ELSE,
51094386,gi|51094386|AAT95361__not vertebrate|cold|Sesamia nonagrioides|Insecta|Lepidoptera|Noctuidae|trypsin|,not vertebrate|cold|Sesamia nonagrioides|Insecta|Lepidoptera|Noctuidae|trypsin|,not vertebrate,cold,Sesamia nonagrioides,Insecta,Lepidoptera,Noctuidae,trypsin,
45550412__not vertebrate,gi|45550412__not vertebrate|cold|drosophila melanogaster|Insecta|Diptera|Drosophilidae|ELSE|,not vertebrate|cold|drosophila melanogaster|Insecta|Diptera|Drosophilidae|ELSE|,not vertebrate,cold,drosophila melanogaster,Insecta,Diptera,Drosophilidae,ELSE,
55242222,gi|55242222|EAA07516__not vertebrate|cold|anopheles gambiae str. pest|Insecta|Diptera|Culicidae|ELSE|,not vertebrate|cold|anopheles gambiae str. pest|Insecta|Diptera|Culicidae|ELSE|,not vertebrate,cold,anopheles gambiae str. pest,Insecta,Diptera,Culicidae,ELSE,
54640835,gi|54640835|EAL29586__not vertebrate|cold|drosophila pseudoobscura|Insecta|Diptera|Drosophilidae|ELSE|,not vertebrate|cold|drosophila pseudoobscura|Insecta|Diptera|Drosophilidae|ELSE|,not vertebrate,cold,drosophila pseudoobscura,Insecta,Diptera,Drosophilidae,ELSE,
28574602__not vertebrate,gi|28574602__not vertebrate|cold|drosophila melanogaster|Insecta|Diptera|Drosophilidae|ELSE|,not vertebrate|cold|drosophila melanogaster|Insecta|Diptera|Drosophilidae|ELSE|,not vertebrate,cold,drosophila melanogaster,Insecta,Diptera,Drosophilidae,ELSE,
55237417,gi|55237417|EAL39603__not vertebrate|cold|anopheles gambiae str. pest|Insecta|Diptera|Culicidae|ELSE|,not vertebrate|cold|anopheles gambiae str. pest|Insecta|Diptera|Culicidae|ELSE|,not vertebrate,cold,anopheles gambiae str. pest,Insecta,Diptera,Culicidae,ELSE,
27527942__vertebrate,gi|27527942__vertebrate|warm|Rattus norvegicus|Mammalia|Rodentia|Muridae|masp-3|,vertebrate|warm|Rattus norvegicus|Mammalia|Rodentia|Muridae|masp-3|,vertebrate,warm,Rattus norvegicus,Mammalia,Rodentia,Muridae,masp-3,
31745576,gi|31745576|AAP57077__not vertebrate|cold|Dermatophagoides pteronyssinus|Arachnida|Astigmata|Pyroglyphidae|not trypsin|,not vertebrate|cold|Dermatophagoides pteronyssinus|Arachnida|Astigmata|Pyroglyphidae|not trypsin|,not vertebrate,cold,Dermatophagoides pteronyssinus,Arachnida,Astigmata,Pyroglyphidae,not trypsin,
24645304__not vertebrate,gi|24645304__not vertebrate|cold|drosophila melanogaster|Insecta|Diptera|Drosophilidae|ELSE|,not vertebrate|cold|drosophila melanogaster|Insecta|Diptera|Drosophilidae|ELSE|,not vertebrate,cold,drosophila melanogaster,Insecta,Diptera,Drosophilidae,ELSE,
56118069,gi|56118069|AAV73910__vertebrate|cold|Gadus morhua|Actinopterygii|Gadiformes|Gadidae|granzyme|ak,vertebrate|cold|Gadus morhua|Actinopterygii|Gadiformes|Gadidae|granzyme|ak,vertebrate,cold,Gadus morhua,Actinopterygii,Gadiformes,Gadidae,granzyme,ak
54643748,gi|54643748|EAL32491__not vertebrate|cold|drosophila pseudoobscura|Insecta|Diptera|Drosophilidae|ELSE|,not vertebrate|cold|drosophila pseudoobscura|Insecta|Diptera|Drosophilidae|ELSE|,not vertebrate,cold,drosophila pseudoobscura,Insecta,Diptera,Drosophilidae,ELSE,
16716591__vertebrate,gi|16716591__vertebrate|warm|Mus musculus|Mammalia|Rodentia|Muridae|ELSE|,vertebrate|warm|Mus musculus|Mammalia|Rodentia|Muridae|ELSE|,vertebrate,warm,Mus musculus,Mammalia,Rodentia,Muridae,ELSE,
24660230__not vertebrate,gi|24660230__not vertebrate|cold|drosophila melanogaster|Insecta|Diptera|Drosophilidae|ELSE|,not vertebrate|cold|drosophila melanogaster|Insecta|Diptera|Drosophilidae|ELSE|,not vertebrate,cold,drosophila melanogaster,Insecta,Diptera,Drosophilidae,ELSE,
66772069,gi|66772069|AAY55346__not vertebrate|cold|Drosophila melanogaster|Insecta|Diptera|Drosophilidae|ELSE|,not vertebrate|cold|Drosophila melanogaster|Insecta|Diptera|Drosophilidae|ELSE|,not vertebrate,cold,Drosophila melanogaster,Insecta,Diptera,Drosophilidae,ELSE,
91092550__not vertebrate,gi|91092550__not vertebrate|cold|Tribolium castaneum|Insecta|Coleoptera|Tenebrionidae|ELSE|,not vertebrate|cold|Tribolium castaneum|Insecta|Coleoptera|Tenebrionidae|ELSE|,not vertebrate,cold,Tribolium castaneum,Insecta,Coleoptera,Tenebrionidae,ELSE,
48526092,gi|48526092|AAT45247__vertebrate|cold|Sparus aurata|Actinopterygii|Perciformes|Sparidae|ELSE|,vertebrate|cold|Sparus aurata|Actinopterygii|Perciformes|Sparidae|ELSE|,vertebrate,cold,Sparus aurata,Actinopterygii,Perciformes,Sparidae,ELSE,
54643915,gi|54643915|EAL32658__not vertebrate|cold|drosophila pseudoobscura|Insecta|Diptera|Drosophilidae|ELSE|,not vertebrate|cold|drosophila pseudoobscura|Insecta|Diptera|Drosophilidae|ELSE|,not vertebrate,cold,drosophila pseudoobscura,Insecta,Diptera,Drosophilidae,ELSE,
94733970__vertebrate,gi|94733970__vertebrate|cold|Danio rerio|Actinopterygii|Cypriniformes|Cyprinidae|not trypsin|,vertebrate|cold|Danio rerio|Actinopterygii|Cypriniformes|Cyprinidae|not trypsin|,vertebrate,cold,Danio rerio,Actinopterygii,Cypriniformes,Cyprinidae,not trypsin,
91092576__not vertebrate,gi|91092576__not vertebrate|cold|Tribolium castaneum|Insecta|Coleoptera|Tenebrionidae|ELSE|,not vertebrate|cold|Tribolium castaneum|Insecta|Coleoptera|Tenebrionidae|ELSE|,not vertebrate,cold,Tribolium castaneum,Insecta,Coleoptera,Tenebrionidae,ELSE,
83952494__bacteria,gi|83952494__bacteria|cold|Roseovarius nubinhibens ISM|Alphaproteobacteria|Rhodobacterales|Rhodobacteraceae|trypsin|,bacteria|cold|Roseovarius nubinhibens ISM|Alphaproteobacteria|Rhodobacterales|Rhodobacteraceae|trypsin|,bacteria,cold,Roseovarius nubinhibens ISM,Alphaproteobacteria,Rhodobacterales,Rhodobacteraceae,trypsin,
24061836,gi|24061836|AAN39849__vertebrate|warm|Mus musculus|Mammalia|Rodentia|Muridae|masp-3|,vertebrate|warm|Mus musculus|Mammalia|Rodentia|Muridae|masp-3|,vertebrate,warm,Mus musculus,Mammalia,Rodentia,Muridae,masp-3,
91083173__not vertebrate,gi|91083173__not vertebrate|cold|Tribolium castaneum|Insecta|Coleoptera|Tenebrionidae|ELSE|,not vertebrate|cold|Tribolium castaneum|Insecta|Coleoptera|Tenebrionidae|ELSE|,not vertebrate,cold,Tribolium castaneum,Insecta,Coleoptera,Tenebrionidae,ELSE,
33772619,gi|33772619|AAP12676__not vertebrate|cold|Lygus lineolaris|Insecta|Hemiptera|Miridae|trypsin|,not vertebrate|cold|Lygus lineolaris|Insecta|Hemiptera|Miridae|trypsin|,not vertebrate,cold,Lygus lineolaris,Insecta,Hemiptera,Miridae,trypsin,
27820083,gi|27820083|AAL68188__not vertebrate|cold|Drosophila melanogaster|Insecta|Diptera|Drosophilidae|ELSE|,not vertebrate|cold|Drosophila melanogaster|Insecta|Diptera|Drosophilidae|ELSE|,not vertebrate,cold,Drosophila melanogaster,Insecta,Diptera,Drosophilidae,ELSE,
47223401__vertebrate,gi|47223401__vertebrate|cold|tetraodon nigroviridis|Actinopterygii|Tetraodontiformes|Tetraodontidae|ELSE|,vertebrate|cold|tetraodon nigroviridis|Actinopterygii|Tetraodontiformes|Tetraodontidae|ELSE|,vertebrate,cold,tetraodon nigroviridis,Actinopterygii,Tetraodontiformes,Tetraodontidae,ELSE,
91085343__not vertebrate,gi|91085343__not vertebrate|cold|Tribolium castaneum|Insecta|Coleoptera|Tenebrionidae|ELSE|,not vertebrate|cold|Tribolium castaneum|Insecta|Coleoptera|Tenebrionidae|ELSE|,not vertebrate,cold,Tribolium castaneum,Insecta,Coleoptera,Tenebrionidae,ELSE,
91084807__not vertebrate,gi|91084807__not vertebrate|cold|Tribolium castaneum|Insecta|Coleoptera|Tenebrionidae|ELSE|,not vertebrate|cold|Tribolium castaneum|Insecta|Coleoptera|Tenebrionidae|ELSE|,not vertebrate,cold,Tribolium castaneum,Insecta,Coleoptera,Tenebrionidae,ELSE,
66267345,gi|66267345|AAH95714__vertebrate|cold|danio rerio|Actinopterygii|Cypriniformes|Cyprinidae|ELSE|,vertebrate|cold|danio rerio|Actinopterygii|Cypriniformes|Cyprinidae|ELSE|,vertebrate,cold,danio rerio,Actinopterygii,Cypriniformes,Cyprinidae,ELSE,
33338358,gi|33338358|AAQ13828__not vertebrate|cold|Lumbricus rubellus|Oligochaeta|Haplotaxida|Lumbricidae|ELSE|,not vertebrate|cold|Lumbricus rubellus|Oligochaeta|Haplotaxida|Lumbricidae|ELSE|,not vertebrate,cold,Lumbricus rubellus,Oligochaeta,Haplotaxida,Lumbricidae,ELSE,
55233953,gi|55233953|EAA01098__not vertebrate|cold|anopheles gambiae str. pest|Insecta|Diptera|Culicidae|ELSE|,not vertebrate|cold|anopheles gambiae str. pest|Insecta|Diptera|Culicidae|ELSE|,not vertebrate,cold,anopheles gambiae str. pest,Insecta,Diptera,Culicidae,ELSE,
1906316__not vertebrate,gi|1906316__not vertebrate|cold|Botryllus schlosseri|Ascidiacea|Stolidobranchia|Botryllidae|trypsin|,not vertebrate|cold|Botryllus schlosseri|Ascidiacea|Stolidobranchia|Botryllidae|trypsin|,not vertebrate,cold,Botryllus schlosseri,Ascidiacea,Stolidobranchia,Botryllidae,trypsin,
91093949__not vertebrate,gi|91093949__not vertebrate|cold|Tribolium castaneum|Insecta|Coleoptera|Tenebrionidae|ELSE|,not vertebrate|cold|Tribolium castaneum|Insecta|Coleoptera|Tenebrionidae|ELSE|,not vertebrate,cold,Tribolium castaneum,Insecta,Coleoptera,Tenebrionidae,ELSE,
55241107,gi|55241107|EAL40606__not vertebrate|cold|anopheles gambiae str. pest|Insecta|Diptera|Culicidae|ELSE|,not vertebrate|cold|anopheles gambiae str. pest|Insecta|Diptera|Culicidae|ELSE|,not vertebrate,cold,anopheles gambiae str. pest,Insecta,Diptera,Culicidae,ELSE,
24647615__not vertebrate,gi|24647615__not vertebrate|cold|drosophila melanogaster|Insecta|Diptera|Drosophilidae|ELSE|,not vertebrate|cold|drosophila melanogaster|Insecta|Diptera|Drosophilidae|ELSE|,not vertebrate,cold,drosophila melanogaster,Insecta,Diptera,Drosophilidae,ELSE,
4885369__vertebrate,gi|4885369__vertebrate|warm|Homo sapiens|Mammalia|Primates|Hominidae|granzyme|m,vertebrate|warm|Homo sapiens|Mammalia|Primates|Hominidae|granzyme|m,vertebrate,warm,Homo sapiens,Mammalia,Primates,Hominidae,granzyme,m
91092558__not vertebrate,gi|91092558__not vertebrate|cold|Tribolium castaneum|Insecta|Coleoptera|Tenebrionidae|ELSE|,not vertebrate|cold|Tribolium castaneum|Insecta|Coleoptera|Tenebrionidae|ELSE|,not vertebrate,cold,Tribolium castaneum,Insecta,Coleoptera,Tenebrionidae,ELSE,
3153855,gi|3153855|AAC36248__not vertebrate|cold|Plodia interpunctella|Insecta|Lepidoptera|Pyralidae|trypsin|,not vertebrate|cold|Plodia interpunctella|Insecta|Lepidoptera|Pyralidae|trypsin|,not vertebrate,cold,Plodia interpunctella,Insecta,Lepidoptera,Pyralidae,trypsin,
91084919__not vertebrate,gi|91084919__not vertebrate|cold|Tribolium castaneum|Insecta|Coleoptera|Tenebrionidae|kallikrein|,not vertebrate|cold|Tribolium castaneum|Insecta|Coleoptera|Tenebrionidae|kallikrein|,not vertebrate,cold,Tribolium castaneum,Insecta,Coleoptera,Tenebrionidae,kallikrein,
54636737,gi|54636737|EAL26140__not vertebrate|cold|drosophila pseudoobscura|Insecta|Diptera|Drosophilidae|ELSE|,not vertebrate|cold|drosophila pseudoobscura|Insecta|Diptera|Drosophilidae|ELSE|,not vertebrate,cold,drosophila pseudoobscura,Insecta,Diptera,Drosophilidae,ELSE,
71998892__not vertebrate,gi|71998892__not vertebrate|cold|caenorhabditis elegans|Chromadorea|Rhabditida|Rhabditidae|ELSE|,not vertebrate|cold|caenorhabditis elegans|Chromadorea|Rhabditida|Rhabditidae|ELSE|,not vertebrate,cold,caenorhabditis elegans,Chromadorea,Rhabditida,Rhabditidae,ELSE,
91092564__not vertebrate,gi|91092564__not vertebrate|cold|Tribolium castaneum|Insecta|Coleoptera|Tenebrionidae|ELSE|,not vertebrate|cold|Tribolium castaneum|Insecta|Coleoptera|Tenebrionidae|ELSE|,not vertebrate,cold,Tribolium castaneum,Insecta,Coleoptera,Tenebrionidae,ELSE,
24660236__not vertebrate,gi|24660236__not vertebrate|cold|drosophila melanogaster|Insecta|Diptera|Drosophilidae|ELSE|,not vertebrate|cold|drosophila melanogaster|Insecta|Diptera|Drosophilidae|ELSE|,not vertebrate,cold,drosophila melanogaster,Insecta,Diptera,Drosophilidae,ELSE,
56091__vertebrate,gi|56091__vertebrate|warm|Rattus rattus|Mammalia|Rodentia|Muridae|elastase|,vertebrate|warm|Rattus rattus|Mammalia|Rodentia|Muridae|elastase|,vertebrate,warm,Rattus rattus,Mammalia,Rodentia,Muridae,elastase,
56418391,gi|56418391|AAV91003__not vertebrate|cold|Manduca sexta|Insecta|Lepidoptera|Sphingidae|ELSE|,not vertebrate|cold|Manduca sexta|Insecta|Lepidoptera|Sphingidae|ELSE|,not vertebrate,cold,Manduca sexta,Insecta,Lepidoptera,Sphingidae,ELSE,
24656612__not vertebrate,gi|24656612__not vertebrate|cold|drosophila melanogaster|Insecta|Diptera|Drosophilidae|ELSE|,not vertebrate|cold|drosophila melanogaster|Insecta|Diptera|Drosophilidae|ELSE|,not vertebrate,cold,drosophila melanogaster,Insecta,Diptera,Drosophilidae,ELSE,
42601423,gi|42601423|AAS21446__not vertebrate|cold|Oikopleura dioica|Appendicularia|no record|Oikopleuridae|trypsin|,not vertebrate|cold|Oikopleura dioica|Appendicularia|no record|Oikopleuridae|trypsin|,not vertebrate,cold,Oikopleura dioica,Appendicularia,no record,Oikopleuridae,trypsin,
66771779,gi|66771779|AAY55201__not vertebrate|cold|Drosophila melanogaster|Insecta|Diptera|Drosophilidae|ELSE|,not vertebrate|cold|Drosophila melanogaster|Insecta|Diptera|Drosophilidae|ELSE|,not vertebrate,cold,Drosophila melanogaster,Insecta,Diptera,Drosophilidae,ELSE,
55244231,gi|55244231|EAA05690__not vertebrate|cold|anopheles gambiae str. pest|Insecta|Diptera|Culicidae|ELSE|,not vertebrate|cold|anopheles gambiae str. pest|Insecta|Diptera|Culicidae|ELSE|,not vertebrate,cold,anopheles gambiae str. pest,Insecta,Diptera,Culicidae,ELSE,
54644774,gi|54644774|EAL33514__not vertebrate|cold|drosophila pseudoobscura|Insecta|Diptera|Drosophilidae|ELSE|,not vertebrate|cold|drosophila pseudoobscura|Insecta|Diptera|Drosophilidae|ELSE|,not vertebrate,cold,drosophila pseudoobscura,Insecta,Diptera,Drosophilidae,ELSE,
24642609__not vertebrate,gi|24642609__not vertebrate|cold|drosophila melanogaster|Insecta|Diptera|Drosophilidae|ELSE|,not vertebrate|cold|drosophila melanogaster|Insecta|Diptera|Drosophilidae|ELSE|,not vertebrate,cold,drosophila melanogaster,Insecta,Diptera,Drosophilidae,ELSE,
37182097,gi|37182097|AAQ88851__vertebrate|warm|Homo sapiens|Mammalia|Primates|Hominidae|ELSE|,vertebrate|warm|Homo sapiens|Mammalia|Primates|Hominidae|ELSE|,vertebrate,warm,Homo sapiens,Mammalia,Primates,Hominidae,ELSE,
41057924,gi|41057924|AAR98919__not vertebrate|cold|Ostrinia nubilalis|Insecta|Lepidoptera|Crambidae|trypsin|,not vertebrate|cold|Ostrinia nubilalis|Insecta|Lepidoptera|Crambidae|trypsin|,not vertebrate,cold,Ostrinia nubilalis,Insecta,Lepidoptera,Crambidae,trypsin,
47078376,gi|47078376|AAT09849__not vertebrate|cold|Anthonomus grandis|Insecta|Coleoptera|Curculionidae|chymotrypsin|,not vertebrate|cold|Anthonomus grandis|Insecta|Coleoptera|Curculionidae|chymotrypsin|,not vertebrate,cold,Anthonomus grandis,Insecta,Coleoptera,Curculionidae,chymotrypsin,
62722883,gi|62722883|AAX94742__not vertebrate|cold|Anopheles culicifacies|Insecta|Diptera|Culicidae|ELSE|,not vertebrate|cold|Anopheles culicifacies|Insecta|Diptera|Culicidae|ELSE|,not vertebrate,cold,Anopheles culicifacies,Insecta,Diptera,Culicidae,ELSE,
24658934__not vertebrate,gi|24658934__not vertebrate|cold|drosophila melanogaster|Insecta|Diptera|Drosophilidae|ELSE|,not vertebrate|cold|drosophila melanogaster|Insecta|Diptera|Drosophilidae|ELSE|,not vertebrate,cold,drosophila melanogaster,Insecta,Diptera,Drosophilidae,ELSE,
83763963__not vertebrate,gi|83763963__not vertebrate|cold|Drosophila simulans|Insecta|Diptera|Drosophilidae|ELSE|,not vertebrate|cold|Drosophila simulans|Insecta|Diptera|Drosophilidae|ELSE|,not vertebrate,cold,Drosophila simulans,Insecta,Diptera,Drosophilidae,ELSE,
91077976__not vertebrate,gi|91077976__not vertebrate|cold|Tribolium castaneum|Insecta|Coleoptera|Tenebrionidae|ELSE|,not vertebrate|cold|Tribolium castaneum|Insecta|Coleoptera|Tenebrionidae|ELSE|,not vertebrate,cold,Tribolium castaneum,Insecta,Coleoptera,Tenebrionidae,ELSE,
54636948,gi|54636948|EAL26351__not vertebrate|cold|drosophila pseudoobscura|Insecta|Diptera|Drosophilidae|ELSE|,not vertebrate|cold|drosophila pseudoobscura|Insecta|Diptera|Drosophilidae|ELSE|,not vertebrate,cold,drosophila pseudoobscura,Insecta,Diptera,Drosophilidae,ELSE,
56809543,gi|56809543|AAW31593__fungi|cold|Zoophthora radicans|Zygomycetes|Entomophthorales|Entomophthoraceae|trypsin|,fungi|cold|Zoophthora radicans|Zygomycetes|Entomophthorales|Entomophthoraceae|trypsin|,fungi,cold,Zoophthora radicans,Zygomycetes,Entomophthorales,Entomophthoraceae,trypsin,
91086541__not vertebrate,gi|91086541__not vertebrate|cold|Tribolium castaneum|Insecta|Coleoptera|Tenebrionidae|ELSE|,not vertebrate|cold|Tribolium castaneum|Insecta|Coleoptera|Tenebrionidae|ELSE|,not vertebrate,cold,Tribolium castaneum,Insecta,Coleoptera,Tenebrionidae,ELSE,
21292098,gi|21292098|EAA04243__not vertebrate|cold|anopheles gambiae str. pest|Insecta|Diptera|Culicidae|ELSE|,not vertebrate|cold|anopheles gambiae str. pest|Insecta|Diptera|Culicidae|ELSE|,not vertebrate,cold,anopheles gambiae str. pest,Insecta,Diptera,Culicidae,ELSE,
27373053,gi|27373053|AAO12213__not vertebrate|cold|Aurelia aurita|Scyphozoa|Semaeostomeae|Ulmaridae|ELSE|,not vertebrate|cold|Aurelia aurita|Scyphozoa|Semaeostomeae|Ulmaridae|ELSE|,not vertebrate,cold,Aurelia aurita,Scyphozoa,Semaeostomeae,Ulmaridae,ELSE,
94468410,gi|94468410|ABF18054__not vertebrate|cold|Aedes aegypti|Insecta|Diptera|Culicidae|chymotrypsin|,not vertebrate|cold|Aedes aegypti|Insecta|Diptera|Culicidae|chymotrypsin|,not vertebrate,cold,Aedes aegypti,Insecta,Diptera,Culicidae,chymotrypsin,
55236655,gi|55236655|EAA13597__not vertebrate|cold|anopheles gambiae str. pest|Insecta|Diptera|Culicidae|ELSE|,not vertebrate|cold|anopheles gambiae str. pest|Insecta|Diptera|Culicidae|ELSE|,not vertebrate,cold,anopheles gambiae str. pest,Insecta,Diptera,Culicidae,ELSE,
21406635,gi|21406635|AAL48572__not vertebrate|cold|Drosophila melanogaster|Insecta|Diptera|Drosophilidae|ELSE|,not vertebrate|cold|Drosophila melanogaster|Insecta|Diptera|Drosophilidae|ELSE|,not vertebrate,cold,Drosophila melanogaster,Insecta,Diptera,Drosophilidae,ELSE,
37654714,gi|37654714|AAQ96651__not vertebrate|cold|Branchiostoma belcheri tsingtaunese|Cephalochordata|no record|Branchiostomidae|elastase|,not vertebrate|cold|Branchiostoma belcheri tsingtaunese|Cephalochordata|no record|Branchiostomidae|elastase|,not vertebrate,cold,Branchiostoma belcheri tsingtaunese,Cephalochordata,no record,Branchiostomidae,elastase,
72049854__not vertebrate,gi|72049854__not vertebrate|cold|Strongylocentrotus purpuratus|Echinozoa|Echinoidea|Strongylocentrotidae|ELSE|,not vertebrate|cold|Strongylocentrotus purpuratus|Echinozoa|Echinoidea|Strongylocentrotidae|ELSE|,not vertebrate,cold,Strongylocentrotus purpuratus,Echinozoa,Echinoidea,Strongylocentrotidae,ELSE,
498299__bacteria,gi|498299__bacteria|cold|Streptomyces fradiae|Actinobacteria (class)|Actinomycetales|Streptomycetaceae|trypsin|,bacteria|cold|Streptomyces fradiae|Actinobacteria (class)|Actinomycetales|Streptomycetaceae|trypsin|,bacteria,cold,Streptomyces fradiae,Actinobacteria (class),Actinomycetales,Streptomycetaceae,trypsin,
24667793__not vertebrate,gi|24667793__not vertebrate|cold|drosophila melanogaster|Insecta|Diptera|Drosophilidae|ELSE|,not vertebrate|cold|drosophila melanogaster|Insecta|Diptera|Drosophilidae|ELSE|,not vertebrate,cold,drosophila melanogaster,Insecta,Diptera,Drosophilidae,ELSE,
24581087__not vertebrate,gi|24581087__not vertebrate|cold|drosophila melanogaster|Insecta|Diptera|Drosophilidae|ELSE|,not vertebrate|cold|drosophila melanogaster|Insecta|Diptera|Drosophilidae|ELSE|,not vertebrate,cold,drosophila melanogaster,Insecta,Diptera,Drosophilidae,ELSE,
3288964,gi|3288964|AAC25596__not vertebrate|cold|Diaprepes abbreviatus|Insecta|Coleoptera|Curculionidae|trypsin|,not vertebrate|cold|Diaprepes abbreviatus|Insecta|Coleoptera|Curculionidae|trypsin|,not vertebrate,cold,Diaprepes abbreviatus,Insecta,Coleoptera,Curculionidae,trypsin,
76779764,gi|76779764|AAI06388__vertebrate|cold|Xenopus laevis|Amphibia|Anura|Pipidae|ELSE|,vertebrate|cold|Xenopus laevis|Amphibia|Anura|Pipidae|ELSE|,vertebrate,cold,Xenopus laevis,Amphibia,Anura,Pipidae,ELSE,
68432063__vertebrate,gi|68432063__vertebrate|cold|Danio rerio|Actinopterygii|Cypriniformes|Cyprinidae|enteropeptidase|,vertebrate|cold|Danio rerio|Actinopterygii|Cypriniformes|Cyprinidae|enteropeptidase|,vertebrate,cold,Danio rerio,Actinopterygii,Cypriniformes,Cyprinidae,enteropeptidase,
9892203,gi|9892203|AAF74752__not vertebrate|cold|Agrotis ipsilon|Insecta|Lepidoptera|Noctuidae|trypsin|,not vertebrate|cold|Agrotis ipsilon|Insecta|Lepidoptera|Noctuidae|trypsin|,not vertebrate,cold,Agrotis ipsilon,Insecta,Lepidoptera,Noctuidae,trypsin,
55237416,gi|55237416|EAA12630__not vertebrate|cold|anopheles gambiae str. pest|Insecta|Diptera|Culicidae|ELSE|,not vertebrate|cold|anopheles gambiae str. pest|Insecta|Diptera|Culicidae|ELSE|,not vertebrate,cold,anopheles gambiae str. pest,Insecta,Diptera,Culicidae,ELSE,
54637708,gi|54637708|EAL27110__not vertebrate|cold|drosophila pseudoobscura|Insecta|Diptera|Drosophilidae|ELSE|,not vertebrate|cold|drosophila pseudoobscura|Insecta|Diptera|Drosophilidae|ELSE|,not vertebrate,cold,drosophila pseudoobscura,Insecta,Diptera,Drosophilidae,ELSE,
298974,gi|298974|AAB26023__not vertebrate|cold|Bombyx mori|Insecta|Lepidoptera|Bombycidae|trypsin|,not vertebrate|cold|Bombyx mori|Insecta|Lepidoptera|Bombycidae|trypsin|,not vertebrate,cold,Bombyx mori,Insecta,Lepidoptera,Bombycidae,trypsin,
91083129__not vertebrate,gi|91083129__not vertebrate|cold|Tribolium castaneum|Insecta|Coleoptera|Tenebrionidae|ELSE|,not vertebrate|cold|Tribolium castaneum|Insecta|Coleoptera|Tenebrionidae|ELSE|,not vertebrate,cold,Tribolium castaneum,Insecta,Coleoptera,Tenebrionidae,ELSE,
91093018__not vertebrate,gi|91093018__not vertebrate|cold|Tribolium castaneum|Insecta|Coleoptera|Tenebrionidae|ELSE|,not vertebrate|cold|Tribolium castaneum|Insecta|Coleoptera|Tenebrionidae|ELSE|,not vertebrate,cold,Tribolium castaneum,Insecta,Coleoptera,Tenebrionidae,ELSE,
2707926__not vertebrate,gi|2707926__not vertebrate|cold|Lumbricus rubellus|Oligochaeta|Haplotaxida|Lumbricidae|chymotrypsin|,not vertebrate|cold|Lumbricus rubellus|Oligochaeta|Haplotaxida|Lumbricidae|chymotrypsin|,not vertebrate,cold,Lumbricus rubellus,Oligochaeta,Haplotaxida,Lumbricidae,chymotrypsin,
21299108,gi|21299108|EAA11253__not vertebrate|cold|anopheles gambiae str. pest|Insecta|Diptera|Culicidae|ELSE|,not vertebrate|cold|anopheles gambiae str. pest|Insecta|Diptera|Culicidae|ELSE|,not vertebrate,cold,anopheles gambiae str. pest,Insecta,Diptera,Culicidae,ELSE,
24656592__not vertebrate,gi|24656592__not vertebrate|cold|drosophila melanogaster|Insecta|Diptera|Drosophilidae|ELSE|,not vertebrate|cold|drosophila melanogaster|Insecta|Diptera|Drosophilidae|ELSE|,not vertebrate,cold,drosophila melanogaster,Insecta,Diptera,Drosophilidae,ELSE,
91081829__not vertebrate,gi|91081829__not vertebrate|cold|Tribolium castaneum|Insecta|Coleoptera|Tenebrionidae|ELSE|,not vertebrate|cold|Tribolium castaneum|Insecta|Coleoptera|Tenebrionidae|ELSE|,not vertebrate,cold,Tribolium castaneum,Insecta,Coleoptera,Tenebrionidae,ELSE,
54642083,gi|54642083|EAL30832__not vertebrate|cold|drosophila pseudoobscura|Insecta|Diptera|Drosophilidae|ELSE|,not vertebrate|cold|drosophila pseudoobscura|Insecta|Diptera|Drosophilidae|ELSE|,not vertebrate,cold,drosophila pseudoobscura,Insecta,Diptera,Drosophilidae,ELSE,
91092552__not vertebrate,gi|91092552__not vertebrate|cold|Tribolium castaneum|Insecta|Coleoptera|Tenebrionidae|ELSE|,not vertebrate|cold|Tribolium castaneum|Insecta|Coleoptera|Tenebrionidae|ELSE|,not vertebrate,cold,Tribolium castaneum,Insecta,Coleoptera,Tenebrionidae,ELSE,
2865613,gi|2865613|AAC02700__not vertebrate|cold|Anopheles gambiae|Insecta|Diptera|Culicidae|ELSE|,not vertebrate|cold|Anopheles gambiae|Insecta|Diptera|Culicidae|ELSE|,not vertebrate,cold,Anopheles gambiae,Insecta,Diptera,Culicidae,ELSE,
55238485,gi|55238485|EAA11803__not vertebrate|cold|anopheles gambiae str. pest|Insecta|Diptera|Culicidae|ELSE|,not vertebrate|cold|anopheles gambiae str. pest|Insecta|Diptera|Culicidae|ELSE|,not vertebrate,cold,anopheles gambiae str. pest,Insecta,Diptera,Culicidae,ELSE,
55241631,gi|55241631|EAA08404__not vertebrate|cold|anopheles gambiae str. pest|Insecta|Diptera|Culicidae|ELSE|,not vertebrate|cold|anopheles gambiae str. pest|Insecta|Diptera|Culicidae|ELSE|,not vertebrate,cold,anopheles gambiae str. pest,Insecta,Diptera,Culicidae,ELSE,
24650543__not vertebrate,gi|24650543__not vertebrate|cold|drosophila melanogaster|Insecta|Diptera|Drosophilidae|ELSE|,not vertebrate|cold|drosophila melanogaster|Insecta|Diptera|Drosophilidae|ELSE|,not vertebrate,cold,drosophila melanogaster,Insecta,Diptera,Drosophilidae,ELSE,
55245620,gi|55245620|EAL41838__not vertebrate|cold|anopheles gambiae str. pest|Insecta|Diptera|Culicidae|ELSE|,not vertebrate|cold|anopheles gambiae str. pest|Insecta|Diptera|Culicidae|ELSE|,not vertebrate,cold,anopheles gambiae str. pest,Insecta,Diptera,Culicidae,ELSE,
54637707,gi|54637707|EAL27109__not vertebrate|cold|drosophila pseudoobscura|Insecta|Diptera|Drosophilidae|ELSE|,not vertebrate|cold|drosophila pseudoobscura|Insecta|Diptera|Drosophilidae|ELSE|,not vertebrate,cold,drosophila pseudoobscura,Insecta,Diptera,Drosophilidae,ELSE,
21614533__vertebrate,gi|21614533__vertebrate|warm|Homo sapiens|Mammalia|Primates|Hominidae|testisin|,vertebrate|warm|Homo sapiens|Mammalia|Primates|Hominidae|testisin|,vertebrate,warm,Homo sapiens,Mammalia,Primates,Hominidae,testisin,
55238487,gi|55238487|EAL39889__not vertebrate|cold|anopheles gambiae str. pest|Insecta|Diptera|Culicidae|ELSE|,not vertebrate|cold|anopheles gambiae str. pest|Insecta|Diptera|Culicidae|ELSE|,not vertebrate,cold,anopheles gambiae str. pest,Insecta,Diptera,Culicidae,ELSE,
11136975__vertebrate,gi|11136975__vertebrate|warm|Homo sapiens|Mammalia|Primates|Hominidae|masp-2|,vertebrate|warm|Homo sapiens|Mammalia|Primates|Hominidae|masp-2|,vertebrate,warm,Homo sapiens,Mammalia,Primates,Hominidae,masp-2,
4210802__not vertebrate,gi|4210802__not vertebrate|cold|Phaedon cochleariae|Insecta|Coleoptera|Chrysomelidae|chymotrypsin|,not vertebrate|cold|Phaedon cochleariae|Insecta|Coleoptera|Chrysomelidae|chymotrypsin|,not vertebrate,cold,Phaedon cochleariae,Insecta,Coleoptera,Chrysomelidae,chymotrypsin,
91090612__not vertebrate,gi|91090612__not vertebrate|cold|Tribolium castaneum|Insecta|Coleoptera|Tenebrionidae|ELSE|,not vertebrate|cold|Tribolium castaneum|Insecta|Coleoptera|Tenebrionidae|ELSE|,not vertebrate,cold,Tribolium castaneum,Insecta,Coleoptera,Tenebrionidae,ELSE,
54637714,gi|54637714|EAL27116__not vertebrate|cold|drosophila pseudoobscura|Insecta|Diptera|Drosophilidae|ELSE|,not vertebrate|cold|drosophila pseudoobscura|Insecta|Diptera|Drosophilidae|ELSE|,not vertebrate,cold,drosophila pseudoobscura,Insecta,Diptera,Drosophilidae,ELSE,
66772613,gi|66772613|AAY55618__not vertebrate|cold|Drosophila melanogaster|Insecta|Diptera|Drosophilidae|ELSE|,not vertebrate|cold|Drosophila melanogaster|Insecta|Diptera|Drosophilidae|ELSE|,not vertebrate,cold,Drosophila melanogaster,Insecta,Diptera,Drosophilidae,ELSE,
91083971__not vertebrate,gi|91083971__not vertebrate|cold|Tribolium castaneum|Insecta|Coleoptera|Tenebrionidae|ELSE|,not vertebrate|cold|Tribolium castaneum|Insecta|Coleoptera|Tenebrionidae|ELSE|,not vertebrate,cold,Tribolium castaneum,Insecta,Coleoptera,Tenebrionidae,ELSE,
27820061,gi|27820061|AAL28271__not vertebrate|cold|Drosophila melanogaster|Insecta|Diptera|Drosophilidae|ELSE|,not vertebrate|cold|Drosophila melanogaster|Insecta|Diptera|Drosophilidae|ELSE|,not vertebrate,cold,Drosophila melanogaster,Insecta,Diptera,Drosophilidae,ELSE,
20151679,gi|20151679|AAM11199__not vertebrate|cold|Drosophila melanogaster|Insecta|Diptera|Drosophilidae|ELSE|,not vertebrate|cold|Drosophila melanogaster|Insecta|Diptera|Drosophilidae|ELSE|,not vertebrate,cold,Drosophila melanogaster,Insecta,Diptera,Drosophilidae,ELSE,
91095387__not vertebrate,gi|91095387__not vertebrate|cold|Tribolium castaneum|Insecta|Coleoptera|Tenebrionidae|ELSE|,not vertebrate|cold|Tribolium castaneum|Insecta|Coleoptera|Tenebrionidae|ELSE|,not vertebrate,cold,Tribolium castaneum,Insecta,Coleoptera,Tenebrionidae,ELSE,
55240582,gi|55240582|EAA09326__not vertebrate|cold|anopheles gambiae str. pest|Insecta|Diptera|Culicidae|ELSE|,not vertebrate|cold|anopheles gambiae str. pest|Insecta|Diptera|Culicidae|ELSE|,not vertebrate,cold,anopheles gambiae str. pest,Insecta,Diptera,Culicidae,ELSE,
55236538,gi|55236538|EAA13704__not vertebrate|cold|anopheles gambiae str. pest|Insecta|Diptera|Culicidae|ELSE|,not vertebrate|cold|anopheles gambiae str. pest|Insecta|Diptera|Culicidae|ELSE|,not vertebrate,cold,anopheles gambiae str. pest,Insecta,Diptera,Culicidae,ELSE,
91084917__not vertebrate,gi|91084917__not vertebrate|cold|Tribolium castaneum|Insecta|Coleoptera|Tenebrionidae|ELSE|,not vertebrate|cold|Tribolium castaneum|Insecta|Coleoptera|Tenebrionidae|ELSE|,not vertebrate,cold,Tribolium castaneum,Insecta,Coleoptera,Tenebrionidae,ELSE,
29828576__bacteria,gi|29828576__bacteria|cold|streptomyces avermitilis ma-4680|Actinobacteria (class)|Actinomycetales|Streptomycetaceae|trypsin|,bacteria|cold|streptomyces avermitilis ma-4680|Actinobacteria (class)|Actinomycetales|Streptomycetaceae|trypsin|,bacteria,cold,streptomyces avermitilis ma-4680,Actinobacteria (class),Actinomycetales,Streptomycetaceae,trypsin,
56789817,gi|56789817|AAH87878__vertebrate|warm|Mus musculus|Mammalia|Rodentia|Muridae|ELSE|,vertebrate|warm|Mus musculus|Mammalia|Rodentia|Muridae|ELSE|,vertebrate,warm,Mus musculus,Mammalia,Rodentia,Muridae,ELSE,
17946496,gi|17946496|AAL49280__not vertebrate|cold|Drosophila melanogaster|Insecta|Diptera|Drosophilidae|ELSE|,not vertebrate|cold|Drosophila melanogaster|Insecta|Diptera|Drosophilidae|ELSE|,not vertebrate,cold,Drosophila melanogaster,Insecta,Diptera,Drosophilidae,ELSE,
55234333,gi|55234333|EAL38692__not vertebrate|cold|anopheles gambiae str. pest|Insecta|Diptera|Culicidae|ELSE|,not vertebrate|cold|anopheles gambiae str. pest|Insecta|Diptera|Culicidae|ELSE|,not vertebrate,cold,anopheles gambiae str. pest,Insecta,Diptera,Culicidae,ELSE,
1906318__not vertebrate,gi|1906318__not vertebrate|cold|Botryllus schlosseri|Ascidiacea|Stolidobranchia|Botryllidae|trypsin|,not vertebrate|cold|Botryllus schlosseri|Ascidiacea|Stolidobranchia|Botryllidae|trypsin|,not vertebrate,cold,Botryllus schlosseri,Ascidiacea,Stolidobranchia,Botryllidae,trypsin,
24581077__not vertebrate,gi|24581077__not vertebrate|cold|drosophila melanogaster|Insecta|Diptera|Drosophilidae|ELSE|,not vertebrate|cold|drosophila melanogaster|Insecta|Diptera|Drosophilidae|ELSE|,not vertebrate,cold,drosophila melanogaster,Insecta,Diptera,Drosophilidae,ELSE,
54642230,gi|54642230|EAL30979__not vertebrate|cold|drosophila pseudoobscura|Insecta|Diptera|Drosophilidae|ELSE|,not vertebrate|cold|drosophila pseudoobscura|Insecta|Diptera|Drosophilidae|ELSE|,not vertebrate,cold,drosophila pseudoobscura,Insecta,Diptera,Drosophilidae,ELSE,
20177055,gi|20177055|AAM12289__not vertebrate|cold|Drosophila melanogaster|Insecta|Diptera|Drosophilidae|ELSE|,not vertebrate|cold|Drosophila melanogaster|Insecta|Diptera|Drosophilidae|ELSE|,not vertebrate,cold,Drosophila melanogaster,Insecta,Diptera,Drosophilidae,ELSE,
6690632,gi|6690632|AAF24226__not vertebrate|cold|Plodia interpunctella|Insecta|Lepidoptera|Pyralidae|trypsin|,not vertebrate|cold|Plodia interpunctella|Insecta|Lepidoptera|Pyralidae|trypsin|,not vertebrate,cold,Plodia interpunctella,Insecta,Lepidoptera,Pyralidae,trypsin,
91092582__not vertebrate,gi|91092582__not vertebrate|cold|Tribolium castaneum|Insecta|Coleoptera|Tenebrionidae|ELSE|,not vertebrate|cold|Tribolium castaneum|Insecta|Coleoptera|Tenebrionidae|ELSE|,not vertebrate,cold,Tribolium castaneum,Insecta,Coleoptera,Tenebrionidae,ELSE,
18568306,gi|18568306|AAL76023__not vertebrate|cold|Aedes aegypti|Insecta|Diptera|Culicidae|ELSE|,not vertebrate|cold|Aedes aegypti|Insecta|Diptera|Culicidae|ELSE|,not vertebrate,cold,Aedes aegypti,Insecta,Diptera,Culicidae,ELSE,
54640822,gi|54640822|EAL29573__not vertebrate|cold|drosophila pseudoobscura|Insecta|Diptera|Drosophilidae|ELSE|,not vertebrate|cold|drosophila pseudoobscura|Insecta|Diptera|Drosophilidae|ELSE|,not vertebrate,cold,drosophila pseudoobscura,Insecta,Diptera,Drosophilidae,ELSE,
54642228,gi|54642228|EAL30977__not vertebrate|cold|drosophila pseudoobscura|Insecta|Diptera|Drosophilidae|ELSE|,not vertebrate|cold|drosophila pseudoobscura|Insecta|Diptera|Drosophilidae|ELSE|,not vertebrate,cold,drosophila pseudoobscura,Insecta,Diptera,Drosophilidae,ELSE,
91092568__not vertebrate,gi|91092568__not vertebrate|cold|Tribolium castaneum|Insecta|Coleoptera|Tenebrionidae|ELSE|,not vertebrate|cold|Tribolium castaneum|Insecta|Coleoptera|Tenebrionidae|ELSE|,not vertebrate,cold,Tribolium castaneum,Insecta,Coleoptera,Tenebrionidae,ELSE,
21299094,gi|21299094|EAA11239__not vertebrate|cold|anopheles gambiae str. pest|Insecta|Diptera|Culicidae|ELSE|,not vertebrate|cold|anopheles gambiae str. pest|Insecta|Diptera|Culicidae|ELSE|,not vertebrate,cold,anopheles gambiae str. pest,Insecta,Diptera,Culicidae,ELSE,
55239428,gi|55239428|EAA10756__not vertebrate|cold|anopheles gambiae str. pest|Insecta|Diptera|Culicidae|ELSE|,not vertebrate|cold|anopheles gambiae str. pest|Insecta|Diptera|Culicidae|ELSE|,not vertebrate,cold,anopheles gambiae str. pest,Insecta,Diptera,Culicidae,ELSE,
54642114,gi|54642114|EAL30863__not vertebrate|cold|drosophila pseudoobscura|Insecta|Diptera|Drosophilidae|ELSE|,not vertebrate|cold|drosophila pseudoobscura|Insecta|Diptera|Drosophilidae|ELSE|,not vertebrate,cold,drosophila pseudoobscura,Insecta,Diptera,Drosophilidae,ELSE,
2463076__not vertebrate,gi|2463076__not vertebrate|cold|Helicoverpa armigera|Insecta|Lepidoptera|Noctuidae|chymotrypsin|,not vertebrate|cold|Helicoverpa armigera|Insecta|Lepidoptera|Noctuidae|chymotrypsin|,not vertebrate,cold,Helicoverpa armigera,Insecta,Lepidoptera,Noctuidae,chymotrypsin,
464962,gi|464962|P35042__not vertebrate|cold|Choristoneura fumiferana|Insecta|Lepidoptera|Tortricidae|trypsin|,not vertebrate|cold|Choristoneura fumiferana|Insecta|Lepidoptera|Tortricidae|trypsin|,not vertebrate,cold,Choristoneura fumiferana,Insecta,Lepidoptera,Tortricidae,trypsin,
29828985__bacteria,gi|29828985__bacteria|cold|streptomyces avermitilis ma-4680|Actinobacteria (class)|Actinomycetales|Streptomycetaceae|ELSE|,bacteria|cold|streptomyces avermitilis ma-4680|Actinobacteria (class)|Actinomycetales|Streptomycetaceae|ELSE|,bacteria,cold,streptomyces avermitilis ma-4680,Actinobacteria (class),Actinomycetales,Streptomycetaceae,ELSE,
55246615,gi|55246615|EAA03309__not vertebrate|cold|anopheles gambiae str. pest|Insecta|Diptera|Culicidae|ELSE|,not vertebrate|cold|anopheles gambiae str. pest|Insecta|Diptera|Culicidae|ELSE|,not vertebrate,cold,anopheles gambiae str. pest,Insecta,Diptera,Culicidae,ELSE,
24647630__not vertebrate,gi|24647630__not vertebrate|cold|drosophila melanogaster|Insecta|Diptera|Drosophilidae|ELSE|,not vertebrate|cold|drosophila melanogaster|Insecta|Diptera|Drosophilidae|ELSE|,not vertebrate,cold,drosophila melanogaster,Insecta,Diptera,Drosophilidae,ELSE,
1894735__not vertebrate,gi|1894735__not vertebrate|cold|Arenicola marina|Polychaeta|Capitellida|Arenicolidae|trypsin|,not vertebrate|cold|Arenicola marina|Polychaeta|Capitellida|Arenicolidae|trypsin|,not vertebrate,cold,Arenicola marina,Polychaeta,Capitellida,Arenicolidae,trypsin,
21428956,gi|21428956|AAM50197__not vertebrate|cold|Drosophila melanogaster|Insecta|Diptera|Drosophilidae|ELSE|,not vertebrate|cold|Drosophila melanogaster|Insecta|Diptera|Drosophilidae|ELSE|,not vertebrate,cold,Drosophila melanogaster,Insecta,Diptera,Drosophilidae,ELSE,
54638403,gi|54638403|EAL27805__not vertebrate|cold|drosophila pseudoobscura|Insecta|Diptera|Drosophilidae|ELSE|,not vertebrate|cold|drosophila pseudoobscura|Insecta|Diptera|Drosophilidae|ELSE|,not vertebrate,cold,drosophila pseudoobscura,Insecta,Diptera,Drosophilidae,ELSE,
19920566__not vertebrate,gi|19920566__not vertebrate|cold|drosophila melanogaster|Insecta|Diptera|Drosophilidae|ELSE|,not vertebrate|cold|drosophila melanogaster|Insecta|Diptera|Drosophilidae|ELSE|,not vertebrate,cold,drosophila melanogaster,Insecta,Diptera,Drosophilidae,ELSE,
1894737__not vertebrate,gi|1894737__not vertebrate|cold|Arenicola marina|Polychaeta|Capitellida|Arenicolidae|trypsin|,not vertebrate|cold|Arenicola marina|Polychaeta|Capitellida|Arenicolidae|trypsin|,not vertebrate,cold,Arenicola marina,Polychaeta,Capitellida,Arenicolidae,trypsin,
24643597__not vertebrate,gi|24643597__not vertebrate|cold|drosophila melanogaster|Insecta|Diptera|Drosophilidae|ELSE|,not vertebrate|cold|drosophila melanogaster|Insecta|Diptera|Drosophilidae|ELSE|,not vertebrate,cold,drosophila melanogaster,Insecta,Diptera,Drosophilidae,ELSE,
6690636,gi|6690636|AAF24228__not vertebrate|cold|Plodia interpunctella|Insecta|Lepidoptera|Pyralidae|trypsin|,not vertebrate|cold|Plodia interpunctella|Insecta|Lepidoptera|Pyralidae|trypsin|,not vertebrate,cold,Plodia interpunctella,Insecta,Lepidoptera,Pyralidae,trypsin,
55242869,gi|55242869|EAA07067__not vertebrate|cold|anopheles gambiae str. pest|Insecta|Diptera|Culicidae|ELSE|,not vertebrate|cold|anopheles gambiae str. pest|Insecta|Diptera|Culicidae|ELSE|,not vertebrate,cold,anopheles gambiae str. pest,Insecta,Diptera,Culicidae,ELSE,
91083147__not vertebrate,gi|91083147__not vertebrate|cold|Tribolium castaneum|Insecta|Coleoptera|Tenebrionidae|ELSE|,not vertebrate|cold|Tribolium castaneum|Insecta|Coleoptera|Tenebrionidae|ELSE|,not vertebrate,cold,Tribolium castaneum,Insecta,Coleoptera,Tenebrionidae,ELSE,
432585,gi|432585|AAB28515__vertebrate|cold|Heloderma horridum|Gnathostomata|Squamata|Helodermatidae|venom|,vertebrate|cold|Heloderma horridum|Gnathostomata|Squamata|Helodermatidae|venom|,vertebrate,cold,Heloderma horridum,Gnathostomata,Squamata,Helodermatidae,venom,
91086547__not vertebrate,gi|91086547__not vertebrate|cold|Tribolium castaneum|Insecta|Coleoptera|Tenebrionidae|ELSE|,not vertebrate|cold|Tribolium castaneum|Insecta|Coleoptera|Tenebrionidae|ELSE|,not vertebrate,cold,Tribolium castaneum,Insecta,Coleoptera,Tenebrionidae,ELSE,
55238470,gi|55238470|EAA11251__not vertebrate|cold|anopheles gambiae str. pest|Insecta|Diptera|Culicidae|ELSE|,not vertebrate|cold|anopheles gambiae str. pest|Insecta|Diptera|Culicidae|ELSE|,not vertebrate,cold,anopheles gambiae str. pest,Insecta,Diptera,Culicidae,ELSE,
55234332,gi|55234332|EAA00349__not vertebrate|cold|anopheles gambiae str. pest|Insecta|Diptera|Culicidae|ELSE|,not vertebrate|cold|anopheles gambiae str. pest|Insecta|Diptera|Culicidae|ELSE|,not vertebrate,cold,anopheles gambiae str. pest,Insecta,Diptera,Culicidae,ELSE,
54644954,gi|54644954|EAL33694__not vertebrate|cold|drosophila pseudoobscura|Insecta|Diptera|Drosophilidae|ELSE|,not vertebrate|cold|drosophila pseudoobscura|Insecta|Diptera|Drosophilidae|ELSE|,not vertebrate,cold,drosophila pseudoobscura,Insecta,Diptera,Drosophilidae,ELSE,
62650098__vertebrate,gi|62650098__vertebrate|warm|Rattus norvegicus|Mammalia|Rodentia|Muridae|elastase|,vertebrate|warm|Rattus norvegicus|Mammalia|Rodentia|Muridae|elastase|,vertebrate,warm,Rattus norvegicus,Mammalia,Rodentia,Muridae,elastase,
3367667__not vertebrate,gi|3367667__not vertebrate|cold|Drosophila melanogaster|Insecta|Diptera|Drosophilidae|ELSE|,not vertebrate|cold|Drosophila melanogaster|Insecta|Diptera|Drosophilidae|ELSE|,not vertebrate,cold,Drosophila melanogaster,Insecta,Diptera,Drosophilidae,ELSE,
1335056__vertebrate,gi|1335056__vertebrate|warm|Homo sapiens|Mammalia|Primates|Hominidae|ELSE|,vertebrate|warm|Homo sapiens|Mammalia|Primates|Hominidae|ELSE|,vertebrate,warm,Homo sapiens,Mammalia,Primates,Hominidae,ELSE,
91086599__not vertebrate,gi|91086599__not vertebrate|cold|Tribolium castaneum|Insecta|Coleoptera|Tenebrionidae|ELSE|,not vertebrate|cold|Tribolium castaneum|Insecta|Coleoptera|Tenebrionidae|ELSE|,not vertebrate,cold,Tribolium castaneum,Insecta,Coleoptera,Tenebrionidae,ELSE,
54641969,gi|54641969|EAL30718__not vertebrate|cold|drosophila pseudoobscura|Insecta|Diptera|Drosophilidae|ELSE|,not vertebrate|cold|drosophila pseudoobscura|Insecta|Diptera|Drosophilidae|ELSE|,not vertebrate,cold,drosophila pseudoobscura,Insecta,Diptera,Drosophilidae,ELSE,
91092580__not vertebrate,gi|91092580__not vertebrate|cold|Tribolium castaneum|Insecta|Coleoptera|Tenebrionidae|ELSE|,not vertebrate|cold|Tribolium castaneum|Insecta|Coleoptera|Tenebrionidae|ELSE|,not vertebrate,cold,Tribolium castaneum,Insecta,Coleoptera,Tenebrionidae,ELSE,
91077974__not vertebrate,gi|91077974__not vertebrate|cold|Tribolium castaneum|Insecta|Coleoptera|Tenebrionidae|ELSE|,not vertebrate|cold|Tribolium castaneum|Insecta|Coleoptera|Tenebrionidae|ELSE|,not vertebrate,cold,Tribolium castaneum,Insecta,Coleoptera,Tenebrionidae,ELSE,
55240459,gi|55240459|EAA09456__not vertebrate|cold|anopheles gambiae str. pest|Insecta|Diptera|Culicidae|ELSE|,not vertebrate|cold|anopheles gambiae str. pest|Insecta|Diptera|Culicidae|ELSE|,not vertebrate,cold,anopheles gambiae str. pest,Insecta,Diptera,Culicidae,ELSE,
28574989__not vertebrate,gi|28574989__not vertebrate|cold|drosophila melanogaster|Insecta|Diptera|Drosophilidae|ELSE|,not vertebrate|cold|drosophila melanogaster|Insecta|Diptera|Drosophilidae|ELSE|,not vertebrate,cold,drosophila melanogaster,Insecta,Diptera,Drosophilidae,ELSE,
91092578__not vertebrate,gi|91092578__not vertebrate|cold|Tribolium castaneum|Insecta|Coleoptera|Tenebrionidae|ELSE|,not vertebrate|cold|Tribolium castaneum|Insecta|Coleoptera|Tenebrionidae|ELSE|,not vertebrate,cold,Tribolium castaneum,Insecta,Coleoptera,Tenebrionidae,ELSE,
54640836,gi|54640836|EAL29587__not vertebrate|cold|drosophila pseudoobscura|Insecta|Diptera|Drosophilidae|ELSE|,not vertebrate|cold|drosophila pseudoobscura|Insecta|Diptera|Drosophilidae|ELSE|,not vertebrate,cold,drosophila pseudoobscura,Insecta,Diptera,Drosophilidae,ELSE,
54637715,gi|54637715|EAL27117__not vertebrate|cold|drosophila pseudoobscura|Insecta|Diptera|Drosophilidae|ELSE|,not vertebrate|cold|drosophila pseudoobscura|Insecta|Diptera|Drosophilidae|ELSE|,not vertebrate,cold,drosophila pseudoobscura,Insecta,Diptera,Drosophilidae,ELSE,
33772617,gi|33772617|AAP12675__not vertebrate|cold|Lygus lineolaris|Insecta|Hemiptera|Miridae|trypsin|,not vertebrate|cold|Lygus lineolaris|Insecta|Hemiptera|Miridae|trypsin|,not vertebrate,cold,Lygus lineolaris,Insecta,Hemiptera,Miridae,trypsin,
55243940,gi|55243940|EAA06078__not vertebrate|cold|anopheles gambiae str. pest|Insecta|Diptera|Culicidae|ELSE|,not vertebrate|cold|anopheles gambiae str. pest|Insecta|Diptera|Culicidae|ELSE|,not vertebrate,cold,anopheles gambiae str. pest,Insecta,Diptera,Culicidae,ELSE,
28317087,gi|28317087|AAO39562__not vertebrate|cold|Drosophila melanogaster|Insecta|Diptera|Drosophilidae|ELSE|,not vertebrate|cold|Drosophila melanogaster|Insecta|Diptera|Drosophilidae|ELSE|,not vertebrate,cold,Drosophila melanogaster,Insecta,Diptera,Drosophilidae,ELSE,
24645302__not vertebrate,gi|24645302__not vertebrate|cold|drosophila melanogaster|Insecta|Diptera|Drosophilidae|ELSE|,not vertebrate|cold|drosophila melanogaster|Insecta|Diptera|Drosophilidae|ELSE|,not vertebrate,cold,drosophila melanogaster,Insecta,Diptera,Drosophilidae,ELSE,
55234099,gi|55234099|EAA01780__not vertebrate|cold|anopheles gambiae str. pest|Insecta|Diptera|Culicidae|ELSE|,not vertebrate|cold|anopheles gambiae str. pest|Insecta|Diptera|Culicidae|ELSE|,not vertebrate,cold,anopheles gambiae str. pest,Insecta,Diptera,Culicidae,ELSE,
51557679,gi|51557679|AAU06479__not vertebrate|cold|Culicoides sonorensis|Insecta|Diptera|Ceratopogonidae|trypsin|,not vertebrate|cold|Culicoides sonorensis|Insecta|Diptera|Ceratopogonidae|trypsin|,not vertebrate,cold,Culicoides sonorensis,Insecta,Diptera,Ceratopogonidae,trypsin,
11761888,gi|11761888|AAG40233__not vertebrate|cold|Biomphalaria glabrata|Gastropoda|Pulmonata|Planorbidae|ELSE|,not vertebrate|cold|Biomphalaria glabrata|Gastropoda|Pulmonata|Planorbidae|ELSE|,not vertebrate,cold,Biomphalaria glabrata,Gastropoda,Pulmonata,Planorbidae,ELSE,
55241290,gi|55241290|EAA08507__not vertebrate|cold|anopheles gambiae str. pest|Insecta|Diptera|Culicidae|ELSE|,not vertebrate|cold|anopheles gambiae str. pest|Insecta|Diptera|Culicidae|ELSE|,not vertebrate,cold,anopheles gambiae str. pest,Insecta,Diptera,Culicidae,ELSE,
54642226,gi|54642226|EAL30975__not vertebrate|cold|drosophila pseudoobscura|Insecta|Diptera|Drosophilidae|ELSE|,not vertebrate|cold|drosophila pseudoobscura|Insecta|Diptera|Drosophilidae|ELSE|,not vertebrate,cold,drosophila pseudoobscura,Insecta,Diptera,Drosophilidae,ELSE,
2765010__not vertebrate,gi|2765010__not vertebrate|cold|Schistocerca gregaria|Insecta|Orthoptera|Acrididae|ELSE|,not vertebrate|cold|Schistocerca gregaria|Insecta|Orthoptera|Acrididae|ELSE|,not vertebrate,cold,Schistocerca gregaria,Insecta,Orthoptera,Acrididae,ELSE,
54637259,gi|54637259|EAL26662__not vertebrate|cold|drosophila pseudoobscura|Insecta|Diptera|Drosophilidae|ELSE|,not vertebrate|cold|drosophila pseudoobscura|Insecta|Diptera|Drosophilidae|ELSE|,not vertebrate,cold,drosophila pseudoobscura,Insecta,Diptera,Drosophilidae,ELSE,
4530054,gi|4530054|AAD21836__not vertebrate|cold|Ctenocephalides felis|Insecta|Siphonaptera|Pulicidae|chymotrypsin|,not vertebrate|cold|Ctenocephalides felis|Insecta|Siphonaptera|Pulicidae|chymotrypsin|,not vertebrate,cold,Ctenocephalides felis,Insecta,Siphonaptera,Pulicidae,chymotrypsin,
15554312,gi|15554312|AAK98781__not vertebrate|cold|Stomoxys calcitrans|Insecta|Diptera|Muscidae|ELSE|,not vertebrate|cold|Stomoxys calcitrans|Insecta|Diptera|Muscidae|ELSE|,not vertebrate,cold,Stomoxys calcitrans,Insecta,Diptera,Muscidae,ELSE,
9857909,gi|9857909|AAG00937__not vertebrate|cold|Culex pipiens quinquefasciatus|Insecta|Diptera|Culicidae|trypsin|,not vertebrate|cold|Culex pipiens quinquefasciatus|Insecta|Diptera|Culicidae|trypsin|,not vertebrate,cold,Culex pipiens quinquefasciatus,Insecta,Diptera,Culicidae,trypsin,
91093641__not vertebrate,gi|91093641__not vertebrate|cold|Tribolium castaneum|Insecta|Coleoptera|Tenebrionidae|ELSE|,not vertebrate|cold|Tribolium castaneum|Insecta|Coleoptera|Tenebrionidae|ELSE|,not vertebrate,cold,Tribolium castaneum,Insecta,Coleoptera,Tenebrionidae,ELSE,
51094358,gi|51094358|AAT95347__not vertebrate|cold|Sesamia nonagrioides|Insecta|Lepidoptera|Noctuidae|trypsin|,not vertebrate|cold|Sesamia nonagrioides|Insecta|Lepidoptera|Noctuidae|trypsin|,not vertebrate,cold,Sesamia nonagrioides,Insecta,Lepidoptera,Noctuidae,trypsin,
54637666,gi|54637666|EAL27068__not vertebrate|cold|drosophila pseudoobscura|Insecta|Diptera|Drosophilidae|ELSE|,not vertebrate|cold|drosophila pseudoobscura|Insecta|Diptera|Drosophilidae|ELSE|,not vertebrate,cold,drosophila pseudoobscura,Insecta,Diptera,Drosophilidae,ELSE,
55234091,gi|55234091|EAA43233__not vertebrate|cold|anopheles gambiae str. pest|Insecta|Diptera|Culicidae|ELSE|,not vertebrate|cold|anopheles gambiae str. pest|Insecta|Diptera|Culicidae|ELSE|,not vertebrate,cold,anopheles gambiae str. pest,Insecta,Diptera,Culicidae,ELSE,
91081365__not vertebrate,gi|91081365__not vertebrate|cold|Tribolium castaneum|Insecta|Coleoptera|Tenebrionidae|ELSE|,not vertebrate|cold|Tribolium castaneum|Insecta|Coleoptera|Tenebrionidae|ELSE|,not vertebrate,cold,Tribolium castaneum,Insecta,Coleoptera,Tenebrionidae,ELSE,
6808530,gi|6808530|AAF28423__not vertebrate|cold|Dermatophagoides farinae|Arachnida|Astigmata|Pyroglyphidae|allergen|,not vertebrate|cold|Dermatophagoides farinae|Arachnida|Astigmata|Pyroglyphidae|allergen|,not vertebrate,cold,Dermatophagoides farinae,Arachnida,Astigmata,Pyroglyphidae,allergen,
4530034,gi|4530034|AAD21826__not vertebrate|cold|Ctenocephalides felis|Insecta|Siphonaptera|Pulicidae|trypsin|,not vertebrate|cold|Ctenocephalides felis|Insecta|Siphonaptera|Pulicidae|trypsin|,not vertebrate,cold,Ctenocephalides felis,Insecta,Siphonaptera,Pulicidae,trypsin,
32395299,gi|32395299|AAO92746__not vertebrate|cold|Stomoxys calcitrans|Insecta|Diptera|Muscidae|not trypsin|,not vertebrate|cold|Stomoxys calcitrans|Insecta|Diptera|Muscidae|not trypsin|,not vertebrate,cold,Stomoxys calcitrans,Insecta,Diptera,Muscidae,not trypsin,
94403555__vertebrate,gi|94403555__vertebrate|warm|Mus musculus|Mammalia|Rodentia|Muridae|ELSE|,vertebrate|warm|Mus musculus|Mammalia|Rodentia|Muridae|ELSE|,vertebrate,warm,Mus musculus,Mammalia,Rodentia,Muridae,ELSE,
66772717,gi|66772717|AAY55670__not vertebrate|cold|Drosophila melanogaster|Insecta|Diptera|Drosophilidae|ELSE|,not vertebrate|cold|Drosophila melanogaster|Insecta|Diptera|Drosophilidae|ELSE|,not vertebrate,cold,Drosophila melanogaster,Insecta,Diptera,Drosophilidae,ELSE,
55242868,gi|55242868|EAA45020__not vertebrate|cold|anopheles gambiae str. pest|Insecta|Diptera|Culicidae|ELSE|,not vertebrate|cold|anopheles gambiae str. pest|Insecta|Diptera|Culicidae|ELSE|,not vertebrate,cold,anopheles gambiae str. pest,Insecta,Diptera,Culicidae,ELSE,
55238484,gi|55238484|EAL39888__not vertebrate|cold|anopheles gambiae str. pest|Insecta|Diptera|Culicidae|ELSE|,not vertebrate|cold|anopheles gambiae str. pest|Insecta|Diptera|Culicidae|ELSE|,not vertebrate,cold,anopheles gambiae str. pest,Insecta,Diptera,Culicidae,ELSE,
22532097,gi|22532097|AAM97837__vertebrate|warm|Mus musculus|Mammalia|Rodentia|Muridae|trypsin|,vertebrate|warm|Mus musculus|Mammalia|Rodentia|Muridae|trypsin|,vertebrate,warm,Mus musculus,Mammalia,Rodentia,Muridae,trypsin,
24659041__not vertebrate,gi|24659041__not vertebrate|cold|drosophila melanogaster|Insecta|Diptera|Drosophilidae|ELSE|,not vertebrate|cold|drosophila melanogaster|Insecta|Diptera|Drosophilidae|ELSE|,not vertebrate,cold,drosophila melanogaster,Insecta,Diptera,Drosophilidae,ELSE,
91092572__not vertebrate,gi|91092572__not vertebrate|cold|Tribolium castaneum|Insecta|Coleoptera|Tenebrionidae|ELSE|,not vertebrate|cold|Tribolium castaneum|Insecta|Coleoptera|Tenebrionidae|ELSE|,not vertebrate,cold,Tribolium castaneum,Insecta,Coleoptera,Tenebrionidae,ELSE,
24663201__not vertebrate,gi|24663201__not vertebrate|cold|drosophila melanogaster|Insecta|Diptera|Drosophilidae|ELSE|,not vertebrate|cold|drosophila melanogaster|Insecta|Diptera|Drosophilidae|ELSE|,not vertebrate,cold,drosophila melanogaster,Insecta,Diptera,Drosophilidae,ELSE,
4138532__not vertebrate,gi|4138532__not vertebrate|cold|Schistosoma mansoni|Trematoda|Strigeidida|Schistosomatidae|ELSE|,not vertebrate|cold|Schistosoma mansoni|Trematoda|Strigeidida|Schistosomatidae|ELSE|,not vertebrate,cold,Schistosoma mansoni,Trematoda,Strigeidida,Schistosomatidae,ELSE,
32395297,gi|32395297|AAO92745__not vertebrate|cold|Stomoxys calcitrans|Insecta|Diptera|Muscidae|chymotrypsin|,not vertebrate|cold|Stomoxys calcitrans|Insecta|Diptera|Muscidae|chymotrypsin|,not vertebrate,cold,Stomoxys calcitrans,Insecta,Diptera,Muscidae,chymotrypsin,
55235458,gi|55235458|EAA15112__not vertebrate|cold|anopheles gambiae str. pest|Insecta|Diptera|Culicidae|ELSE|,not vertebrate|cold|anopheles gambiae str. pest|Insecta|Diptera|Culicidae|ELSE|,not vertebrate,cold,anopheles gambiae str. pest,Insecta,Diptera,Culicidae,ELSE,
55245631,gi|55245631|EAA04102__not vertebrate|cold|anopheles gambiae str. pest|Insecta|Diptera|Culicidae|ELSE|,not vertebrate|cold|anopheles gambiae str. pest|Insecta|Diptera|Culicidae|ELSE|,not vertebrate,cold,anopheles gambiae str. pest,Insecta,Diptera,Culicidae,ELSE,
37181040,gi|37181040|AAQ88430__bacteria|cold|Streptomyces exfoliatus|Actinobacteria (class)|Actinomycetales|Streptomycetaceae|trypsin|,bacteria|cold|Streptomyces exfoliatus|Actinobacteria (class)|Actinomycetales|Streptomycetaceae|trypsin|,bacteria,cold,Streptomyces exfoliatus,Actinobacteria (class),Actinomycetales,Streptomycetaceae,trypsin,
24667790__not vertebrate,gi|24667790__not vertebrate|cold|drosophila melanogaster|Insecta|Diptera|Drosophilidae|ELSE|,not vertebrate|cold|drosophila melanogaster|Insecta|Diptera|Drosophilidae|ELSE|,not vertebrate,cold,drosophila melanogaster,Insecta,Diptera,Drosophilidae,ELSE,
54637711,gi|54637711|EAL27113__not vertebrate|cold|drosophila pseudoobscura|Insecta|Diptera|Drosophilidae|ELSE|,not vertebrate|cold|drosophila pseudoobscura|Insecta|Diptera|Drosophilidae|ELSE|,not vertebrate,cold,drosophila pseudoobscura,Insecta,Diptera,Drosophilidae,ELSE,
54638404,gi|54638404|EAL27806__not vertebrate|cold|drosophila pseudoobscura|Insecta|Diptera|Drosophilidae|ELSE|,not vertebrate|cold|drosophila pseudoobscura|Insecta|Diptera|Drosophilidae|ELSE|,not vertebrate,cold,drosophila pseudoobscura,Insecta,Diptera,Drosophilidae,ELSE,
76827378,gi|76827378|AAI07231__vertebrate|warm|mus musculus|Mammalia|Rodentia|Muridae|ELSE|,vertebrate|warm|mus musculus|Mammalia|Rodentia|Muridae|ELSE|,vertebrate,warm,mus musculus,Mammalia,Rodentia,Muridae,ELSE,
91090614__not vertebrate,gi|91090614__not vertebrate|cold|Tribolium castaneum|Insecta|Coleoptera|Tenebrionidae|ELSE|,not vertebrate|cold|Tribolium castaneum|Insecta|Coleoptera|Tenebrionidae|ELSE|,not vertebrate,cold,Tribolium castaneum,Insecta,Coleoptera,Tenebrionidae,ELSE,
91085345__not vertebrate,gi|91085345__not vertebrate|cold|Tribolium castaneum|Insecta|Coleoptera|Tenebrionidae|ELSE|,not vertebrate|cold|Tribolium castaneum|Insecta|Coleoptera|Tenebrionidae|ELSE|,not vertebrate,cold,Tribolium castaneum,Insecta,Coleoptera,Tenebrionidae,ELSE,
68361066__vertebrate,gi|68361066__vertebrate|cold|Danio rerio|Actinopterygii|Cypriniformes|Cyprinidae|HGF|,vertebrate|cold|Danio rerio|Actinopterygii|Cypriniformes|Cyprinidae|HGF|,vertebrate,cold,Danio rerio,Actinopterygii,Cypriniformes,Cyprinidae,HGF,
19921182__not vertebrate,gi|19921182__not vertebrate|cold|drosophila melanogaster|Insecta|Diptera|Drosophilidae|ELSE|,not vertebrate|cold|drosophila melanogaster|Insecta|Diptera|Drosophilidae|ELSE|,not vertebrate,cold,drosophila melanogaster,Insecta,Diptera,Drosophilidae,ELSE,
54640834,gi|54640834|EAL29585__not vertebrate|cold|drosophila pseudoobscura|Insecta|Diptera|Drosophilidae|ELSE|,not vertebrate|cold|drosophila pseudoobscura|Insecta|Diptera|Drosophilidae|ELSE|,not vertebrate,cold,drosophila pseudoobscura,Insecta,Diptera,Drosophilidae,ELSE,
55245630,gi|55245630|EAA04766__not vertebrate|cold|anopheles gambiae str. pest|Insecta|Diptera|Culicidae|ELSE|,not vertebrate|cold|anopheles gambiae str. pest|Insecta|Diptera|Culicidae|ELSE|,not vertebrate,cold,anopheles gambiae str. pest,Insecta,Diptera,Culicidae,ELSE,
27820064,gi|27820064|AAL28245__not vertebrate|cold|Drosophila melanogaster|Insecta|Diptera|Drosophilidae|ELSE|,not vertebrate|cold|Drosophila melanogaster|Insecta|Diptera|Drosophilidae|ELSE|,not vertebrate,cold,Drosophila melanogaster,Insecta,Diptera,Drosophilidae,ELSE,
55234968,gi|55234968|EAA00723__not vertebrate|cold|anopheles gambiae str. pest|Insecta|Diptera|Culicidae|ELSE|,not vertebrate|cold|anopheles gambiae str. pest|Insecta|Diptera|Culicidae|ELSE|,not vertebrate,cold,anopheles gambiae str. pest,Insecta,Diptera,Culicidae,ELSE,
67083609,gi|67083609|AAY66740__not vertebrate|cold|Ixodes scapularis|Arachnida|Ixodida|Ixodidae|ELSE|,not vertebrate|cold|Ixodes scapularis|Arachnida|Ixodida|Ixodidae|ELSE|,not vertebrate,cold,Ixodes scapularis,Arachnida,Ixodida,Ixodidae,ELSE,
54644731,gi|54644731|EAL33471__not vertebrate|cold|drosophila pseudoobscura|Insecta|Diptera|Drosophilidae|ELSE|,not vertebrate|cold|drosophila pseudoobscura|Insecta|Diptera|Drosophilidae|ELSE|,not vertebrate,cold,drosophila pseudoobscura,Insecta,Diptera,Drosophilidae,ELSE,
24586642__not vertebrate,gi|24586642__not vertebrate|cold|drosophila melanogaster|Insecta|Diptera|Drosophilidae|ELSE|,not vertebrate|cold|drosophila melanogaster|Insecta|Diptera|Drosophilidae|ELSE|,not vertebrate,cold,drosophila melanogaster,Insecta,Diptera,Drosophilidae,ELSE,
91083131__not vertebrate,gi|91083131__not vertebrate|cold|Tribolium castaneum|Insecta|Coleoptera|Tenebrionidae|ELSE|,not vertebrate|cold|Tribolium castaneum|Insecta|Coleoptera|Tenebrionidae|ELSE|,not vertebrate,cold,Tribolium castaneum,Insecta,Coleoptera,Tenebrionidae,ELSE,
9651984,gi|9651984|AAF91345__not vertebrate|cold|Glossina morsitans morsitans|Insecta|Diptera|Glossinidae|chymotrypsin|,not vertebrate|cold|Glossina morsitans morsitans|Insecta|Diptera|Glossinidae|chymotrypsin|,not vertebrate,cold,Glossina morsitans morsitans,Insecta,Diptera,Glossinidae,chymotrypsin,
66773016,gi|66773016|AAY55818__not vertebrate|cold|Drosophila melanogaster|Insecta|Diptera|Drosophilidae|ELSE|,not vertebrate|cold|Drosophila melanogaster|Insecta|Diptera|Drosophilidae|ELSE|,not vertebrate,cold,Drosophila melanogaster,Insecta,Diptera,Drosophilidae,ELSE,
24643664__not vertebrate,gi|24643664__not vertebrate|cold|drosophila melanogaster|Insecta|Diptera|Drosophilidae|ELSE|,not vertebrate|cold|drosophila melanogaster|Insecta|Diptera|Drosophilidae|ELSE|,not vertebrate,cold,drosophila melanogaster,Insecta,Diptera,Drosophilidae,ELSE,
3123193,gi|3123193|P08897__not vertebrate|cold|Hypoderma lineatum|Insecta|Diptera|Oestridae|collagenase|,not vertebrate|cold|Hypoderma lineatum|Insecta|Diptera|Oestridae|collagenase|,not vertebrate,cold,Hypoderma lineatum,Insecta,Diptera,Oestridae,collagenase,
75829505__bacteria,gi|75829505__bacteria|cold|Vibrio cholerae MO10|Gammaproteobacteria|Vibrionales|Vibrionaceae|trypsin|,bacteria|cold|Vibrio cholerae MO10|Gammaproteobacteria|Vibrionales|Vibrionaceae|trypsin|,bacteria,cold,Vibrio cholerae MO10,Gammaproteobacteria,Vibrionales,Vibrionaceae,trypsin,
24644874__not vertebrate,gi|24644874__not vertebrate|cold|drosophila melanogaster|Insecta|Diptera|Drosophilidae|ELSE|,not vertebrate|cold|drosophila melanogaster|Insecta|Diptera|Drosophilidae|ELSE|,not vertebrate,cold,drosophila melanogaster,Insecta,Diptera,Drosophilidae,ELSE,
21224165__not vertebrate,gi|21224165__not vertebrate|cold|streptomyces coelicolor a3(2)|Actinobacteria (class)|Actinomycetales|Streptomycetaceae|ELSE|,not vertebrate|cold|streptomyces coelicolor a3(2)|Actinobacteria (class)|Actinomycetales|Streptomycetaceae|ELSE|,not vertebrate,cold,streptomyces coelicolor a3(2),Actinobacteria (class),Actinomycetales,Streptomycetaceae,ELSE,
55246622,gi|55246622|EAA03300__not vertebrate|cold|anopheles gambiae str. pest|Insecta|Diptera|Culicidae|ELSE|,not vertebrate|cold|anopheles gambiae str. pest|Insecta|Diptera|Culicidae|ELSE|,not vertebrate,cold,anopheles gambiae str. pest,Insecta,Diptera,Culicidae,ELSE,
49204741__bacteria,gi|49204741__bacteria|cold|Streptomyces griseus|Actinobacteria (class)|Actinomycetales|Streptomycetaceae|trypsin|,bacteria|cold|Streptomyces griseus|Actinobacteria (class)|Actinomycetales|Streptomycetaceae|trypsin|,bacteria,cold,Streptomyces griseus,Actinobacteria (class),Actinomycetales,Streptomycetaceae,trypsin,
55234089,gi|55234089|EAA43230__not vertebrate|cold|anopheles gambiae str. pest|Insecta|Diptera|Culicidae|ELSE|,not vertebrate|cold|anopheles gambiae str. pest|Insecta|Diptera|Culicidae|ELSE|,not vertebrate,cold,anopheles gambiae str. pest,Insecta,Diptera,Culicidae,ELSE,
55234090,gi|55234090|EAA01770__not vertebrate|cold|anopheles gambiae str. pest|Insecta|Diptera|Culicidae|ELSE|,not vertebrate|cold|anopheles gambiae str. pest|Insecta|Diptera|Culicidae|ELSE|,not vertebrate,cold,anopheles gambiae str. pest,Insecta,Diptera,Culicidae,ELSE,
2463092__not vertebrate,gi|2463092__not vertebrate|cold|Helicoverpa armigera|Insecta|Lepidoptera|Noctuidae|chymotrypsin|,not vertebrate|cold|Helicoverpa armigera|Insecta|Lepidoptera|Noctuidae|chymotrypsin|,not vertebrate,cold,Helicoverpa armigera,Insecta,Lepidoptera,Noctuidae,chymotrypsin,
75821765__bacteria,gi|75821765__bacteria|cold|Vibrio cholerae RC385|Gammaproteobacteria|Vibrionales|Vibrionaceae|trypsin|,bacteria|cold|Vibrio cholerae RC385|Gammaproteobacteria|Vibrionales|Vibrionaceae|trypsin|,bacteria,cold,Vibrio cholerae RC385,Gammaproteobacteria,Vibrionales,Vibrionaceae,trypsin,
76694134__vertebrate,gi|76694134__vertebrate|warm|Bos taurus|Mammalia|Ruminantia|Bovidae|cathepsin|,vertebrate|warm|Bos taurus|Mammalia|Ruminantia|Bovidae|cathepsin|,vertebrate,warm,Bos taurus,Mammalia,Ruminantia,Bovidae,cathepsin,
68051445,gi|68051445|AAY84986__not vertebrate|cold|Drosophila melanogaster|Insecta|Diptera|Drosophilidae|ELSE|,not vertebrate|cold|Drosophila melanogaster|Insecta|Diptera|Drosophilidae|ELSE|,not vertebrate,cold,Drosophila melanogaster,Insecta,Diptera,Drosophilidae,ELSE,
47212679__vertebrate,gi|47212679__vertebrate|cold|tetraodon nigroviridis|Actinopterygii|Tetraodontiformes|Tetraodontidae|ELSE|,vertebrate|cold|tetraodon nigroviridis|Actinopterygii|Tetraodontiformes|Tetraodontidae|ELSE|,vertebrate,cold,tetraodon nigroviridis,Actinopterygii,Tetraodontiformes,Tetraodontidae,ELSE,
54638405,gi|54638405|EAL27807__not vertebrate|cold|drosophila pseudoobscura|Insecta|Diptera|Drosophilidae|ELSE|,not vertebrate|cold|drosophila pseudoobscura|Insecta|Diptera|Drosophilidae|ELSE|,not vertebrate,cold,drosophila pseudoobscura,Insecta,Diptera,Drosophilidae,ELSE,
54640832,gi|54640832|EAL29583__not vertebrate|cold|drosophila pseudoobscura|Insecta|Diptera|Drosophilidae|ELSE|,not vertebrate|cold|drosophila pseudoobscura|Insecta|Diptera|Drosophilidae|ELSE|,not vertebrate,cold,drosophila pseudoobscura,Insecta,Diptera,Drosophilidae,ELSE,
21430438,gi|21430438|AAM50897__not vertebrate|cold|Drosophila melanogaster|Insecta|Diptera|Drosophilidae|ELSE|,not vertebrate|cold|Drosophila melanogaster|Insecta|Diptera|Drosophilidae|ELSE|,not vertebrate,cold,Drosophila melanogaster,Insecta,Diptera,Drosophilidae,ELSE,
20177088,gi|20177088|AAM12248__not vertebrate|cold|Drosophila melanogaster|Insecta|Diptera|Drosophilidae|ELSE|,not vertebrate|cold|Drosophila melanogaster|Insecta|Diptera|Drosophilidae|ELSE|,not vertebrate,cold,Drosophila melanogaster,Insecta,Diptera,Drosophilidae,ELSE,
85815839__not vertebrate,gi|85815839__not vertebrate|cold|drosophila melanogaster|Insecta|Diptera|Drosophilidae|ELSE|,not vertebrate|cold|drosophila melanogaster|Insecta|Diptera|Drosophilidae|ELSE|,not vertebrate,cold,drosophila melanogaster,Insecta,Diptera,Drosophilidae,ELSE,
16304416,gi|16304416|AAL15154__not vertebrate|cold|Creontiades dilutus|Insecta|Hemiptera|Miridae|ELSE|,not vertebrate|cold|Creontiades dilutus|Insecta|Hemiptera|Miridae|ELSE|,not vertebrate,cold,Creontiades dilutus,Insecta,Hemiptera,Miridae,ELSE,
30176052,gi|30176052|EAA44223__not vertebrate|cold|anopheles gambiae str. pest|Insecta|Diptera|Culicidae|ELSE|,not vertebrate|cold|anopheles gambiae str. pest|Insecta|Diptera|Culicidae|ELSE|,not vertebrate,cold,anopheles gambiae str. pest,Insecta,Diptera,Culicidae,ELSE,
61843581__vertebrate,gi|61843581__vertebrate|warm|Bos taurus|Mammalia|Ruminantia|Bovidae|ELSE|,vertebrate|warm|Bos taurus|Mammalia|Ruminantia|Bovidae|ELSE|,vertebrate,warm,Bos taurus,Mammalia,Ruminantia,Bovidae,ELSE,
8037824,gi|8037824|AAF71519__not vertebrate|cold|Helicoverpa zea|Insecta|Lepidoptera|Noctuidae|chymotrypsin|,not vertebrate|cold|Helicoverpa zea|Insecta|Lepidoptera|Noctuidae|chymotrypsin|,not vertebrate,cold,Helicoverpa zea,Insecta,Lepidoptera,Noctuidae,chymotrypsin,
24648236__not vertebrate,gi|24648236__not vertebrate|cold|drosophila melanogaster|Insecta|Diptera|Drosophilidae|ELSE|,not vertebrate|cold|drosophila melanogaster|Insecta|Diptera|Drosophilidae|ELSE|,not vertebrate,cold,drosophila melanogaster,Insecta,Diptera,Drosophilidae,ELSE,
55234766,gi|55234766|EAL38835__not vertebrate|cold|anopheles gambiae str. pest|Insecta|Diptera|Culicidae|ELSE|,not vertebrate|cold|anopheles gambiae str. pest|Insecta|Diptera|Culicidae|ELSE|,not vertebrate,cold,anopheles gambiae str. pest,Insecta,Diptera,Culicidae,ELSE,
91092560__not vertebrate,gi|91092560__not vertebrate|cold|Tribolium castaneum|Insecta|Coleoptera|Tenebrionidae|ELSE|,not vertebrate|cold|Tribolium castaneum|Insecta|Coleoptera|Tenebrionidae|ELSE|,not vertebrate,cold,Tribolium castaneum,Insecta,Coleoptera,Tenebrionidae,ELSE,
55239427,gi|55239427|EAA11260__not vertebrate|cold|anopheles gambiae str. pest|Insecta|Diptera|Culicidae|ELSE|,not vertebrate|cold|anopheles gambiae str. pest|Insecta|Diptera|Culicidae|ELSE|,not vertebrate,cold,anopheles gambiae str. pest,Insecta,Diptera,Culicidae,ELSE,
62082421,gi|62082421|AAX62038__not vertebrate|cold|Ostrinia nubilalis|Insecta|Lepidoptera|Crambidae|trypsin|,not vertebrate|cold|Ostrinia nubilalis|Insecta|Lepidoptera|Crambidae|trypsin|,not vertebrate,cold,Ostrinia nubilalis,Insecta,Lepidoptera,Crambidae,trypsin,
55237288,gi|55237288|EAA12513__not vertebrate|cold|anopheles gambiae str. pest|Insecta|Diptera|Culicidae|ELSE|,not vertebrate|cold|anopheles gambiae str. pest|Insecta|Diptera|Culicidae|ELSE|,not vertebrate,cold,anopheles gambiae str. pest,Insecta,Diptera,Culicidae,ELSE,
33589603,gi|33589603|AAQ22568__not vertebrate|cold|Drosophila melanogaster|Insecta|Diptera|Drosophilidae|ELSE|,not vertebrate|cold|Drosophila melanogaster|Insecta|Diptera|Drosophilidae|ELSE|,not vertebrate,cold,Drosophila melanogaster,Insecta,Diptera,Drosophilidae,ELSE,
3319318,gi|3319318|AAC39130__not vertebrate|cold|Stomoxys calcitrans|Insecta|Diptera|Muscidae|ELSE|,not vertebrate|cold|Stomoxys calcitrans|Insecta|Diptera|Muscidae|ELSE|,not vertebrate,cold,Stomoxys calcitrans,Insecta,Diptera,Muscidae,ELSE,
29501764,gi|29501764|AAO75039__not vertebrate|cold|Spodoptera frugiperda|Insecta|Lepidoptera|Noctuidae|chymotrypsin|,not vertebrate|cold|Spodoptera frugiperda|Insecta|Lepidoptera|Noctuidae|chymotrypsin|,not vertebrate,cold,Spodoptera frugiperda,Insecta,Lepidoptera,Noctuidae,chymotrypsin,
55240109,gi|55240109|EAA09875__not vertebrate|cold|anopheles gambiae str. pest|Insecta|Diptera|Culicidae|ELSE|,not vertebrate|cold|anopheles gambiae str. pest|Insecta|Diptera|Culicidae|ELSE|,not vertebrate,cold,anopheles gambiae str. pest,Insecta,Diptera,Culicidae,ELSE,
24584310__not vertebrate,gi|24584310__not vertebrate|cold|drosophila melanogaster|Insecta|Diptera|Drosophilidae|ELSE|,not vertebrate|cold|drosophila melanogaster|Insecta|Diptera|Drosophilidae|ELSE|,not vertebrate,cold,drosophila melanogaster,Insecta,Diptera,Drosophilidae,ELSE,
73985957__vertebrate,gi|73985957__vertebrate|warm|Canis familiaris|Mammalia|Carnivora|Canidae|ELSE|,vertebrate|warm|Canis familiaris|Mammalia|Carnivora|Canidae|ELSE|,vertebrate,warm,Canis familiaris,Mammalia,Carnivora,Canidae,ELSE,
24658948__not vertebrate,gi|24658948__not vertebrate|cold|drosophila melanogaster|Insecta|Diptera|Drosophilidae|ELSE|,not vertebrate|cold|drosophila melanogaster|Insecta|Diptera|Drosophilidae|ELSE|,not vertebrate,cold,drosophila melanogaster,Insecta,Diptera,Drosophilidae,ELSE,
4164587,gi|4164587|AAD05563__not vertebrate|cold|Lumbricus bimastus|Oligochaeta|Haplotaxida|Lumbricidae|fibrinolytic|,not vertebrate|cold|Lumbricus bimastus|Oligochaeta|Haplotaxida|Lumbricidae|fibrinolytic|,not vertebrate,cold,Lumbricus bimastus,Oligochaeta,Haplotaxida,Lumbricidae,fibrinolytic,
55239752,gi|55239752|EAA10079__not vertebrate|cold|anopheles gambiae str. pest|Insecta|Diptera|Culicidae|ELSE|,not vertebrate|cold|anopheles gambiae str. pest|Insecta|Diptera|Culicidae|ELSE|,not vertebrate,cold,anopheles gambiae str. pest,Insecta,Diptera,Culicidae,ELSE,
46403148,gi|46403148|AAS92595__bacteria|cold|Streptomyces griseus|Actinobacteria (class)|Actinomycetales|Streptomycetaceae|trypsin|,bacteria|cold|Streptomyces griseus|Actinobacteria (class)|Actinomycetales|Streptomycetaceae|trypsin|,bacteria,cold,Streptomyces griseus,Actinobacteria (class),Actinomycetales,Streptomycetaceae,trypsin,
49204734__bacteria,gi|49204734__bacteria|cold|Streptomyces griseus|Actinobacteria (class)|Actinomycetales|Streptomycetaceae|trypsin|,bacteria|cold|Streptomyces griseus|Actinobacteria (class)|Actinomycetales|Streptomycetaceae|trypsin|,bacteria,cold,Streptomyces griseus,Actinobacteria (class),Actinomycetales,Streptomycetaceae,trypsin,
26000291,gi|26000291|AAN75575__not vertebrate|cold|Eisenia fetida|Oligochaeta|Haplotaxida|Lumbricidae|ELSE|,not vertebrate|cold|Eisenia fetida|Oligochaeta|Haplotaxida|Lumbricidae|ELSE|,not vertebrate,cold,Eisenia fetida,Oligochaeta,Haplotaxida,Lumbricidae,ELSE,
4098570,gi|4098570|AAD09224__not vertebrate|cold|Scolopendra subspinipes|Chilopoda|Scolopendromorpha|Scolopendridae|ELSE|,not vertebrate|cold|Scolopendra subspinipes|Chilopoda|Scolopendromorpha|Scolopendridae|ELSE|,not vertebrate,cold,Scolopendra subspinipes,Chilopoda,Scolopendromorpha,Scolopendridae,ELSE,
57114332__vertebrate,gi|57114332__vertebrate|warm|Rattus norvegicus|Mammalia|Rodentia|Muridae|testis specific|,vertebrate|warm|Rattus norvegicus|Mammalia|Rodentia|Muridae|testis specific|,vertebrate,warm,Rattus norvegicus,Mammalia,Rodentia,Muridae,testis specific,
66772247,gi|66772247|AAY55435__not vertebrate|cold|Drosophila melanogaster|Insecta|Diptera|Drosophilidae|ELSE|,not vertebrate|cold|Drosophila melanogaster|Insecta|Diptera|Drosophilidae|ELSE|,not vertebrate,cold,Drosophila melanogaster,Insecta,Diptera,Drosophilidae,ELSE,
66772135,gi|66772135|AAY55379__not vertebrate|cold|Drosophila melanogaster|Insecta|Diptera|Drosophilidae|ELSE|,not vertebrate|cold|Drosophila melanogaster|Insecta|Diptera|Drosophilidae|ELSE|,not vertebrate,cold,Drosophila melanogaster,Insecta,Diptera,Drosophilidae,ELSE,
54636382,gi|54636382|EAL25785__not vertebrate|cold|drosophila pseudoobscura|Insecta|Diptera|Drosophilidae|ELSE|,not vertebrate|cold|drosophila pseudoobscura|Insecta|Diptera|Drosophilidae|ELSE|,not vertebrate,cold,drosophila pseudoobscura,Insecta,Diptera,Drosophilidae,ELSE,
91092570__not vertebrate,gi|91092570__not vertebrate|cold|Tribolium castaneum|Insecta|Coleoptera|Tenebrionidae|ELSE|,not vertebrate|cold|Tribolium castaneum|Insecta|Coleoptera|Tenebrionidae|ELSE|,not vertebrate,cold,Tribolium castaneum,Insecta,Coleoptera,Tenebrionidae,ELSE,
89035239__vertebrate,gi|89035239__vertebrate|warm|Homo sapiens|Mammalia|Primates|Hominidae|c1 r|,vertebrate|warm|Homo sapiens|Mammalia|Primates|Hominidae|c1 r|,vertebrate,warm,Homo sapiens,Mammalia,Primates,Hominidae,c1 r,
55234092,gi|55234092|EAA01761__not vertebrate|cold|anopheles gambiae str. pest|Insecta|Diptera|Culicidae|ELSE|,not vertebrate|cold|anopheles gambiae str. pest|Insecta|Diptera|Culicidae|ELSE|,not vertebrate,cold,anopheles gambiae str. pest,Insecta,Diptera,Culicidae,ELSE,
66934887,gi|66934887|AAY59001__not vertebrate|cold|Glossina austeni|Insecta|Diptera|Glossinidae|proteolytic lectin|,not vertebrate|cold|Glossina austeni|Insecta|Diptera|Glossinidae|proteolytic lectin|,not vertebrate,cold,Glossina austeni,Insecta,Diptera,Glossinidae,proteolytic lectin,
33312549,gi|33312549|AAQ04074__fungi|cold|Conidiobolus coronatus|Zygomycetes|Entomophthorales|Ancylistaceae|not trypsin|,fungi|cold|Conidiobolus coronatus|Zygomycetes|Entomophthorales|Ancylistaceae|not trypsin|,fungi,cold,Conidiobolus coronatus,Zygomycetes,Entomophthorales,Ancylistaceae,not trypsin,
45550539__not vertebrate,gi|45550539__not vertebrate|cold|drosophila melanogaster|Insecta|Diptera|Drosophilidae|ELSE|,not vertebrate|cold|drosophila melanogaster|Insecta|Diptera|Drosophilidae|ELSE|,not vertebrate,cold,drosophila melanogaster,Insecta,Diptera,Drosophilidae,ELSE,
609526,gi|609526|AAA58743__not vertebrate|cold|Manduca sexta|Insecta|Lepidoptera|Sphingidae|chymotrypsin|,not vertebrate|cold|Manduca sexta|Insecta|Lepidoptera|Sphingidae|chymotrypsin|,not vertebrate,cold,Manduca sexta,Insecta,Lepidoptera,Sphingidae,chymotrypsin,
55235597,gi|55235597|EAA14929__not vertebrate|cold|anopheles gambiae str. pest|Insecta|Diptera|Culicidae|ELSE|,not vertebrate|cold|anopheles gambiae str. pest|Insecta|Diptera|Culicidae|ELSE|,not vertebrate,cold,anopheles gambiae str. pest,Insecta,Diptera,Culicidae,ELSE,
55235191,gi|55235191|EAA14885__not vertebrate|cold|anopheles gambiae str. pest|Insecta|Diptera|Culicidae|ELSE|,not vertebrate|cold|anopheles gambiae str. pest|Insecta|Diptera|Culicidae|ELSE|,not vertebrate,cold,anopheles gambiae str. pest,Insecta,Diptera,Culicidae,ELSE,
24657084__not vertebrate,gi|24657084__not vertebrate|cold|drosophila melanogaster|Insecta|Diptera|Drosophilidae|ELSE|,not vertebrate|cold|drosophila melanogaster|Insecta|Diptera|Drosophilidae|ELSE|,not vertebrate,cold,drosophila melanogaster,Insecta,Diptera,Drosophilidae,ELSE,
8037826,gi|8037826|AAF71520__not vertebrate|cold|Helicoverpa zea|Insecta|Lepidoptera|Noctuidae|chymotrypsin|,not vertebrate|cold|Helicoverpa zea|Insecta|Lepidoptera|Noctuidae|chymotrypsin|,not vertebrate,cold,Helicoverpa zea,Insecta,Lepidoptera,Noctuidae,chymotrypsin,
73978296__vertebrate,gi|73978296__vertebrate|warm|Canis familiaris|Mammalia|Carnivora|Canidae|tryptase|,vertebrate|warm|Canis familiaris|Mammalia|Carnivora|Canidae|tryptase|,vertebrate,warm,Canis familiaris,Mammalia,Carnivora,Canidae,tryptase,
91083501__not vertebrate,gi|91083501__not vertebrate|cold|Tribolium castaneum|Insecta|Coleoptera|Tenebrionidae|ELSE|,not vertebrate|cold|Tribolium castaneum|Insecta|Coleoptera|Tenebrionidae|ELSE|,not vertebrate,cold,Tribolium castaneum,Insecta,Coleoptera,Tenebrionidae,ELSE,
62003363,gi|62003363|AAX59051__not vertebrate|cold|Culex pipiens|Insecta|Diptera|Culicidae|chymotrypsin|,not vertebrate|cold|Culex pipiens|Insecta|Diptera|Culicidae|chymotrypsin|,not vertebrate,cold,Culex pipiens,Insecta,Diptera,Culicidae,chymotrypsin,
2499866,gi|2499866|Q54179__bacteria|cold|Streptomyces glaucescens|Actinobacteria (class)|Actinomycetales|Streptomycetaceae|trypsin|,bacteria|cold|Streptomyces glaucescens|Actinobacteria (class)|Actinomycetales|Streptomycetaceae|trypsin|,bacteria,cold,Streptomyces glaucescens,Actinobacteria (class),Actinomycetales,Streptomycetaceae,trypsin,
55240583,gi|55240583|EAA09503__not vertebrate|cold|anopheles gambiae str. pest|Insecta|Diptera|Culicidae|ELSE|,not vertebrate|cold|anopheles gambiae str. pest|Insecta|Diptera|Culicidae|ELSE|,not vertebrate,cold,anopheles gambiae str. pest,Insecta,Diptera,Culicidae,ELSE,
54636697,gi|54636697|EAL26100__not vertebrate|cold|drosophila pseudoobscura|Insecta|Diptera|Drosophilidae|ELSE|,not vertebrate|cold|drosophila pseudoobscura|Insecta|Diptera|Drosophilidae|ELSE|,not vertebrate,cold,drosophila pseudoobscura,Insecta,Diptera,Drosophilidae,ELSE,
21952507,gi|21952507|AAM82602__not vertebrate|cold|Glossina fuscipes fuscipes|Insecta|Diptera|Glossinidae|lectizyme|,not vertebrate|cold|Glossina fuscipes fuscipes|Insecta|Diptera|Glossinidae|lectizyme|,not vertebrate,cold,Glossina fuscipes fuscipes,Insecta,Diptera,Glossinidae,lectizyme,
29832750__bacteria,gi|29832750__bacteria|cold|streptomyces avermitilis ma-4680|Actinobacteria (class)|Actinomycetales|Streptomycetaceae|trypsin|,bacteria|cold|streptomyces avermitilis ma-4680|Actinobacteria (class)|Actinomycetales|Streptomycetaceae|trypsin|,bacteria,cold,streptomyces avermitilis ma-4680,Actinobacteria (class),Actinomycetales,Streptomycetaceae,trypsin,
54639241,gi|54639241|EAL28643__not vertebrate|cold|drosophila pseudoobscura|Insecta|Diptera|Drosophilidae|ELSE|,not vertebrate|cold|drosophila pseudoobscura|Insecta|Diptera|Drosophilidae|ELSE|,not vertebrate,cold,drosophila pseudoobscura,Insecta,Diptera,Drosophilidae,ELSE,
38194433,gi|38194433|AAR13226__not vertebrate|cold|Eisenia fetida|Oligochaeta|Haplotaxida|Lumbricidae|lumbrokinase|,not vertebrate|cold|Eisenia fetida|Oligochaeta|Haplotaxida|Lumbricidae|lumbrokinase|,not vertebrate,cold,Eisenia fetida,Oligochaeta,Haplotaxida,Lumbricidae,lumbrokinase,
47224045__vertebrate,gi|47224045__vertebrate|cold|tetraodon nigroviridis|Actinopterygii|Tetraodontiformes|Tetraodontidae|ELSE|,vertebrate|cold|tetraodon nigroviridis|Actinopterygii|Tetraodontiformes|Tetraodontidae|ELSE|,vertebrate,cold,tetraodon nigroviridis,Actinopterygii,Tetraodontiformes,Tetraodontidae,ELSE,
76647353__vertebrate,gi|76647353__vertebrate|warm|Bos taurus|Mammalia|Ruminantia|Bovidae|cathepsin|,vertebrate|warm|Bos taurus|Mammalia|Ruminantia|Bovidae|cathepsin|,vertebrate,warm,Bos taurus,Mammalia,Ruminantia,Bovidae,cathepsin,
54637346,gi|54637346|EAL26748__not vertebrate|cold|drosophila pseudoobscura|Insecta|Diptera|Drosophilidae|ELSE|,not vertebrate|cold|drosophila pseudoobscura|Insecta|Diptera|Drosophilidae|ELSE|,not vertebrate,cold,drosophila pseudoobscura,Insecta,Diptera,Drosophilidae,ELSE,
60678011,gi|60678011|AAX33512__not vertebrate|cold|Drosophila melanogaster|Insecta|Diptera|Drosophilidae|ELSE|,not vertebrate|cold|Drosophila melanogaster|Insecta|Diptera|Drosophilidae|ELSE|,not vertebrate,cold,Drosophila melanogaster,Insecta,Diptera,Drosophilidae,ELSE,
24646210__not vertebrate,gi|24646210__not vertebrate|cold|drosophila melanogaster|Insecta|Diptera|Drosophilidae|ELSE|,not vertebrate|cold|drosophila melanogaster|Insecta|Diptera|Drosophilidae|ELSE|,not vertebrate,cold,drosophila melanogaster,Insecta,Diptera,Drosophilidae,ELSE,
91090610__not vertebrate,gi|91090610__not vertebrate|cold|Tribolium castaneum|Insecta|Coleoptera|Tenebrionidae|ELSE|,not vertebrate|cold|Tribolium castaneum|Insecta|Coleoptera|Tenebrionidae|ELSE|,not vertebrate,cold,Tribolium castaneum,Insecta,Coleoptera,Tenebrionidae,ELSE,
68051311,gi|68051311|AAY84919__not vertebrate|cold|Drosophila melanogaster|Insecta|Diptera|Drosophilidae|ELSE|,not vertebrate|cold|Drosophila melanogaster|Insecta|Diptera|Drosophilidae|ELSE|,not vertebrate,cold,Drosophila melanogaster,Insecta,Diptera,Drosophilidae,ELSE,
1160388__not vertebrate,gi|1160388__not vertebrate|cold|Arenicola marina|Polychaeta|Capitellida|Arenicolidae|chymotrypsin|,not vertebrate|cold|Arenicola marina|Polychaeta|Capitellida|Arenicolidae|chymotrypsin|,not vertebrate,cold,Arenicola marina,Polychaeta,Capitellida,Arenicolidae,chymotrypsin,
24653921__not vertebrate,gi|24653921__not vertebrate|cold|drosophila melanogaster|Insecta|Diptera|Drosophilidae|ELSE|,not vertebrate|cold|drosophila melanogaster|Insecta|Diptera|Drosophilidae|ELSE|,not vertebrate,cold,drosophila melanogaster,Insecta,Diptera,Drosophilidae,ELSE,
23978611__vertebrate,gi|23978611__vertebrate|warm|Homo sapiens|Mammalia|Primates|Hominidae|protein C|,vertebrate|warm|Homo sapiens|Mammalia|Primates|Hominidae|protein C|,vertebrate,warm,Homo sapiens,Mammalia,Primates,Hominidae,protein C,
56418401,gi|56418401|AAV91008__not vertebrate|cold|Manduca sexta|Insecta|Lepidoptera|Sphingidae|hemolymph proteinase|,not vertebrate|cold|Manduca sexta|Insecta|Lepidoptera|Sphingidae|hemolymph proteinase|,not vertebrate,cold,Manduca sexta,Insecta,Lepidoptera,Sphingidae,hemolymph proteinase,
24650927__not vertebrate,gi|24650927__not vertebrate|cold|drosophila melanogaster|Insecta|Diptera|Drosophilidae|ELSE|,not vertebrate|cold|drosophila melanogaster|Insecta|Diptera|Drosophilidae|ELSE|,not vertebrate,cold,drosophila melanogaster,Insecta,Diptera,Drosophilidae,ELSE,
89520725,gi|89520725|ABD76397__not vertebrate|cold|Eisenia fetida|Oligochaeta|Haplotaxida|Lumbricidae|fibrinolytic|,not vertebrate|cold|Eisenia fetida|Oligochaeta|Haplotaxida|Lumbricidae|fibrinolytic|,not vertebrate,cold,Eisenia fetida,Oligochaeta,Haplotaxida,Lumbricidae,fibrinolytic,
8037819,gi|8037819|AAF71517__not vertebrate|cold|Agrotis ipsilon|Insecta|Lepidoptera|Noctuidae|chymotrypsin|,not vertebrate|cold|Agrotis ipsilon|Insecta|Lepidoptera|Noctuidae|chymotrypsin|,not vertebrate,cold,Agrotis ipsilon,Insecta,Lepidoptera,Noctuidae,chymotrypsin,
55240234,gi|55240234|EAA09771__not vertebrate|cold|anopheles gambiae str. pest|Insecta|Diptera|Culicidae|ELSE|,not vertebrate|cold|anopheles gambiae str. pest|Insecta|Diptera|Culicidae|ELSE|,not vertebrate,cold,anopheles gambiae str. pest,Insecta,Diptera,Culicidae,ELSE,
61968082,gi|61968082|AAX56968__not vertebrate|cold|Aedes aegypti|Insecta|Diptera|Culicidae|chymotrypsin|,not vertebrate|cold|Aedes aegypti|Insecta|Diptera|Culicidae|chymotrypsin|,not vertebrate,cold,Aedes aegypti,Insecta,Diptera,Culicidae,chymotrypsin,
24646214__not vertebrate,gi|24646214__not vertebrate|cold|drosophila melanogaster|Insecta|Diptera|Drosophilidae|ELSE|,not vertebrate|cold|drosophila melanogaster|Insecta|Diptera|Drosophilidae|ELSE|,not vertebrate,cold,drosophila melanogaster,Insecta,Diptera,Drosophilidae,ELSE,
55234776,gi|55234776|EAA00099__not vertebrate|cold|anopheles gambiae str. pest|Insecta|Diptera|Culicidae|ELSE|,not vertebrate|cold|anopheles gambiae str. pest|Insecta|Diptera|Culicidae|ELSE|,not vertebrate,cold,anopheles gambiae str. pest,Insecta,Diptera,Culicidae,ELSE,
4530046,gi|4530046|AAD21832__not vertebrate|cold|Ctenocephalides felis|Insecta|Siphonaptera|Pulicidae|chymotrypsin|,not vertebrate|cold|Ctenocephalides felis|Insecta|Siphonaptera|Pulicidae|chymotrypsin|,not vertebrate,cold,Ctenocephalides felis,Insecta,Siphonaptera,Pulicidae,chymotrypsin,
54642227,gi|54642227|EAL30976__not vertebrate|cold|drosophila pseudoobscura|Insecta|Diptera|Drosophilidae|ELSE|,not vertebrate|cold|drosophila pseudoobscura|Insecta|Diptera|Drosophilidae|ELSE|,not vertebrate,cold,drosophila pseudoobscura,Insecta,Diptera,Drosophilidae,ELSE,
39574823__bacteria,gi|39574823__bacteria|cold|Bdellovibrio bacteriovorus HD100|Deltaproteobacteria|Bdellovibrionales|Bdellovibrionaceae|not trypsin|,bacteria|cold|Bdellovibrio bacteriovorus HD100|Deltaproteobacteria|Bdellovibrionales|Bdellovibrionaceae|not trypsin|,bacteria,cold,Bdellovibrio bacteriovorus HD100,Deltaproteobacteria,Bdellovibrionales,Bdellovibrionaceae,not trypsin,
24762751__not vertebrate,gi|24762751__not vertebrate|cold|drosophila melanogaster|Insecta|Diptera|Drosophilidae|ELSE|,not vertebrate|cold|drosophila melanogaster|Insecta|Diptera|Drosophilidae|ELSE|,not vertebrate,cold,drosophila melanogaster,Insecta,Diptera,Drosophilidae,ELSE,
55240011,gi|55240011|EAA10309__not vertebrate|cold|anopheles gambiae str. pest|Insecta|Diptera|Culicidae|ELSE|,not vertebrate|cold|anopheles gambiae str. pest|Insecta|Diptera|Culicidae|ELSE|,not vertebrate,cold,anopheles gambiae str. pest,Insecta,Diptera,Culicidae,ELSE,
24648234__not vertebrate,gi|24648234__not vertebrate|cold|drosophila melanogaster|Insecta|Diptera|Drosophilidae|ELSE|,not vertebrate|cold|drosophila melanogaster|Insecta|Diptera|Drosophilidae|ELSE|,not vertebrate,cold,drosophila melanogaster,Insecta,Diptera,Drosophilidae,ELSE,
54640833,gi|54640833|EAL29584__not vertebrate|cold|drosophila pseudoobscura|Insecta|Diptera|Drosophilidae|ELSE|,not vertebrate|cold|drosophila pseudoobscura|Insecta|Diptera|Drosophilidae|ELSE|,not vertebrate,cold,drosophila pseudoobscura,Insecta,Diptera,Drosophilidae,ELSE,
91077986__not vertebrate,gi|91077986__not vertebrate|cold|Tribolium castaneum|Insecta|Coleoptera|Tenebrionidae|ELSE|,not vertebrate|cold|Tribolium castaneum|Insecta|Coleoptera|Tenebrionidae|ELSE|,not vertebrate,cold,Tribolium castaneum,Insecta,Coleoptera,Tenebrionidae,ELSE,
55235551,gi|55235551|EAA15020__not vertebrate|cold|anopheles gambiae str. pest|Insecta|Diptera|Culicidae|ELSE|,not vertebrate|cold|anopheles gambiae str. pest|Insecta|Diptera|Culicidae|ELSE|,not vertebrate,cold,anopheles gambiae str. pest,Insecta,Diptera,Culicidae,ELSE,
18568328,gi|18568328|AAL76034__not vertebrate|cold|Aedes aegypti|Insecta|Diptera|Culicidae|chymotrypsin|,not vertebrate|cold|Aedes aegypti|Insecta|Diptera|Culicidae|chymotrypsin|,not vertebrate,cold,Aedes aegypti,Insecta,Diptera,Culicidae,chymotrypsin,
24666547__not vertebrate,gi|24666547__not vertebrate|cold|drosophila melanogaster|Insecta|Diptera|Drosophilidae|ELSE|,not vertebrate|cold|drosophila melanogaster|Insecta|Diptera|Drosophilidae|ELSE|,not vertebrate,cold,drosophila melanogaster,Insecta,Diptera,Drosophilidae,ELSE,
55234380,gi|55234380|EAA43286__not vertebrate|cold|anopheles gambiae str. pest|Insecta|Diptera|Culicidae|ELSE|,not vertebrate|cold|anopheles gambiae str. pest|Insecta|Diptera|Culicidae|ELSE|,not vertebrate,cold,anopheles gambiae str. pest,Insecta,Diptera,Culicidae,ELSE,
55235590,gi|55235590|EAA15038__not vertebrate|cold|anopheles gambiae str. pest|Insecta|Diptera|Culicidae|ELSE|,not vertebrate|cold|anopheles gambiae str. pest|Insecta|Diptera|Culicidae|ELSE|,not vertebrate,cold,anopheles gambiae str. pest,Insecta,Diptera,Culicidae,ELSE,
87248295,gi|87248295|ABD36200__not vertebrate|cold|Bombyx mori|Insecta|Lepidoptera|Bombycidae|chymotrypsin|,not vertebrate|cold|Bombyx mori|Insecta|Lepidoptera|Bombycidae|chymotrypsin|,not vertebrate,cold,Bombyx mori,Insecta,Lepidoptera,Bombycidae,chymotrypsin,
228002__vertebrate,gi|228002__vertebrate|warm|Oryctolagus cuniculus|Mammalia|Lagomorpha|Leporidae|thrombin|,vertebrate|warm|Oryctolagus cuniculus|Mammalia|Lagomorpha|Leporidae|thrombin|,vertebrate,warm,Oryctolagus cuniculus,Mammalia,Lagomorpha,Leporidae,thrombin,
55242900,gi|55242900|EAA07037__not vertebrate|cold|anopheles gambiae str. pest|Insecta|Diptera|Culicidae|ELSE|,not vertebrate|cold|anopheles gambiae str. pest|Insecta|Diptera|Culicidae|ELSE|,not vertebrate,cold,anopheles gambiae str. pest,Insecta,Diptera,Culicidae,ELSE,
95102592,gi|95102592|ABF51234__not vertebrate|cold|Bombyx mori|Insecta|Lepidoptera|Bombycidae|not trypsin|,not vertebrate|cold|Bombyx mori|Insecta|Lepidoptera|Bombycidae|not trypsin|,not vertebrate,cold,Bombyx mori,Insecta,Lepidoptera,Bombycidae,not trypsin,
24651411__not vertebrate,gi|24651411__not vertebrate|cold|drosophila melanogaster|Insecta|Diptera|Drosophilidae|ELSE|,not vertebrate|cold|drosophila melanogaster|Insecta|Diptera|Drosophilidae|ELSE|,not vertebrate,cold,drosophila melanogaster,Insecta,Diptera,Drosophilidae,ELSE,
72538600,gi|72538600|EAL32105__not vertebrate|cold|drosophila pseudoobscura|Insecta|Diptera|Drosophilidae|ELSE|,not vertebrate|cold|drosophila pseudoobscura|Insecta|Diptera|Drosophilidae|ELSE|,not vertebrate,cold,drosophila pseudoobscura,Insecta,Diptera,Drosophilidae,ELSE,
55239261,gi|55239261|EAA11873__not vertebrate|cold|anopheles gambiae str. pest|Insecta|Diptera|Culicidae|ELSE|,not vertebrate|cold|anopheles gambiae str. pest|Insecta|Diptera|Culicidae|ELSE|,not vertebrate,cold,anopheles gambiae str. pest,Insecta,Diptera,Culicidae,ELSE,
54637347,gi|54637347|EAL26749__not vertebrate|cold|drosophila pseudoobscura|Insecta|Diptera|Drosophilidae|ELSE|,not vertebrate|cold|drosophila pseudoobscura|Insecta|Diptera|Drosophilidae|ELSE|,not vertebrate,cold,drosophila pseudoobscura,Insecta,Diptera,Drosophilidae,ELSE,
62082401,gi|62082401|AAX62028__not vertebrate|cold|Ostrinia nubilalis|Insecta|Lepidoptera|Crambidae|chymotrypsin|,not vertebrate|cold|Ostrinia nubilalis|Insecta|Lepidoptera|Crambidae|chymotrypsin|,not vertebrate,cold,Ostrinia nubilalis,Insecta,Lepidoptera,Crambidae,chymotrypsin,
30909091,gi|30909091|AAP37412__not vertebrate|cold|Polistes dominulus|Insecta|Hymenoptera|Vespidae|venom|,not vertebrate|cold|Polistes dominulus|Insecta|Hymenoptera|Vespidae|venom|,not vertebrate,cold,Polistes dominulus,Insecta,Hymenoptera,Vespidae,venom,
2353161,gi|2353161|AAC36149__not vertebrate|cold|Plodia interpunctella|Insecta|Lepidoptera|Pyralidae|chymotrypsin|,not vertebrate|cold|Plodia interpunctella|Insecta|Lepidoptera|Pyralidae|chymotrypsin|,not vertebrate,cold,Plodia interpunctella,Insecta,Lepidoptera,Pyralidae,chymotrypsin,
55234391,gi|55234391|EAA43290__not vertebrate|cold|anopheles gambiae str. pest|Insecta|Diptera|Culicidae|ELSE|,not vertebrate|cold|anopheles gambiae str. pest|Insecta|Diptera|Culicidae|ELSE|,not vertebrate,cold,anopheles gambiae str. pest,Insecta,Diptera,Culicidae,ELSE,
55235098,gi|55235098|EAL38936__not vertebrate|cold|anopheles gambiae str. pest|Insecta|Diptera|Culicidae|ELSE|,not vertebrate|cold|anopheles gambiae str. pest|Insecta|Diptera|Culicidae|ELSE|,not vertebrate,cold,anopheles gambiae str. pest,Insecta,Diptera,Culicidae,ELSE,
66772903,gi|66772903|AAY55762__not vertebrate|cold|Drosophila melanogaster|Insecta|Diptera|Drosophilidae|ELSE|,not vertebrate|cold|Drosophila melanogaster|Insecta|Diptera|Drosophilidae|ELSE|,not vertebrate,cold,Drosophila melanogaster,Insecta,Diptera,Drosophilidae,ELSE,
54639243,gi|54639243|EAL28645__not vertebrate|cold|drosophila pseudoobscura|Insecta|Diptera|Drosophilidae|ELSE|,not vertebrate|cold|drosophila pseudoobscura|Insecta|Diptera|Drosophilidae|ELSE|,not vertebrate,cold,drosophila pseudoobscura,Insecta,Diptera,Drosophilidae,ELSE,
2463064__not vertebrate,gi|2463064__not vertebrate|cold|Helicoverpa armigera|Insecta|Lepidoptera|Noctuidae|chymotrypsin|,not vertebrate|cold|Helicoverpa armigera|Insecta|Lepidoptera|Noctuidae|chymotrypsin|,not vertebrate,cold,Helicoverpa armigera,Insecta,Lepidoptera,Noctuidae,chymotrypsin,
68433037__vertebrate,gi|68433037__vertebrate|cold|Danio rerio|Actinopterygii|Cypriniformes|Cyprinidae|ELSE|,vertebrate|cold|Danio rerio|Actinopterygii|Cypriniformes|Cyprinidae|ELSE|,vertebrate,cold,Danio rerio,Actinopterygii,Cypriniformes,Cyprinidae,ELSE,
24656601__not vertebrate,gi|24656601__not vertebrate|cold|drosophila melanogaster|Insecta|Diptera|Drosophilidae|ELSE|,not vertebrate|cold|drosophila melanogaster|Insecta|Diptera|Drosophilidae|ELSE|,not vertebrate,cold,drosophila melanogaster,Insecta,Diptera,Drosophilidae,ELSE,
115590,gi|115590|P80015__vertebrate|warm|Sus scrofa|Mammalia|Laurasiatheria|Suidae|AZUROCIDIN|,vertebrate|warm|Sus scrofa|Mammalia|Laurasiatheria|Suidae|AZUROCIDIN|,vertebrate,warm,Sus scrofa,Mammalia,Laurasiatheria,Suidae,AZUROCIDIN,
66270131,gi|66270131|AAY43395__not vertebrate|cold|Phytophthora infestans|no record|Peronosporales|no record|trypsin|,not vertebrate|cold|Phytophthora infestans|no record|Peronosporales|no record|trypsin|,not vertebrate,cold,Phytophthora infestans,no record,Peronosporales,no record,trypsin,
62641347__vertebrate,gi|62641347__vertebrate|warm|Rattus norvegicus|Mammalia|Rodentia|Muridae|ELSE|,vertebrate|warm|Rattus norvegicus|Mammalia|Rodentia|Muridae|ELSE|,vertebrate,warm,Rattus norvegicus,Mammalia,Rodentia,Muridae,ELSE,
66772181,gi|66772181|AAY55402__not vertebrate|cold|Drosophila melanogaster|Insecta|Diptera|Drosophilidae|ELSE|,not vertebrate|cold|Drosophila melanogaster|Insecta|Diptera|Drosophilidae|ELSE|,not vertebrate,cold,Drosophila melanogaster,Insecta,Diptera,Drosophilidae,ELSE,
55237052,gi|55237052|EAL39497__not vertebrate|cold|anopheles gambiae str. pest|Insecta|Diptera|Culicidae|ELSE|,not vertebrate|cold|anopheles gambiae str. pest|Insecta|Diptera|Culicidae|ELSE|,not vertebrate,cold,anopheles gambiae str. pest,Insecta,Diptera,Culicidae,ELSE,
56418395,gi|56418395|AAV91005__not vertebrate|cold|Manduca sexta|Insecta|Lepidoptera|Sphingidae|hemolymph proteinase|,not vertebrate|cold|Manduca sexta|Insecta|Lepidoptera|Sphingidae|hemolymph proteinase|,not vertebrate,cold,Manduca sexta,Insecta,Lepidoptera,Sphingidae,hemolymph proteinase,
717150,gi|717150|AAA73920__not vertebrate|cold|Anopheles gambiae|Insecta|Diptera|Culicidae|ELSE|,not vertebrate|cold|Anopheles gambiae|Insecta|Diptera|Culicidae|ELSE|,not vertebrate,cold,Anopheles gambiae,Insecta,Diptera,Culicidae,ELSE,
45552661__not vertebrate,gi|45552661__not vertebrate|cold|drosophila melanogaster|Insecta|Diptera|Drosophilidae|ELSE|,not vertebrate|cold|drosophila melanogaster|Insecta|Diptera|Drosophilidae|ELSE|,not vertebrate,cold,drosophila melanogaster,Insecta,Diptera,Drosophilidae,ELSE,
55238486,gi|55238486|EAA11785__not vertebrate|cold|anopheles gambiae str. pest|Insecta|Diptera|Culicidae|ELSE|,not vertebrate|cold|anopheles gambiae str. pest|Insecta|Diptera|Culicidae|ELSE|,not vertebrate,cold,anopheles gambiae str. pest,Insecta,Diptera,Culicidae,ELSE,
66772495,gi|66772495|AAY55559__not vertebrate|cold|Drosophila melanogaster|Insecta|Diptera|Drosophilidae|ELSE|,not vertebrate|cold|Drosophila melanogaster|Insecta|Diptera|Drosophilidae|ELSE|,not vertebrate,cold,Drosophila melanogaster,Insecta,Diptera,Drosophilidae,ELSE,
7248890,gi|7248890|AAF43709__not vertebrate|cold|Heliothis virescens|Insecta|Lepidoptera|Noctuidae|chymotrypsin|,not vertebrate|cold|Heliothis virescens|Insecta|Lepidoptera|Noctuidae|chymotrypsin|,not vertebrate,cold,Heliothis virescens,Insecta,Lepidoptera,Noctuidae,chymotrypsin,
8037814,gi|8037814|AAF71515__not vertebrate|cold|Agrotis ipsilon|Insecta|Lepidoptera|Noctuidae|chymotrypsin|,not vertebrate|cold|Agrotis ipsilon|Insecta|Lepidoptera|Noctuidae|chymotrypsin|,not vertebrate,cold,Agrotis ipsilon,Insecta,Lepidoptera,Noctuidae,chymotrypsin,
55238444,gi|55238444|EAL39877__not vertebrate|cold|anopheles gambiae str. pest|Insecta|Diptera|Culicidae|ELSE|,not vertebrate|cold|anopheles gambiae str. pest|Insecta|Diptera|Culicidae|ELSE|,not vertebrate,cold,anopheles gambiae str. pest,Insecta,Diptera,Culicidae,ELSE,
55235026,gi|55235026|EAA00088__not vertebrate|cold|anopheles gambiae str. pest|Insecta|Diptera|Culicidae|ELSE|,not vertebrate|cold|anopheles gambiae str. pest|Insecta|Diptera|Culicidae|ELSE|,not vertebrate,cold,anopheles gambiae str. pest,Insecta,Diptera,Culicidae,ELSE,
54644256,gi|54644256|EAL32997__not vertebrate|cold|drosophila pseudoobscura|Insecta|Diptera|Drosophilidae|ELSE|,not vertebrate|cold|drosophila pseudoobscura|Insecta|Diptera|Drosophilidae|ELSE|,not vertebrate,cold,drosophila pseudoobscura,Insecta,Diptera,Drosophilidae,ELSE,
68399915__vertebrate,gi|68399915__vertebrate|cold|Danio rerio|Actinopterygii|Cypriniformes|Cyprinidae|cf d|,vertebrate|cold|Danio rerio|Actinopterygii|Cypriniformes|Cyprinidae|cf d|,vertebrate,cold,Danio rerio,Actinopterygii,Cypriniformes,Cyprinidae,cf d,
55237051,gi|55237051|EAA12960__not vertebrate|cold|anopheles gambiae str. pest|Insecta|Diptera|Culicidae|ELSE|,not vertebrate|cold|anopheles gambiae str. pest|Insecta|Diptera|Culicidae|ELSE|,not vertebrate,cold,anopheles gambiae str. pest,Insecta,Diptera,Culicidae,ELSE,
54639125,gi|54639125|EAL28527__not vertebrate|cold|drosophila pseudoobscura|Insecta|Diptera|Drosophilidae|ELSE|,not vertebrate|cold|drosophila pseudoobscura|Insecta|Diptera|Drosophilidae|ELSE|,not vertebrate,cold,drosophila pseudoobscura,Insecta,Diptera,Drosophilidae,ELSE,
55240466,gi|55240466|EAA09531__not vertebrate|cold|anopheles gambiae str. pest|Insecta|Diptera|Culicidae|ELSE|,not vertebrate|cold|anopheles gambiae str. pest|Insecta|Diptera|Culicidae|ELSE|,not vertebrate,cold,anopheles gambiae str. pest,Insecta,Diptera,Culicidae,ELSE,
50950077__not vertebrate,gi|50950077__not vertebrate|cold|Marsupenaeus japonicus|Malacostraca|Decapoda|Penaeidae|ELSE|,not vertebrate|cold|Marsupenaeus japonicus|Malacostraca|Decapoda|Penaeidae|ELSE|,not vertebrate,cold,Marsupenaeus japonicus,Malacostraca,Decapoda,Penaeidae,ELSE,
62082397,gi|62082397|AAX62026__not vertebrate|cold|Ostrinia nubilalis|Insecta|Lepidoptera|Crambidae|chymotrypsin|,not vertebrate|cold|Ostrinia nubilalis|Insecta|Lepidoptera|Crambidae|chymotrypsin|,not vertebrate,cold,Ostrinia nubilalis,Insecta,Lepidoptera,Crambidae,chymotrypsin,
55234390,gi|55234390|EAA00599__not vertebrate|cold|anopheles gambiae str. pest|Insecta|Diptera|Culicidae|ELSE|,not vertebrate|cold|anopheles gambiae str. pest|Insecta|Diptera|Culicidae|ELSE|,not vertebrate,cold,anopheles gambiae str. pest,Insecta,Diptera,Culicidae,ELSE,
38202335,gi|38202335|AAR14092__not vertebrate|cold|Sarcoptes scabiei type hominis|Arachnida|Astigmata|Sarcoptidae|allergen|,not vertebrate|cold|Sarcoptes scabiei type hominis|Arachnida|Astigmata|Sarcoptidae|allergen|,not vertebrate,cold,Sarcoptes scabiei type hominis,Arachnida,Astigmata,Sarcoptidae,allergen,
55237117,gi|55237117|EAA12978__not vertebrate|cold|anopheles gambiae str. pest|Insecta|Diptera|Culicidae|ELSE|,not vertebrate|cold|anopheles gambiae str. pest|Insecta|Diptera|Culicidae|ELSE|,not vertebrate,cold,anopheles gambiae str. pest,Insecta,Diptera,Culicidae,ELSE,
91088279__not vertebrate,gi|91088279__not vertebrate|cold|Tribolium castaneum|Insecta|Coleoptera|Tenebrionidae|chymotrypsin|,not vertebrate|cold|Tribolium castaneum|Insecta|Coleoptera|Tenebrionidae|chymotrypsin|,not vertebrate,cold,Tribolium castaneum,Insecta,Coleoptera,Tenebrionidae,chymotrypsin,
73978812__vertebrate,gi|73978812__vertebrate|warm|Canis familiaris|Mammalia|Carnivora|Canidae|not trypsin|,vertebrate|warm|Canis familiaris|Mammalia|Carnivora|Canidae|not trypsin|,vertebrate,warm,Canis familiaris,Mammalia,Carnivora,Canidae,not trypsin,
24658930__not vertebrate,gi|24658930__not vertebrate|cold|drosophila melanogaster|Insecta|Diptera|Drosophilidae|ELSE|,not vertebrate|cold|drosophila melanogaster|Insecta|Diptera|Drosophilidae|ELSE|,not vertebrate,cold,drosophila melanogaster,Insecta,Diptera,Drosophilidae,ELSE,
296362__not vertebrate,gi|296362__not vertebrate|cold|Haliotis rufescens|Gastropoda|Vetigastropoda|Haliotidae|ELSE|,not vertebrate|cold|Haliotis rufescens|Gastropoda|Vetigastropoda|Haliotidae|ELSE|,not vertebrate,cold,Haliotis rufescens,Gastropoda,Vetigastropoda,Haliotidae,ELSE,
292245,gi|292245|AAA36135__vertebrate|warm|Homo sapiens|Mammalia|Primates|Hominidae|kallikrein|,vertebrate|warm|Homo sapiens|Mammalia|Primates|Hominidae|kallikrein|,vertebrate,warm,Homo sapiens,Mammalia,Primates,Hominidae,kallikrein,
55240281,gi|55240281|EAA09704__not vertebrate|cold|anopheles gambiae str. pest|Insecta|Diptera|Culicidae|ELSE|,not vertebrate|cold|anopheles gambiae str. pest|Insecta|Diptera|Culicidae|ELSE|,not vertebrate,cold,anopheles gambiae str. pest,Insecta,Diptera,Culicidae,ELSE,
85816284__not vertebrate,gi|85816284__not vertebrate|cold|drosophila melanogaster|Insecta|Diptera|Drosophilidae|ELSE|,not vertebrate|cold|drosophila melanogaster|Insecta|Diptera|Drosophilidae|ELSE|,not vertebrate,cold,drosophila melanogaster,Insecta,Diptera,Drosophilidae,ELSE,
24584469__not vertebrate,gi|24584469__not vertebrate|cold|drosophila melanogaster|Insecta|Diptera|Drosophilidae|ELSE|,not vertebrate|cold|drosophila melanogaster|Insecta|Diptera|Drosophilidae|ELSE|,not vertebrate,cold,drosophila melanogaster,Insecta,Diptera,Drosophilidae,ELSE,
62663242__vertebrate,gi|62663242__vertebrate|warm|Rattus norvegicus|Mammalia|Rodentia|Muridae|tsp|,vertebrate|warm|Rattus norvegicus|Mammalia|Rodentia|Muridae|tsp|,vertebrate,warm,Rattus norvegicus,Mammalia,Rodentia,Muridae,tsp,
17986193__not vertebrate,gi|17986193__not vertebrate|cold|drosophila melanogaster|Insecta|Diptera|Drosophilidae|ELSE|,not vertebrate|cold|drosophila melanogaster|Insecta|Diptera|Drosophilidae|ELSE|,not vertebrate,cold,drosophila melanogaster,Insecta,Diptera,Drosophilidae,ELSE,
8037817,gi|8037817|AAF71516__not vertebrate|cold|Agrotis ipsilon|Insecta|Lepidoptera|Noctuidae|chymotrypsin|,not vertebrate|cold|Agrotis ipsilon|Insecta|Lepidoptera|Noctuidae|chymotrypsin|,not vertebrate,cold,Agrotis ipsilon,Insecta,Lepidoptera,Noctuidae,chymotrypsin,
28316990,gi|28316990|AAO39515__not vertebrate|cold|Drosophila melanogaster|Insecta|Diptera|Drosophilidae|ELSE|,not vertebrate|cold|Drosophila melanogaster|Insecta|Diptera|Drosophilidae|ELSE|,not vertebrate,cold,Drosophila melanogaster,Insecta,Diptera,Drosophilidae,ELSE,
1141777,gi|1141777|AAC35412__vertebrate|warm|Homo sapiens|Mammalia|Primates|Hominidae|hgf|,vertebrate|warm|Homo sapiens|Mammalia|Primates|Hominidae|hgf|,vertebrate,warm,Homo sapiens,Mammalia,Primates,Hominidae,hgf,
37926397,gi|37926397|AAP70245__vertebrate|warm|Homo sapiens|Mammalia|Primates|Hominidae|granzyme|b,vertebrate|warm|Homo sapiens|Mammalia|Primates|Hominidae|granzyme|b,vertebrate,warm,Homo sapiens,Mammalia,Primates,Hominidae,granzyme,b
55238500,gi|55238500|EAA11541__not vertebrate|cold|anopheles gambiae str. pest|Insecta|Diptera|Culicidae|ELSE|,not vertebrate|cold|anopheles gambiae str. pest|Insecta|Diptera|Culicidae|ELSE|,not vertebrate,cold,anopheles gambiae str. pest,Insecta,Diptera,Culicidae,ELSE,
13774937,gi|13774937|AAK39097__not vertebrate|cold|Aphanomyces astaci fungus|no record|no record|Saprolegniaceae|trypsin|,not vertebrate|cold|Aphanomyces astaci fungus|no record|no record|Saprolegniaceae|trypsin|,not vertebrate,cold,Aphanomyces astaci fungus,no record,no record,Saprolegniaceae,trypsin,
24661795__not vertebrate,gi|24661795__not vertebrate|cold|drosophila melanogaster|Insecta|Diptera|Drosophilidae|ELSE|,not vertebrate|cold|drosophila melanogaster|Insecta|Diptera|Drosophilidae|ELSE|,not vertebrate,cold,drosophila melanogaster,Insecta,Diptera,Drosophilidae,ELSE,
91088171__not vertebrate,gi|91088171__not vertebrate|cold|Tribolium castaneum|Insecta|Coleoptera|Tenebrionidae|kallikrein|,not vertebrate|cold|Tribolium castaneum|Insecta|Coleoptera|Tenebrionidae|kallikrein|,not vertebrate,cold,Tribolium castaneum,Insecta,Coleoptera,Tenebrionidae,kallikrein,
55234382,gi|55234382|EAA00252__not vertebrate|cold|anopheles gambiae str. pest|Insecta|Diptera|Culicidae|ELSE|,not vertebrate|cold|anopheles gambiae str. pest|Insecta|Diptera|Culicidae|ELSE|,not vertebrate,cold,anopheles gambiae str. pest,Insecta,Diptera,Culicidae,ELSE,
54644257,gi|54644257|EAL32998__not vertebrate|cold|drosophila pseudoobscura|Insecta|Diptera|Drosophilidae|ELSE|,not vertebrate|cold|drosophila pseudoobscura|Insecta|Diptera|Drosophilidae|ELSE|,not vertebrate,cold,drosophila pseudoobscura,Insecta,Diptera,Drosophilidae,ELSE,
27374241,gi|27374241|AAO01000__not vertebrate|cold|Drosophila erecta|Insecta|Diptera|Drosophilidae|ELSE|,not vertebrate|cold|Drosophila erecta|Insecta|Diptera|Drosophilidae|ELSE|,not vertebrate,cold,Drosophila erecta,Insecta,Diptera,Drosophilidae,ELSE,
91092612__not vertebrate,gi|91092612__not vertebrate|cold|Tribolium castaneum|Insecta|Coleoptera|Tenebrionidae|ELSE|,not vertebrate|cold|Tribolium castaneum|Insecta|Coleoptera|Tenebrionidae|ELSE|,not vertebrate,cold,Tribolium castaneum,Insecta,Coleoptera,Tenebrionidae,ELSE,
81674113,gi|81674113|AAI09552__vertebrate|warm|Bos taurus|Mammalia|Ruminantia|Bovidae|ELSE|,vertebrate|warm|Bos taurus|Mammalia|Ruminantia|Bovidae|ELSE|,vertebrate,warm,Bos taurus,Mammalia,Ruminantia,Bovidae,ELSE,
24649387__not vertebrate,gi|24649387__not vertebrate|cold|drosophila melanogaster|Insecta|Diptera|Drosophilidae|ELSE|,not vertebrate|cold|drosophila melanogaster|Insecta|Diptera|Drosophilidae|ELSE|,not vertebrate,cold,drosophila melanogaster,Insecta,Diptera,Drosophilidae,ELSE,
24642615__not vertebrate,gi|24642615__not vertebrate|cold|drosophila melanogaster|Insecta|Diptera|Drosophilidae|ELSE|,not vertebrate|cold|drosophila melanogaster|Insecta|Diptera|Drosophilidae|ELSE|,not vertebrate,cold,drosophila melanogaster,Insecta,Diptera,Drosophilidae,ELSE,
4760786__not vertebrate,gi|4760786__not vertebrate|cold|Bombyx mori|Insecta|Lepidoptera|Bombycidae|Protease A|,not vertebrate|cold|Bombyx mori|Insecta|Lepidoptera|Bombycidae|Protease A|,not vertebrate,cold,Bombyx mori,Insecta,Lepidoptera,Bombycidae,Protease A,
82571557,gi|82571557|AAI10162__vertebrate|warm|Bos taurus|Mammalia|Ruminantia|Bovidae|ELSE|,vertebrate|warm|Bos taurus|Mammalia|Ruminantia|Bovidae|ELSE|,vertebrate,warm,Bos taurus,Mammalia,Ruminantia,Bovidae,ELSE,
38202337,gi|38202337|AAR14093__not vertebrate|cold|Sarcoptes scabiei type hominis|Arachnida|Astigmata|Sarcoptidae|allergen|,not vertebrate|cold|Sarcoptes scabiei type hominis|Arachnida|Astigmata|Sarcoptidae|allergen|,not vertebrate,cold,Sarcoptes scabiei type hominis,Arachnida,Astigmata,Sarcoptidae,allergen,
54650716,gi|54650716|AAV36937__not vertebrate|cold|Drosophila melanogaster|Insecta|Diptera|Drosophilidae|ELSE|,not vertebrate|cold|Drosophila melanogaster|Insecta|Diptera|Drosophilidae|ELSE|,not vertebrate,cold,Drosophila melanogaster,Insecta,Diptera,Drosophilidae,ELSE,
21064475,gi|21064475|AAM29467__not vertebrate|cold|Drosophila melanogaster|Insecta|Diptera|Drosophilidae|ELSE|,not vertebrate|cold|Drosophila melanogaster|Insecta|Diptera|Drosophilidae|ELSE|,not vertebrate,cold,Drosophila melanogaster,Insecta,Diptera,Drosophilidae,ELSE,
15986721,gi|15986721|AAL11721__not vertebrate|cold|Phytophthora sojae|no record|Peronosporales|no record|gluanase inhibitor|,not vertebrate|cold|Phytophthora sojae|no record|Peronosporales|no record|gluanase inhibitor|,not vertebrate,cold,Phytophthora sojae,no record,Peronosporales,no record,gluanase inhibitor,
38202339,gi|38202339|AAR14094__not vertebrate|cold|Sarcoptes scabiei type hominis|Arachnida|Astigmata|Sarcoptidae|allergen|,not vertebrate|cold|Sarcoptes scabiei type hominis|Arachnida|Astigmata|Sarcoptidae|allergen|,not vertebrate,cold,Sarcoptes scabiei type hominis,Arachnida,Astigmata,Sarcoptidae,allergen,
57097607__vertebrate,gi|57097607__vertebrate|warm|Canis familiaris|Mammalia|Carnivora|Canidae|trypsin|,vertebrate|warm|Canis familiaris|Mammalia|Carnivora|Canidae|trypsin|,vertebrate,warm,Canis familiaris,Mammalia,Carnivora,Canidae,trypsin,
55242870,gi|55242870|EAA45022__not vertebrate|cold|anopheles gambiae str. pest|Insecta|Diptera|Culicidae|ELSE|,not vertebrate|cold|anopheles gambiae str. pest|Insecta|Diptera|Culicidae|ELSE|,not vertebrate,cold,anopheles gambiae str. pest,Insecta,Diptera,Culicidae,ELSE,
21392140,gi|21392140|AAM48424__not vertebrate|cold|Drosophila melanogaster|Insecta|Diptera|Drosophilidae|ELSE|,not vertebrate|cold|Drosophila melanogaster|Insecta|Diptera|Drosophilidae|ELSE|,not vertebrate,cold,Drosophila melanogaster,Insecta,Diptera,Drosophilidae,ELSE,
37901740,gi|37901740|AAP51250__not vertebrate|cold|Periserrula leucophryna|Polychaeta|Phyllodocida|Nereididae|not trypsin|,not vertebrate|cold|Periserrula leucophryna|Polychaeta|Phyllodocida|Nereididae|not trypsin|,not vertebrate,cold,Periserrula leucophryna,Polychaeta,Phyllodocida,Nereididae,not trypsin,
2463098__not vertebrate,gi|2463098__not vertebrate|cold|Heterodera glycines|Chromadorea|Tylenchida|Heteroderidae|ELSE|,not vertebrate|cold|Heterodera glycines|Chromadorea|Tylenchida|Heteroderidae|ELSE|,not vertebrate,cold,Heterodera glycines,Chromadorea,Tylenchida,Heteroderidae,ELSE,
40882517,gi|40882517|AAR96170__not vertebrate|cold|Drosophila melanogaster|Insecta|Diptera|Drosophilidae|ELSE|,not vertebrate|cold|Drosophila melanogaster|Insecta|Diptera|Drosophilidae|ELSE|,not vertebrate,cold,Drosophila melanogaster,Insecta,Diptera,Drosophilidae,ELSE,
12743951,gi|12743951|AAK06410__not vertebrate|cold|Bombyx mori|Insecta|Lepidoptera|Bombycidae|ELSE|,not vertebrate|cold|Bombyx mori|Insecta|Lepidoptera|Bombycidae|ELSE|,not vertebrate,cold,Bombyx mori,Insecta,Lepidoptera,Bombycidae,ELSE,
21311448,gi|21311448|AAM46727__not vertebrate|cold|Trichoplusia ni|Insecta|Lepidoptera|Noctuidae|AZUROCIDIN|,not vertebrate|cold|Trichoplusia ni|Insecta|Lepidoptera|Noctuidae|AZUROCIDIN|,not vertebrate,cold,Trichoplusia ni,Insecta,Lepidoptera,Noctuidae,AZUROCIDIN,
21299498,gi|21299498|EAA11643__not vertebrate|cold|anopheles gambiae str. pest|Insecta|Diptera|Culicidae|ELSE|,not vertebrate|cold|anopheles gambiae str. pest|Insecta|Diptera|Culicidae|ELSE|,not vertebrate,cold,anopheles gambiae str. pest,Insecta,Diptera,Culicidae,ELSE,
845581,gi|845581|AAA67842__not vertebrate|cold|Manduca sexta|Insecta|Lepidoptera|Sphingidae|elastase|,not vertebrate|cold|Manduca sexta|Insecta|Lepidoptera|Sphingidae|elastase|,not vertebrate,cold,Manduca sexta,Insecta,Lepidoptera,Sphingidae,elastase,
38174150,gi|38174150|AAH61035__vertebrate|warm|Mus musculus|Mammalia|Rodentia|Muridae|ELSE|,vertebrate|warm|Mus musculus|Mammalia|Rodentia|Muridae|ELSE|,vertebrate,warm,Mus musculus,Mammalia,Rodentia,Muridae,ELSE,
60735591,gi|60735591|AAX35812__not vertebrate|cold|Spodoptera exigua|Insecta|Lepidoptera|Noctuidae|chymotrypsin|,not vertebrate|cold|Spodoptera exigua|Insecta|Lepidoptera|Noctuidae|chymotrypsin|,not vertebrate,cold,Spodoptera exigua,Insecta,Lepidoptera,Noctuidae,chymotrypsin,
56118071,gi|56118071|AAV73911__vertebrate|cold|Gadus morhua|Actinopterygii|Gadiformes|Gadidae|granzyme|one,vertebrate|cold|Gadus morhua|Actinopterygii|Gadiformes|Gadidae|granzyme|one,vertebrate,cold,Gadus morhua,Actinopterygii,Gadiformes,Gadidae,granzyme,one
94966929__vertebrate,gi|94966929__vertebrate|warm|Bos taurus|Mammalia|Ruminantia|Bovidae|ELSE|,vertebrate|warm|Bos taurus|Mammalia|Ruminantia|Bovidae|ELSE|,vertebrate,warm,Bos taurus,Mammalia,Ruminantia,Bovidae,ELSE,
28573809__not vertebrate,gi|28573809__not vertebrate|cold|drosophila melanogaster|Insecta|Diptera|Drosophilidae|ELSE|,not vertebrate|cold|drosophila melanogaster|Insecta|Diptera|Drosophilidae|ELSE|,not vertebrate,cold,drosophila melanogaster,Insecta,Diptera,Drosophilidae,ELSE,
55246518,gi|55246518|EAA03454__not vertebrate|cold|anopheles gambiae str. pest|Insecta|Diptera|Culicidae|ELSE|,not vertebrate|cold|anopheles gambiae str. pest|Insecta|Diptera|Culicidae|ELSE|,not vertebrate,cold,anopheles gambiae str. pest,Insecta,Diptera,Culicidae,ELSE,
56606135__vertebrate,gi|56606135__vertebrate|warm|Homo sapiens|Mammalia|Primates|Hominidae|ELSE|,vertebrate|warm|Homo sapiens|Mammalia|Primates|Hominidae|ELSE|,vertebrate,warm,Homo sapiens,Mammalia,Primates,Hominidae,ELSE,
2642189,gi|2642189|AAB86926__not vertebrate|cold|Boltenia villosa|Ascidiacea|Stolidobranchia|Pyuridae|chymotrypsin|,not vertebrate|cold|Boltenia villosa|Ascidiacea|Stolidobranchia|Pyuridae|chymotrypsin|,not vertebrate,cold,Boltenia villosa,Ascidiacea,Stolidobranchia,Pyuridae,chymotrypsin,
38202331,gi|38202331|AAR14090__not vertebrate|cold|Sarcoptes scabiei type hominis|Arachnida|Astigmata|Sarcoptidae|allergen|,not vertebrate|cold|Sarcoptes scabiei type hominis|Arachnida|Astigmata|Sarcoptidae|allergen|,not vertebrate,cold,Sarcoptes scabiei type hominis,Arachnida,Astigmata,Sarcoptidae,allergen,
55241207,gi|55241207|EAA08728__not vertebrate|cold|anopheles gambiae str. pest|Insecta|Diptera|Culicidae|ELSE|,not vertebrate|cold|anopheles gambiae str. pest|Insecta|Diptera|Culicidae|ELSE|,not vertebrate,cold,anopheles gambiae str. pest,Insecta,Diptera,Culicidae,ELSE,
28573984__not vertebrate,gi|28573984__not vertebrate|cold|drosophila melanogaster|Insecta|Diptera|Drosophilidae|ELSE|,not vertebrate|cold|drosophila melanogaster|Insecta|Diptera|Drosophilidae|ELSE|,not vertebrate,cold,drosophila melanogaster,Insecta,Diptera,Drosophilidae,ELSE,
30842778,gi|30842778|AAP41416__vertebrate|warm|Mus musculus|Mammalia|Rodentia|Muridae|c1 r|,vertebrate|warm|Mus musculus|Mammalia|Rodentia|Muridae|c1 r|,vertebrate,warm,Mus musculus,Mammalia,Rodentia,Muridae,c1 r,
2738869,gi|2738869|AAB94560__not vertebrate|cold|Manduca sexta|Insecta|Lepidoptera|Sphingidae|hemocyte protease|,not vertebrate|cold|Manduca sexta|Insecta|Lepidoptera|Sphingidae|hemocyte protease|,not vertebrate,cold,Manduca sexta,Insecta,Lepidoptera,Sphingidae,hemocyte protease,
95102864,gi|95102864|ABF51373__not vertebrate|cold|Bombyx mori|Insecta|Lepidoptera|Bombycidae|chymotrypsin|,not vertebrate|cold|Bombyx mori|Insecta|Lepidoptera|Bombycidae|chymotrypsin|,not vertebrate,cold,Bombyx mori,Insecta,Lepidoptera,Bombycidae,chymotrypsin,
17944678,gi|17944678|AAL48408__not vertebrate|cold|Drosophila melanogaster|Insecta|Diptera|Drosophilidae|ELSE|,not vertebrate|cold|Drosophila melanogaster|Insecta|Diptera|Drosophilidae|ELSE|,not vertebrate,cold,Drosophila melanogaster,Insecta,Diptera,Drosophilidae,ELSE,
54641827,gi|54641827|EAL30577__not vertebrate|cold|drosophila pseudoobscura|Insecta|Diptera|Drosophilidae|ELSE|,not vertebrate|cold|drosophila pseudoobscura|Insecta|Diptera|Drosophilidae|ELSE|,not vertebrate,cold,drosophila pseudoobscura,Insecta,Diptera,Drosophilidae,ELSE,
15986719,gi|15986719|AAL11720__not vertebrate|cold|Phytophthora sojae|no record|Peronosporales|no record|gluanase inhibitor|,not vertebrate|cold|Phytophthora sojae|no record|Peronosporales|no record|gluanase inhibitor|,not vertebrate,cold,Phytophthora sojae,no record,Peronosporales,no record,gluanase inhibitor,
21428630,gi|21428630|AAM49975__not vertebrate|cold|Drosophila melanogaster|Insecta|Diptera|Drosophilidae|ELSE|,not vertebrate|cold|Drosophila melanogaster|Insecta|Diptera|Drosophilidae|ELSE|,not vertebrate,cold,Drosophila melanogaster,Insecta,Diptera,Drosophilidae,ELSE,
56199542,gi|56199542|AAV84260__not vertebrate|cold|Culicoides sonorensis|Insecta|Diptera|Ceratopogonidae|ELSE|,not vertebrate|cold|Culicoides sonorensis|Insecta|Diptera|Ceratopogonidae|ELSE|,not vertebrate,cold,Culicoides sonorensis,Insecta,Diptera,Ceratopogonidae,ELSE,
38202341,gi|38202341|AAR14095__not vertebrate|cold|Sarcoptes scabiei type hominis|Arachnida|Astigmata|Sarcoptidae|allergen|,not vertebrate|cold|Sarcoptes scabiei type hominis|Arachnida|Astigmata|Sarcoptidae|allergen|,not vertebrate,cold,Sarcoptes scabiei type hominis,Arachnida,Astigmata,Sarcoptidae,allergen,
54643916,gi|54643916|EAL32659__not vertebrate|cold|drosophila pseudoobscura|Insecta|Diptera|Drosophilidae|ELSE|,not vertebrate|cold|drosophila pseudoobscura|Insecta|Diptera|Drosophilidae|ELSE|,not vertebrate,cold,drosophila pseudoobscura,Insecta,Diptera,Drosophilidae,ELSE,
47522826__vertebrate,gi|47522826__vertebrate|warm|Sus scrofa|Mammalia|Laurasiatheria|Suidae|haptoglobin|,vertebrate|warm|Sus scrofa|Mammalia|Laurasiatheria|Suidae|haptoglobin|,vertebrate,warm,Sus scrofa,Mammalia,Laurasiatheria,Suidae,haptoglobin,
47124562,gi|47124562|AAH70299__vertebrate|warm|Homo sapiens|Mammalia|Primates|Hominidae|ELSE|,vertebrate|warm|Homo sapiens|Mammalia|Primates|Hominidae|ELSE|,vertebrate,warm,Homo sapiens,Mammalia,Primates,Hominidae,ELSE,
1212947__vertebrate,gi|1212947__vertebrate|warm|Homo sapiens|Mammalia|Primates|Hominidae|haptoglobin|,vertebrate|warm|Homo sapiens|Mammalia|Primates|Hominidae|haptoglobin|,vertebrate,warm,Homo sapiens,Mammalia,Primates,Hominidae,haptoglobin,
91076470__not vertebrate,gi|91076470__not vertebrate|cold|Tribolium castaneum|Insecta|Coleoptera|Tenebrionidae|ELSE|,not vertebrate|cold|Tribolium castaneum|Insecta|Coleoptera|Tenebrionidae|ELSE|,not vertebrate,cold,Tribolium castaneum,Insecta,Coleoptera,Tenebrionidae,ELSE,
176792,gi|176792|AAA35412__vertebrate|warm|Pan troglodytes|Mammalia|Primates|Hominidae|haptoglobin|,vertebrate|warm|Pan troglodytes|Mammalia|Primates|Hominidae|haptoglobin|,vertebrate,warm,Pan troglodytes,Mammalia,Primates,Hominidae,haptoglobin,
54644773,gi|54644773|EAL33513__not vertebrate|cold|drosophila pseudoobscura|Insecta|Diptera|Drosophilidae|ELSE|,not vertebrate|cold|drosophila pseudoobscura|Insecta|Diptera|Drosophilidae|ELSE|,not vertebrate,cold,drosophila pseudoobscura,Insecta,Diptera,Drosophilidae,ELSE,
38202315,gi|38202315|AAR14082__not vertebrate|cold|Sarcoptes scabiei type hominis|Arachnida|Astigmata|Sarcoptidae|allergen|,not vertebrate|cold|Sarcoptes scabiei type hominis|Arachnida|Astigmata|Sarcoptidae|allergen|,not vertebrate,cold,Sarcoptes scabiei type hominis,Arachnida,Astigmata,Sarcoptidae,allergen,
66771661,gi|66771661|AAY55142__not vertebrate|cold|Drosophila melanogaster|Insecta|Diptera|Drosophilidae|ELSE|,not vertebrate|cold|Drosophila melanogaster|Insecta|Diptera|Drosophilidae|ELSE|,not vertebrate,cold,Drosophila melanogaster,Insecta,Diptera,Drosophilidae,ELSE,
62082405,gi|62082405|AAX62030__not vertebrate|cold|Ostrinia nubilalis|Insecta|Lepidoptera|Crambidae|chymotrypsin|,not vertebrate|cold|Ostrinia nubilalis|Insecta|Lepidoptera|Crambidae|chymotrypsin|,not vertebrate,cold,Ostrinia nubilalis,Insecta,Lepidoptera,Crambidae,chymotrypsin,
28809933__bacteria,gi|28809933__bacteria|cold|Vibrio parahaemolyticus RIMD 2210633|Gammaproteobacteria|Vibrionales|Vibrionaceae|ELSE|,bacteria|cold|Vibrio parahaemolyticus RIMD 2210633|Gammaproteobacteria|Vibrionales|Vibrionaceae|ELSE|,bacteria,cold,Vibrio parahaemolyticus RIMD 2210633,Gammaproteobacteria,Vibrionales,Vibrionaceae,ELSE,
45552385__not vertebrate,gi|45552385__not vertebrate|cold|drosophila melanogaster|Insecta|Diptera|Drosophilidae|ELSE|,not vertebrate|cold|drosophila melanogaster|Insecta|Diptera|Drosophilidae|ELSE|,not vertebrate,cold,drosophila melanogaster,Insecta,Diptera,Drosophilidae,ELSE,
14530165__not vertebrate,gi|14530165__not vertebrate|cold|Pimpla hypochondriaca|Insecta|Hymenoptera|Ichneumonidae|ELSE|,not vertebrate|cold|Pimpla hypochondriaca|Insecta|Hymenoptera|Ichneumonidae|ELSE|,not vertebrate,cold,Pimpla hypochondriaca,Insecta,Hymenoptera,Ichneumonidae,ELSE,
54641091,gi|54641091|EAL29842__not vertebrate|cold|drosophila pseudoobscura|Insecta|Diptera|Drosophilidae|ELSE|,not vertebrate|cold|drosophila pseudoobscura|Insecta|Diptera|Drosophilidae|ELSE|,not vertebrate,cold,drosophila pseudoobscura,Insecta,Diptera,Drosophilidae,ELSE,
54643914,gi|54643914|EAL32657__not vertebrate|cold|drosophila pseudoobscura|Insecta|Diptera|Drosophilidae|ELSE|,not vertebrate|cold|drosophila pseudoobscura|Insecta|Diptera|Drosophilidae|ELSE|,not vertebrate,cold,drosophila pseudoobscura,Insecta,Diptera,Drosophilidae,ELSE,
54641826,gi|54641826|EAL30576__not vertebrate|cold|drosophila pseudoobscura|Insecta|Diptera|Drosophilidae|ELSE|,not vertebrate|cold|drosophila pseudoobscura|Insecta|Diptera|Drosophilidae|ELSE|,not vertebrate,cold,drosophila pseudoobscura,Insecta,Diptera,Drosophilidae,ELSE,
55235323,gi|55235323|EAA14839__not vertebrate|cold|anopheles gambiae str. pest|Insecta|Diptera|Culicidae|ELSE|,not vertebrate|cold|anopheles gambiae str. pest|Insecta|Diptera|Culicidae|ELSE|,not vertebrate,cold,anopheles gambiae str. pest,Insecta,Diptera,Culicidae,ELSE,
24584831__not vertebrate,gi|24584831__not vertebrate|cold|drosophila melanogaster|Insecta|Diptera|Drosophilidae|ELSE|,not vertebrate|cold|drosophila melanogaster|Insecta|Diptera|Drosophilidae|ELSE|,not vertebrate,cold,drosophila melanogaster,Insecta,Diptera,Drosophilidae,ELSE,
55238126,gi|55238126|EAA11001__not vertebrate|cold|anopheles gambiae str. pest|Insecta|Diptera|Culicidae|ELSE|,not vertebrate|cold|anopheles gambiae str. pest|Insecta|Diptera|Culicidae|ELSE|,not vertebrate,cold,anopheles gambiae str. pest,Insecta,Diptera,Culicidae,ELSE,
55234630,gi|55234630|EAL38782__not vertebrate|cold|anopheles gambiae str. pest|Insecta|Diptera|Culicidae|ELSE|,not vertebrate|cold|anopheles gambiae str. pest|Insecta|Diptera|Culicidae|ELSE|,not vertebrate,cold,anopheles gambiae str. pest,Insecta,Diptera,Culicidae,ELSE,
38202329,gi|38202329|AAR14089__not vertebrate|cold|Sarcoptes scabiei type hominis|Arachnida|Astigmata|Sarcoptidae|allergen|,not vertebrate|cold|Sarcoptes scabiei type hominis|Arachnida|Astigmata|Sarcoptidae|allergen|,not vertebrate,cold,Sarcoptes scabiei type hominis,Arachnida,Astigmata,Sarcoptidae,allergen,
38202333,gi|38202333|AAR14091__not vertebrate|cold|Sarcoptes scabiei type hominis|Arachnida|Astigmata|Sarcoptidae|allergen|,not vertebrate|cold|Sarcoptes scabiei type hominis|Arachnida|Astigmata|Sarcoptidae|allergen|,not vertebrate,cold,Sarcoptes scabiei type hominis,Arachnida,Astigmata,Sarcoptidae,allergen,
57164001__vertebrate,gi|57164001__vertebrate|warm|Rattus norvegicus|Mammalia|Rodentia|Muridae|not trypsin|,vertebrate|warm|Rattus norvegicus|Mammalia|Rodentia|Muridae|not trypsin|,vertebrate,warm,Rattus norvegicus,Mammalia,Rodentia,Muridae,not trypsin,
59713456__bacteria,gi|59713456__bacteria|cold|vibrio fischeri es114|Gammaproteobacteria|Vibrionales|Vibrionaceae|elastase|,bacteria|cold|vibrio fischeri es114|Gammaproteobacteria|Vibrionales|Vibrionaceae|elastase|,bacteria,cold,vibrio fischeri es114,Gammaproteobacteria,Vibrionales,Vibrionaceae,elastase,
55235620,gi|55235620|EAA15070__not vertebrate|cold|anopheles gambiae str. pest|Insecta|Diptera|Culicidae|ELSE|,not vertebrate|cold|anopheles gambiae str. pest|Insecta|Diptera|Culicidae|ELSE|,not vertebrate,cold,anopheles gambiae str. pest,Insecta,Diptera,Culicidae,ELSE,
41019123,gi|41019123|O35086__vertebrate|warm|Mesocricetus auratus|Mammalia|Rodentia|Cricetidae|haptoglobin|,vertebrate|warm|Mesocricetus auratus|Mammalia|Rodentia|Cricetidae|haptoglobin|,vertebrate,warm,Mesocricetus auratus,Mammalia,Rodentia,Cricetidae,haptoglobin,
54650712,gi|54650712|AAV36935__not vertebrate|cold|Drosophila melanogaster|Insecta|Diptera|Drosophilidae|ELSE|,not vertebrate|cold|Drosophila melanogaster|Insecta|Diptera|Drosophilidae|ELSE|,not vertebrate,cold,Drosophila melanogaster,Insecta,Diptera,Drosophilidae,ELSE,
48526469,gi|48526469|AAT45429__vertebrate|warm|Papio hamadryas|Mammalia|Primates|Cercopithecidae|haptoglobin|,vertebrate|warm|Papio hamadryas|Mammalia|Primates|Cercopithecidae|haptoglobin|,vertebrate,warm,Papio hamadryas,Mammalia,Primates,Cercopithecidae,haptoglobin,
45736335__not vertebrate,gi|45736335__not vertebrate|cold|Bombyx mori|Insecta|Lepidoptera|Bombycidae|ELSE|,not vertebrate|cold|Bombyx mori|Insecta|Lepidoptera|Bombycidae|ELSE|,not vertebrate,cold,Bombyx mori,Insecta,Lepidoptera,Bombycidae,ELSE,
37575429,gi|37575429|AAQ93679__not vertebrate|cold|Penaeus monodon|Malacostraca|Decapoda|Penaeidae|ELSE|,not vertebrate|cold|Penaeus monodon|Malacostraca|Decapoda|Penaeidae|ELSE|,not vertebrate,cold,Penaeus monodon,Malacostraca,Decapoda,Penaeidae,ELSE,
48526467,gi|48526467|AAT45428__vertebrate|warm|Cercocebus torquatus atys|Mammalia|Primates|Cercopithecidae|haptoglobin|,vertebrate|warm|Cercocebus torquatus atys|Mammalia|Primates|Cercopithecidae|haptoglobin|,vertebrate,warm,Cercocebus torquatus atys,Mammalia,Primates,Cercopithecidae,haptoglobin,
32699220,gi|32699220|AAB09110__not vertebrate|cold|caenorhabditis elegans|Chromadorea|Rhabditida|Rhabditidae|not trypsin|,not vertebrate|cold|caenorhabditis elegans|Chromadorea|Rhabditida|Rhabditidae|not trypsin|,not vertebrate,cold,caenorhabditis elegans,Chromadorea,Rhabditida,Rhabditidae,not trypsin,
24657100__not vertebrate,gi|24657100__not vertebrate|cold|drosophila melanogaster|Insecta|Diptera|Drosophilidae|ELSE|,not vertebrate|cold|drosophila melanogaster|Insecta|Diptera|Drosophilidae|ELSE|,not vertebrate,cold,drosophila melanogaster,Insecta,Diptera,Drosophilidae,ELSE,
53803193__not vertebrate,gi|53803193__not vertebrate|cold|methylococcus capsulatus str. bath|Gammaproteobacteria|Methylococcales|Methylococcaceae|not trypsin|,not vertebrate|cold|methylococcus capsulatus str. bath|Gammaproteobacteria|Methylococcales|Methylococcaceae|not trypsin|,not vertebrate,cold,methylococcus capsulatus str. bath,Gammaproteobacteria,Methylococcales,Methylococcaceae,not trypsin,
55241164,gi|55241164|EAA08918__not vertebrate|cold|anopheles gambiae str. pest|Insecta|Diptera|Culicidae|ELSE|,not vertebrate|cold|anopheles gambiae str. pest|Insecta|Diptera|Culicidae|ELSE|,not vertebrate,cold,anopheles gambiae str. pest,Insecta,Diptera,Culicidae,ELSE,
38202317,gi|38202317|AAR14083__not vertebrate|cold|Sarcoptes scabiei type hominis|Arachnida|Astigmata|Sarcoptidae|allergen|,not vertebrate|cold|Sarcoptes scabiei type hominis|Arachnida|Astigmata|Sarcoptidae|allergen|,not vertebrate,cold,Sarcoptes scabiei type hominis,Arachnida,Astigmata,Sarcoptidae,allergen,
304430,gi|304430|AAA70198__vertebrate|warm|Pan troglodytes|Mammalia|Primates|Hominidae|haptoglobin|,vertebrate|warm|Pan troglodytes|Mammalia|Primates|Hominidae|haptoglobin|,vertebrate,warm,Pan troglodytes,Mammalia,Primates,Hominidae,haptoglobin,
26325718__vertebrate,gi|26325718__vertebrate|warm|Mus musculus|Mammalia|Rodentia|Muridae|ELSE|,vertebrate|warm|Mus musculus|Mammalia|Rodentia|Muridae|ELSE|,vertebrate,warm,Mus musculus,Mammalia,Rodentia,Muridae,ELSE,
34855579__vertebrate,gi|34855579__vertebrate|warm|Rattus norvegicus|Mammalia|Rodentia|Muridae|ELSE|,vertebrate|warm|Rattus norvegicus|Mammalia|Rodentia|Muridae|ELSE|,vertebrate,warm,Rattus norvegicus,Mammalia,Rodentia,Muridae,ELSE,
55243528,gi|55243528|EAA06507__not vertebrate|cold|anopheles gambiae str. pest|Insecta|Diptera|Culicidae|ELSE|,not vertebrate|cold|anopheles gambiae str. pest|Insecta|Diptera|Culicidae|ELSE|,not vertebrate,cold,anopheles gambiae str. pest,Insecta,Diptera,Culicidae,ELSE,
55234345,gi|55234345|EAA00672__not vertebrate|cold|anopheles gambiae str. pest|Insecta|Diptera|Culicidae|ELSE|,not vertebrate|cold|anopheles gambiae str. pest|Insecta|Diptera|Culicidae|ELSE|,not vertebrate,cold,anopheles gambiae str. pest,Insecta,Diptera,Culicidae,ELSE,
204657,gi|204657|AAA41349__vertebrate|warm|Rattus norvegicus|Mammalia|Rodentia|Muridae|haptoglobin|,vertebrate|warm|Rattus norvegicus|Mammalia|Rodentia|Muridae|haptoglobin|,vertebrate,warm,Rattus norvegicus,Mammalia,Rodentia,Muridae,haptoglobin,
55240320,gi|55240320|EAA09642__not vertebrate|cold|anopheles gambiae str. pest|Insecta|Diptera|Culicidae|ELSE|,not vertebrate|cold|anopheles gambiae str. pest|Insecta|Diptera|Culicidae|ELSE|,not vertebrate,cold,anopheles gambiae str. pest,Insecta,Diptera,Culicidae,ELSE,
54637982,gi|54637982|EAL27384__not vertebrate|cold|drosophila pseudoobscura|Insecta|Diptera|Drosophilidae|ELSE|,not vertebrate|cold|drosophila pseudoobscura|Insecta|Diptera|Drosophilidae|ELSE|,not vertebrate,cold,drosophila pseudoobscura,Insecta,Diptera,Drosophilidae,ELSE,
18860001__not vertebrate,gi|18860001__not vertebrate|cold|drosophila melanogaster|Insecta|Diptera|Drosophilidae|ELSE|,not vertebrate|cold|drosophila melanogaster|Insecta|Diptera|Drosophilidae|ELSE|,not vertebrate,cold,drosophila melanogaster,Insecta,Diptera,Drosophilidae,ELSE,
8248739,gi|8248739|AAB29697__vertebrate|warm|Mus sp.|Mammalia|Rodentia|Muridae|haptoglobin|,vertebrate|warm|Mus sp.|Mammalia|Rodentia|Muridae|haptoglobin|,vertebrate,warm,Mus sp.,Mammalia,Rodentia,Muridae,haptoglobin,
258499,gi|258499|AAB23859__vertebrate|warm|Canis familiaris|Mammalia|Carnivora|Canidae|haptoglobin|,vertebrate|warm|Canis familiaris|Mammalia|Carnivora|Canidae|haptoglobin|,vertebrate,warm,Canis familiaris,Mammalia,Carnivora,Canidae,haptoglobin,
123511,gi|123511|P19006__vertebrate|warm|Canis familiaris|Mammalia|Carnivora|Canidae|haptoglobin|,vertebrate|warm|Canis familiaris|Mammalia|Carnivora|Canidae|haptoglobin|,vertebrate,warm,Canis familiaris,Mammalia,Carnivora,Canidae,haptoglobin,
73957097__vertebrate,gi|73957097__vertebrate|warm|Canis familiaris|Mammalia|Carnivora|Canidae|haptoglobin|,vertebrate|warm|Canis familiaris|Mammalia|Carnivora|Canidae|haptoglobin|,vertebrate,warm,Canis familiaris,Mammalia,Carnivora,Canidae,haptoglobin,
24646240__not vertebrate,gi|24646240__not vertebrate|cold|drosophila melanogaster|Insecta|Diptera|Drosophilidae|ELSE|,not vertebrate|cold|drosophila melanogaster|Insecta|Diptera|Drosophilidae|ELSE|,not vertebrate,cold,drosophila melanogaster,Insecta,Diptera,Drosophilidae,ELSE,
38202321,gi|38202321|AAR14085__not vertebrate|cold|Sarcoptes scabiei type hominis|Arachnida|Astigmata|Sarcoptidae|allergen|,not vertebrate|cold|Sarcoptes scabiei type hominis|Arachnida|Astigmata|Sarcoptidae|allergen|,not vertebrate,cold,Sarcoptes scabiei type hominis,Arachnida,Astigmata,Sarcoptidae,allergen,
2463066__not vertebrate,gi|2463066__not vertebrate|cold|Helicoverpa armigera|Insecta|Lepidoptera|Noctuidae|ELSE|,not vertebrate|cold|Helicoverpa armigera|Insecta|Lepidoptera|Noctuidae|ELSE|,not vertebrate,cold,Helicoverpa armigera,Insecta,Lepidoptera,Noctuidae,ELSE,
38202323,gi|38202323|AAR14086__not vertebrate|cold|Sarcoptes scabiei type hominis|Arachnida|Astigmata|Sarcoptidae|allergen|,not vertebrate|cold|Sarcoptes scabiei type hominis|Arachnida|Astigmata|Sarcoptidae|allergen|,not vertebrate,cold,Sarcoptes scabiei type hominis,Arachnida,Astigmata,Sarcoptidae,allergen,
55234629,gi|55234629|EAL38781__not vertebrate|cold|anopheles gambiae str. pest|Insecta|Diptera|Culicidae|ELSE|,not vertebrate|cold|anopheles gambiae str. pest|Insecta|Diptera|Culicidae|ELSE|,not vertebrate,cold,anopheles gambiae str. pest,Insecta,Diptera,Culicidae,ELSE,
54639249,gi|54639249|EAL28651__not vertebrate|cold|drosophila pseudoobscura|Insecta|Diptera|Drosophilidae|ELSE|,not vertebrate|cold|drosophila pseudoobscura|Insecta|Diptera|Drosophilidae|ELSE|,not vertebrate,cold,drosophila pseudoobscura,Insecta,Diptera,Drosophilidae,ELSE,
54640824,gi|54640824|EAL29575__not vertebrate|cold|drosophila pseudoobscura|Insecta|Diptera|Drosophilidae|ELSE|,not vertebrate|cold|drosophila pseudoobscura|Insecta|Diptera|Drosophilidae|ELSE|,not vertebrate,cold,drosophila pseudoobscura,Insecta,Diptera,Drosophilidae,ELSE,
224798__vertebrate,gi|224798__vertebrate|warm|Homo sapiens|Mammalia|Primates|Hominidae|cf i|,vertebrate|warm|Homo sapiens|Mammalia|Primates|Hominidae|cf i|,vertebrate,warm,Homo sapiens,Mammalia,Primates,Hominidae,cf i,
73852620__virus,gi|73852620__virus|cold|emiliania huxleyi virus 86|no record|no record|Phycodnaviridae|ELSE|,virus|cold|emiliania huxleyi virus 86|no record|no record|Phycodnaviridae|ELSE|,virus,cold,emiliania huxleyi virus 86,no record,no record,Phycodnaviridae,ELSE,
21064735,gi|21064735|AAM29597__not vertebrate|cold|Drosophila melanogaster|Insecta|Diptera|Drosophilidae|ELSE|,not vertebrate|cold|Drosophila melanogaster|Insecta|Diptera|Drosophilidae|ELSE|,not vertebrate,cold,Drosophila melanogaster,Insecta,Diptera,Drosophilidae,ELSE,
24266652,gi|24266652|AAN52278__not vertebrate|cold|Glossina morsitans morsitans|Insecta|Diptera|Glossinidae|ELSE|,not vertebrate|cold|Glossina morsitans morsitans|Insecta|Diptera|Glossinidae|ELSE|,not vertebrate,cold,Glossina morsitans morsitans,Insecta,Diptera,Glossinidae,ELSE,
55241632,gi|55241632|EAA44807__not vertebrate|cold|anopheles gambiae str. pest|Insecta|Diptera|Culicidae|ELSE|,not vertebrate|cold|anopheles gambiae str. pest|Insecta|Diptera|Culicidae|ELSE|,not vertebrate,cold,anopheles gambiae str. pest,Insecta,Diptera,Culicidae,ELSE,
55233646,gi|55233646|EAA01621__not vertebrate|cold|anopheles gambiae str. pest|Insecta|Diptera|Culicidae|ELSE|,not vertebrate|cold|anopheles gambiae str. pest|Insecta|Diptera|Culicidae|ELSE|,not vertebrate,cold,anopheles gambiae str. pest,Insecta,Diptera,Culicidae,ELSE,
1620396__vertebrate,gi|1620396__vertebrate|warm|Homo sapiens|Mammalia|Primates|Hominidae|haptoglobin|,vertebrate|warm|Homo sapiens|Mammalia|Primates|Hominidae|haptoglobin|,vertebrate,warm,Homo sapiens,Mammalia,Primates,Hominidae,haptoglobin,
38202319,gi|38202319|AAR14084__not vertebrate|cold|Sarcoptes scabiei type hominis|Arachnida|Astigmata|Sarcoptidae|allergen|,not vertebrate|cold|Sarcoptes scabiei type hominis|Arachnida|Astigmata|Sarcoptidae|allergen|,not vertebrate,cold,Sarcoptes scabiei type hominis,Arachnida,Astigmata,Sarcoptidae,allergen,
91093020__not vertebrate,gi|91093020__not vertebrate|cold|Tribolium castaneum|Insecta|Coleoptera|Tenebrionidae|ELSE|,not vertebrate|cold|Tribolium castaneum|Insecta|Coleoptera|Tenebrionidae|ELSE|,not vertebrate,cold,Tribolium castaneum,Insecta,Coleoptera,Tenebrionidae,ELSE,
556620__not vertebrate,gi|556620__not vertebrate|cold|Botryllus schlosseri|Ascidiacea|Stolidobranchia|Botryllidae|ELSE|,not vertebrate|cold|Botryllus schlosseri|Ascidiacea|Stolidobranchia|Botryllidae|ELSE|,not vertebrate,cold,Botryllus schlosseri,Ascidiacea,Stolidobranchia,Botryllidae,ELSE,
55238501,gi|55238501|EAL39893__not vertebrate|cold|anopheles gambiae str. pest|Insecta|Diptera|Culicidae|ELSE|,not vertebrate|cold|anopheles gambiae str. pest|Insecta|Diptera|Culicidae|ELSE|,not vertebrate,cold,anopheles gambiae str. pest,Insecta,Diptera,Culicidae,ELSE,
38202325,gi|38202325|AAR14087__not vertebrate|cold|Sarcoptes scabiei type hominis|Arachnida|Astigmata|Sarcoptidae|allergen|,not vertebrate|cold|Sarcoptes scabiei type hominis|Arachnida|Astigmata|Sarcoptidae|allergen|,not vertebrate,cold,Sarcoptes scabiei type hominis,Arachnida,Astigmata,Sarcoptidae,allergen,
27366647__bacteria,gi|27366647__bacteria|cold|vibrio vulnificus cmcp6|Gammaproteobacteria|Vibrionales|Vibrionaceae|not trypsin|,bacteria|cold|vibrio vulnificus cmcp6|Gammaproteobacteria|Vibrionales|Vibrionaceae|not trypsin|,bacteria,cold,vibrio vulnificus cmcp6,Gammaproteobacteria,Vibrionales,Vibrionaceae,not trypsin,
19527797,gi|19527797|AAL90013__not vertebrate|cold|Drosophila melanogaster|Insecta|Diptera|Drosophilidae|ELSE|,not vertebrate|cold|Drosophila melanogaster|Insecta|Diptera|Drosophilidae|ELSE|,not vertebrate,cold,Drosophila melanogaster,Insecta,Diptera,Drosophilidae,ELSE,
56755137,gi|56755137|AAW25748__not vertebrate|cold|Schistosoma japonicum|Trematoda|Strigeidida|Schistosomatidae|ELSE|,not vertebrate|cold|Schistosoma japonicum|Trematoda|Strigeidida|Schistosomatidae|ELSE|,not vertebrate,cold,Schistosoma japonicum,Trematoda,Strigeidida,Schistosomatidae,ELSE,
66771551,gi|66771551|AAY55087__not vertebrate|cold|Drosophila melanogaster|Insecta|Diptera|Drosophilidae|ELSE|,not vertebrate|cold|Drosophila melanogaster|Insecta|Diptera|Drosophilidae|ELSE|,not vertebrate,cold,Drosophila melanogaster,Insecta,Diptera,Drosophilidae,ELSE,
9658229,gi|9658229|AAF96701__bacteria|cold|Vibrio cholerae O1 biovar eltor str. N16961|Gammaproteobacteria|Vibrionales|Vibrionaceae|ELSE|,bacteria|cold|Vibrio cholerae O1 biovar eltor str. N16961|Gammaproteobacteria|Vibrionales|Vibrionaceae|ELSE|,bacteria,cold,Vibrio cholerae O1 biovar eltor str. N16961,Gammaproteobacteria,Vibrionales,Vibrionaceae,ELSE,
85816142__not vertebrate,gi|85816142__not vertebrate|cold|drosophila melanogaster|Insecta|Diptera|Drosophilidae|ELSE|,not vertebrate|cold|drosophila melanogaster|Insecta|Diptera|Drosophilidae|ELSE|,not vertebrate,cold,drosophila melanogaster,Insecta,Diptera,Drosophilidae,ELSE,
85816286__not vertebrate,gi|85816286__not vertebrate|cold|drosophila melanogaster|Insecta|Diptera|Drosophilidae|ELSE|,not vertebrate|cold|drosophila melanogaster|Insecta|Diptera|Drosophilidae|ELSE|,not vertebrate,cold,drosophila melanogaster,Insecta,Diptera,Drosophilidae,ELSE,
95102830,gi|95102830|ABF51356__not vertebrate|cold|Bombyx mori|Insecta|Lepidoptera|Bombycidae|ELSE|,not vertebrate|cold|Bombyx mori|Insecta|Lepidoptera|Bombycidae|ELSE|,not vertebrate,cold,Bombyx mori,Insecta,Lepidoptera,Bombycidae,ELSE,
47203494__vertebrate,gi|47203494__vertebrate|cold|tetraodon nigroviridis|Actinopterygii|Tetraodontiformes|Tetraodontidae|ELSE|,vertebrate|cold|tetraodon nigroviridis|Actinopterygii|Tetraodontiformes|Tetraodontidae|ELSE|,vertebrate,cold,tetraodon nigroviridis,Actinopterygii,Tetraodontiformes,Tetraodontidae,ELSE,
55234898,gi|55234898|EAL38867__not vertebrate|cold|anopheles gambiae str. pest|Insecta|Diptera|Culicidae|ELSE|,not vertebrate|cold|anopheles gambiae str. pest|Insecta|Diptera|Culicidae|ELSE|,not vertebrate,cold,anopheles gambiae str. pest,Insecta,Diptera,Culicidae,ELSE,
95102922,gi|95102922|ABF51402__not vertebrate|cold|Bombyx mori|Insecta|Lepidoptera|Bombycidae|trypsin|,not vertebrate|cold|Bombyx mori|Insecta|Lepidoptera|Bombycidae|trypsin|,not vertebrate,cold,Bombyx mori,Insecta,Lepidoptera,Bombycidae,trypsin,
55631588__vertebrate,gi|55631588__vertebrate|warm|Pan troglodytes|Mammalia|Primates|Hominidae|ELSE|,vertebrate|warm|Pan troglodytes|Mammalia|Primates|Hominidae|ELSE|,vertebrate,warm,Pan troglodytes,Mammalia,Primates,Hominidae,ELSE,
21355271__not vertebrate,gi|21355271__not vertebrate|cold|drosophila melanogaster|Insecta|Diptera|Drosophilidae|ELSE|,not vertebrate|cold|drosophila melanogaster|Insecta|Diptera|Drosophilidae|ELSE|,not vertebrate,cold,drosophila melanogaster,Insecta,Diptera,Drosophilidae,ELSE,
55238594,gi|55238594|EAA44076__not vertebrate|cold|anopheles gambiae str. pest|Insecta|Diptera|Culicidae|ELSE|,not vertebrate|cold|anopheles gambiae str. pest|Insecta|Diptera|Culicidae|ELSE|,not vertebrate,cold,anopheles gambiae str. pest,Insecta,Diptera,Culicidae,ELSE,
38202343,gi|38202343|AAR14096__not vertebrate|cold|Sarcoptes scabiei type hominis|Arachnida|Astigmata|Sarcoptidae|allergen|,not vertebrate|cold|Sarcoptes scabiei type hominis|Arachnida|Astigmata|Sarcoptidae|allergen|,not vertebrate,cold,Sarcoptes scabiei type hominis,Arachnida,Astigmata,Sarcoptidae,allergen,
54641874,gi|54641874|EAL30624__not vertebrate|cold|drosophila pseudoobscura|Insecta|Diptera|Drosophilidae|ELSE|,not vertebrate|cold|drosophila pseudoobscura|Insecta|Diptera|Drosophilidae|ELSE|,not vertebrate,cold,drosophila pseudoobscura,Insecta,Diptera,Drosophilidae,ELSE,
55236641,gi|55236641|EAA13591__not vertebrate|cold|anopheles gambiae str. pest|Insecta|Diptera|Culicidae|ELSE|,not vertebrate|cold|anopheles gambiae str. pest|Insecta|Diptera|Culicidae|ELSE|,not vertebrate,cold,anopheles gambiae str. pest,Insecta,Diptera,Culicidae,ELSE,
55238595,gi|55238595|EAL39921__not vertebrate|cold|anopheles gambiae str. pest|Insecta|Diptera|Culicidae|ELSE|,not vertebrate|cold|anopheles gambiae str. pest|Insecta|Diptera|Culicidae|ELSE|,not vertebrate,cold,anopheles gambiae str. pest,Insecta,Diptera,Culicidae,ELSE,
66772117,gi|66772117|AAY55370__not vertebrate|cold|Drosophila melanogaster|Insecta|Diptera|Drosophilidae|ELSE|,not vertebrate|cold|Drosophila melanogaster|Insecta|Diptera|Drosophilidae|ELSE|,not vertebrate,cold,Drosophila melanogaster,Insecta,Diptera,Drosophilidae,ELSE,
24660124__not vertebrate,gi|24660124__not vertebrate|cold|drosophila melanogaster|Insecta|Diptera|Drosophilidae|ELSE|,not vertebrate|cold|drosophila melanogaster|Insecta|Diptera|Drosophilidae|ELSE|,not vertebrate,cold,drosophila melanogaster,Insecta,Diptera,Drosophilidae,ELSE,
